solid OpenSCAD_Model
  facet normal 0 0 -1
    outer loop
      vertex 76.787 0 0
      vertex 84.867 8.07999 0
      vertex 84.8281 7.28801 0
    endloop
  endfacet
  facet normal -0 0 -1
    outer loop
      vertex 84.867 8.07999 0
      vertex 76.787 0 0
      vertex 84.867 68.786 0
    endloop
  endfacet
  facet normal 0 0 -1
    outer loop
      vertex 76.787 0 0
      vertex 84.8281 7.28801 0
      vertex 84.7117 6.50366 0
    endloop
  endfacet
  facet normal 0 0 -1
    outer loop
      vertex 76.787 76.866 0
      vertex 84.867 68.786 0
      vertex 76.787 0 0
    endloop
  endfacet
  facet normal 0 0 -1
    outer loop
      vertex 76.787 0 0
      vertex 84.7117 6.50366 0
      vertex 84.5191 5.7345 0
    endloop
  endfacet
  facet normal 0 0 -1
    outer loop
      vertex 84.867 68.786 0
      vertex 76.787 76.866 0
      vertex 84.8281 69.578 0
    endloop
  endfacet
  facet normal 0 0 -1
    outer loop
      vertex 76.787 0 0
      vertex 84.5191 5.7345 0
      vertex 84.2519 4.98792 0
    endloop
  endfacet
  facet normal 0 0 -1
    outer loop
      vertex 84.8281 69.578 0
      vertex 76.787 76.866 0
      vertex 84.7117 70.3623 0
    endloop
  endfacet
  facet normal 0 0 -1
    outer loop
      vertex 76.787 0 0
      vertex 84.2519 4.98792 0
      vertex 83.9129 4.2711 0
    endloop
  endfacet
  facet normal 0 0 -1
    outer loop
      vertex 84.7117 70.3623 0
      vertex 76.787 76.866 0
      vertex 84.5191 71.1315 0
    endloop
  endfacet
  facet normal 0 0 -1
    outer loop
      vertex 76.787 0 0
      vertex 83.9129 4.2711 0
      vertex 83.5053 3.59099 0
    endloop
  endfacet
  facet normal 0 0 -1
    outer loop
      vertex 84.5191 71.1315 0
      vertex 76.787 76.866 0
      vertex 84.2519 71.8781 0
    endloop
  endfacet
  facet normal 0 0 -1
    outer loop
      vertex 76.787 0 0
      vertex 83.5053 3.59099 0
      vertex 83.0329 2.9541 0
    endloop
  endfacet
  facet normal 0 0 -1
    outer loop
      vertex 84.2519 71.8781 0
      vertex 76.787 76.866 0
      vertex 83.9129 72.5949 0
    endloop
  endfacet
  facet normal 0 0 -1
    outer loop
      vertex 76.787 0 0
      vertex 83.0329 2.9541 0
      vertex 82.5004 2.36658 0
    endloop
  endfacet
  facet normal 0 0 -1
    outer loop
      vertex 83.9129 72.5949 0
      vertex 76.787 76.866 0
      vertex 83.5053 73.275 0
    endloop
  endfacet
  facet normal 0 0 -1
    outer loop
      vertex 76.787 0 0
      vertex 82.5004 2.36658 0
      vertex 81.9129 1.83406 0
    endloop
  endfacet
  facet normal 0 0 -1
    outer loop
      vertex 83.5053 73.275 0
      vertex 76.787 76.866 0
      vertex 83.0329 73.9119 0
    endloop
  endfacet
  facet normal 0 0 -1
    outer loop
      vertex 76.787 0 0
      vertex 81.9129 1.83406 0
      vertex 81.276 1.36172 0
    endloop
  endfacet
  facet normal 0 0 -1
    outer loop
      vertex 83.0329 73.9119 0
      vertex 76.787 76.866 0
      vertex 82.5004 74.4994 0
    endloop
  endfacet
  facet normal 0 0 -1
    outer loop
      vertex 76.787 0 0
      vertex 81.276 1.36172 0
      vertex 80.5959 0.954071 0
    endloop
  endfacet
  facet normal 0 0 -1
    outer loop
      vertex 82.5004 74.4994 0
      vertex 76.787 76.866 0
      vertex 81.9129 75.0319 0
    endloop
  endfacet
  facet normal 0 0 -1
    outer loop
      vertex 76.787 0 0
      vertex 80.5959 0.954071 0
      vertex 79.8791 0.615051 0
    endloop
  endfacet
  facet normal 0 0 -1
    outer loop
      vertex 81.9129 75.0319 0
      vertex 76.787 76.866 0
      vertex 81.276 75.5043 0
    endloop
  endfacet
  facet normal 0 0 -1
    outer loop
      vertex 76.787 0 0
      vertex 79.8791 0.615051 0
      vertex 79.1325 0.347916 0
    endloop
  endfacet
  facet normal 0 0 -1
    outer loop
      vertex 81.276 75.5043 0
      vertex 76.787 76.866 0
      vertex 80.5959 75.9119 0
    endloop
  endfacet
  facet normal 0 0 -1
    outer loop
      vertex 76.787 0 0
      vertex 79.1325 0.347916 0
      vertex 78.3633 0.155243 0
    endloop
  endfacet
  facet normal 0 0 -1
    outer loop
      vertex 80.5959 75.9119 0
      vertex 76.787 76.866 0
      vertex 79.8791 76.2509 0
    endloop
  endfacet
  facet normal 0 0 -1
    outer loop
      vertex 76.787 0 0
      vertex 78.3633 0.155243 0
      vertex 77.579 0.0388947 0
    endloop
  endfacet
  facet normal 0 0 -1
    outer loop
      vertex 79.8791 76.2509 0
      vertex 76.787 76.866 0
      vertex 79.1325 76.5181 0
    endloop
  endfacet
  facet normal 0 0 -1
    outer loop
      vertex 79.1325 76.5181 0
      vertex 76.787 76.866 0
      vertex 78.3633 76.7107 0
    endloop
  endfacet
  facet normal 0 0 -1
    outer loop
      vertex 78.3633 76.7107 0
      vertex 76.787 76.866 0
      vertex 77.579 76.8271 0
    endloop
  endfacet
  facet normal 0 0 -1
    outer loop
      vertex 8.07999 0 0
      vertex 76.787 76.866 0
      vertex 76.787 0 0
    endloop
  endfacet
  facet normal 0 0 -1
    outer loop
      vertex 8.07999 0 0
      vertex 8.07999 76.866 0
      vertex 76.787 76.866 0
    endloop
  endfacet
  facet normal 0 0 -1
    outer loop
      vertex 0 8.07999 0
      vertex 8.07999 0 0
      vertex 7.28801 0.0388947 0
    endloop
  endfacet
  facet normal 0 0 -1
    outer loop
      vertex 8.07999 0 0
      vertex 0 8.07999 0
      vertex 8.07999 76.866 0
    endloop
  endfacet
  facet normal 0 0 -1
    outer loop
      vertex 0 8.07999 0
      vertex 7.28801 0.0388947 0
      vertex 6.50366 0.155243 0
    endloop
  endfacet
  facet normal 0 0 -1
    outer loop
      vertex 0 68.786 0
      vertex 8.07999 76.866 0
      vertex 0 8.07999 0
    endloop
  endfacet
  facet normal 0 0 -1
    outer loop
      vertex 0 8.07999 0
      vertex 6.50366 0.155243 0
      vertex 5.7345 0.347916 0
    endloop
  endfacet
  facet normal 0 0 -1
    outer loop
      vertex 8.07999 76.866 0
      vertex 0 68.786 0
      vertex 7.28801 76.8271 0
    endloop
  endfacet
  facet normal 0 0 -1
    outer loop
      vertex 0 8.07999 0
      vertex 5.7345 0.347916 0
      vertex 4.98792 0.615051 0
    endloop
  endfacet
  facet normal 0 0 -1
    outer loop
      vertex 7.28801 76.8271 0
      vertex 0 68.786 0
      vertex 6.50366 76.7107 0
    endloop
  endfacet
  facet normal 0 0 -1
    outer loop
      vertex 0 8.07999 0
      vertex 4.98792 0.615051 0
      vertex 4.2711 0.954071 0
    endloop
  endfacet
  facet normal 0 0 -1
    outer loop
      vertex 6.50366 76.7107 0
      vertex 0 68.786 0
      vertex 5.7345 76.5181 0
    endloop
  endfacet
  facet normal 0 0 -1
    outer loop
      vertex 0 8.07999 0
      vertex 4.2711 0.954071 0
      vertex 3.59099 1.36172 0
    endloop
  endfacet
  facet normal 0 0 -1
    outer loop
      vertex 5.7345 76.5181 0
      vertex 0 68.786 0
      vertex 4.98792 76.2509 0
    endloop
  endfacet
  facet normal 0 0 -1
    outer loop
      vertex 0 8.07999 0
      vertex 3.59099 1.36172 0
      vertex 2.9541 1.83406 0
    endloop
  endfacet
  facet normal 0 0 -1
    outer loop
      vertex 4.98792 76.2509 0
      vertex 0 68.786 0
      vertex 4.2711 75.9119 0
    endloop
  endfacet
  facet normal 0 0 -1
    outer loop
      vertex 0 8.07999 0
      vertex 2.9541 1.83406 0
      vertex 2.36658 2.36658 0
    endloop
  endfacet
  facet normal 0 0 -1
    outer loop
      vertex 4.2711 75.9119 0
      vertex 0 68.786 0
      vertex 3.59099 75.5043 0
    endloop
  endfacet
  facet normal 0 0 -1
    outer loop
      vertex 0 8.07999 0
      vertex 2.36658 2.36658 0
      vertex 1.83406 2.9541 0
    endloop
  endfacet
  facet normal 0 0 -1
    outer loop
      vertex 3.59099 75.5043 0
      vertex 0 68.786 0
      vertex 2.9541 75.0319 0
    endloop
  endfacet
  facet normal 0 0 -1
    outer loop
      vertex 0 8.07999 0
      vertex 1.83406 2.9541 0
      vertex 1.36172 3.59099 0
    endloop
  endfacet
  facet normal 0 0 -1
    outer loop
      vertex 2.9541 75.0319 0
      vertex 0 68.786 0
      vertex 2.36658 74.4994 0
    endloop
  endfacet
  facet normal 0 0 -1
    outer loop
      vertex 0 8.07999 0
      vertex 1.36172 3.59099 0
      vertex 0.954071 4.2711 0
    endloop
  endfacet
  facet normal 0 0 -1
    outer loop
      vertex 2.36658 74.4994 0
      vertex 0 68.786 0
      vertex 1.83406 73.9119 0
    endloop
  endfacet
  facet normal 0 0 -1
    outer loop
      vertex 0 8.07999 0
      vertex 0.954071 4.2711 0
      vertex 0.615051 4.98792 0
    endloop
  endfacet
  facet normal 0 0 -1
    outer loop
      vertex 1.83406 73.9119 0
      vertex 0 68.786 0
      vertex 1.36172 73.275 0
    endloop
  endfacet
  facet normal 0 0 -1
    outer loop
      vertex 0 8.07999 0
      vertex 0.615051 4.98792 0
      vertex 0.347916 5.7345 0
    endloop
  endfacet
  facet normal 0 0 -1
    outer loop
      vertex 1.36172 73.275 0
      vertex 0 68.786 0
      vertex 0.954071 72.5949 0
    endloop
  endfacet
  facet normal 0 0 -1
    outer loop
      vertex 0 8.07999 0
      vertex 0.347916 5.7345 0
      vertex 0.155243 6.50366 0
    endloop
  endfacet
  facet normal 0 0 -1
    outer loop
      vertex 0.954071 72.5949 0
      vertex 0 68.786 0
      vertex 0.615051 71.8781 0
    endloop
  endfacet
  facet normal 0 0 -1
    outer loop
      vertex 0 8.07999 0
      vertex 0.155243 6.50366 0
      vertex 0.0388947 7.28801 0
    endloop
  endfacet
  facet normal 0 0 -1
    outer loop
      vertex 0.615051 71.8781 0
      vertex 0 68.786 0
      vertex 0.347916 71.1315 0
    endloop
  endfacet
  facet normal 0 0 -1
    outer loop
      vertex 0.347916 71.1315 0
      vertex 0 68.786 0
      vertex 0.155243 70.3623 0
    endloop
  endfacet
  facet normal 0 0 -1
    outer loop
      vertex 0.155243 70.3623 0
      vertex 0 68.786 0
      vertex 0.0388947 69.578 0
    endloop
  endfacet
  facet normal -0.989176 -0.146732 0
    outer loop
      vertex 0.155243 6.50366 0
      vertex 0.0388947 7.28801 9.55
      vertex 0.0388947 7.28801 0
    endloop
  endfacet
  facet normal -0.989176 -0.146732 0
    outer loop
      vertex 0.0388947 7.28801 9.55
      vertex 0.155243 6.50366 0
      vertex 0.155243 6.50366 9.55
    endloop
  endfacet
  facet normal -1 0 0
    outer loop
      vertex 0 8.07999 0
      vertex 0 68.786 9.55
      vertex 0 68.786 0
    endloop
  endfacet
  facet normal -1 -0 0
    outer loop
      vertex 0 68.786 9.55
      vertex 0 8.07999 0
      vertex 0 8.07999 9.55
    endloop
  endfacet
  facet normal 0.998796 0.049057 0
    outer loop
      vertex 84.867 68.786 9.55
      vertex 84.8281 69.578 0
      vertex 84.8281 69.578 9.55
    endloop
  endfacet
  facet normal 0.998796 0.049057 0
    outer loop
      vertex 84.8281 69.578 0
      vertex 84.867 68.786 9.55
      vertex 84.867 68.786 0
    endloop
  endfacet
  facet normal -0.998796 -0.0490516 0
    outer loop
      vertex 0.0388947 7.28801 0
      vertex 0 8.07999 9.55
      vertex 0 8.07999 0
    endloop
  endfacet
  facet normal -0.998796 -0.0490516 0
    outer loop
      vertex 0 8.07999 9.55
      vertex 0.0388947 7.28801 0
      vertex 0.0388947 7.28801 9.55
    endloop
  endfacet
  facet normal 0.595685 -0.803218 0
    outer loop
      vertex 81.276 1.36172 0
      vertex 81.9129 1.83406 9.55
      vertex 81.276 1.36172 9.55
    endloop
  endfacet
  facet normal 0.595685 -0.803218 0
    outer loop
      vertex 81.9129 1.83406 9.55
      vertex 81.276 1.36172 0
      vertex 81.9129 1.83406 0
    endloop
  endfacet
  facet normal -0.514064 0.857752 0
    outer loop
      vertex 4.2711 75.9119 0
      vertex 3.59099 75.5043 9.55
      vertex 4.2711 75.9119 9.55
    endloop
  endfacet
  facet normal -0.514064 0.857752 0
    outer loop
      vertex 3.59099 75.5043 9.55
      vertex 4.2711 75.9119 0
      vertex 3.59099 75.5043 0
    endloop
  endfacet
  facet normal -0.146732 -0.989176 0
    outer loop
      vertex 6.50366 0.155243 0
      vertex 7.28801 0.0388947 2.4
      vertex 6.50366 0.155243 2.4
    endloop
  endfacet
  facet normal -0.146732 -0.989176 -0
    outer loop
      vertex 7.28801 0.0388947 2.4
      vertex 6.50366 0.155243 0
      vertex 7.28801 0.0388947 0
    endloop
  endfacet
  facet normal -0.989175 0.146741 0
    outer loop
      vertex 0.0388947 69.578 0
      vertex 0.155243 70.3623 9.55
      vertex 0.155243 70.3623 0
    endloop
  endfacet
  facet normal -0.989175 0.146741 0
    outer loop
      vertex 0.155243 70.3623 9.55
      vertex 0.0388947 69.578 0
      vertex 0.0388947 69.578 9.55
    endloop
  endfacet
  facet normal 0.146805 0.989166 -0
    outer loop
      vertex 78.3633 76.7107 0
      vertex 77.579 76.8271 9.55
      vertex 78.3633 76.7107 9.55
    endloop
  endfacet
  facet normal 0.146805 0.989166 0
    outer loop
      vertex 77.579 76.8271 9.55
      vertex 78.3633 76.7107 0
      vertex 77.579 76.8271 0
    endloop
  endfacet
  facet normal -0.998796 0.0490504 0
    outer loop
      vertex 0 68.786 0
      vertex 0.0388947 69.578 9.55
      vertex 0.0388947 69.578 0
    endloop
  endfacet
  facet normal -0.998796 0.0490504 0
    outer loop
      vertex 0.0388947 69.578 9.55
      vertex 0 68.786 0
      vertex 0 68.786 9.55
    endloop
  endfacet
  facet normal -0 0 1
    outer loop
      vertex 8.07999 76.866 9.55
      vertex 18.4 74.666 9.55
      vertex 18.4 76.866 9.55
    endloop
  endfacet
  facet normal 0 0 1
    outer loop
      vertex 8.07999 76.866 9.55
      vertex 7.48 74.666 9.55
      vertex 18.4 74.666 9.55
    endloop
  endfacet
  facet normal -0 0 1
    outer loop
      vertex 7.28801 76.8271 9.55
      vertex 7.48 74.666 9.55
      vertex 8.07999 76.866 9.55
    endloop
  endfacet
  facet normal 0 0 1
    outer loop
      vertex 7.28801 76.8271 9.55
      vertex 6.96247 74.6406 9.55
      vertex 7.48 74.666 9.55
    endloop
  endfacet
  facet normal -0 0 1
    outer loop
      vertex 6.50366 76.7107 9.55
      vertex 6.96247 74.6406 9.55
      vertex 7.28801 76.8271 9.55
    endloop
  endfacet
  facet normal 0 0 1
    outer loop
      vertex 6.50366 76.7107 9.55
      vertex 6.44991 74.5645 9.55
      vertex 6.96247 74.6406 9.55
    endloop
  endfacet
  facet normal -0 0 1
    outer loop
      vertex 5.7345 76.5181 9.55
      vertex 6.44991 74.5645 9.55
      vertex 6.50366 76.7107 9.55
    endloop
  endfacet
  facet normal 0 0 1
    outer loop
      vertex 6.44991 74.5645 9.55
      vertex 5.7345 76.5181 9.55
      vertex 5.94728 74.4386 9.55
    endloop
  endfacet
  facet normal -0 0 1
    outer loop
      vertex 4.98792 76.2509 9.55
      vertex 5.94728 74.4386 9.55
      vertex 5.7345 76.5181 9.55
    endloop
  endfacet
  facet normal 0 0 1
    outer loop
      vertex 5.94728 74.4386 9.55
      vertex 4.98792 76.2509 9.55
      vertex 5.45943 74.2641 9.55
    endloop
  endfacet
  facet normal -0 0 1
    outer loop
      vertex 4.2711 75.9119 9.55
      vertex 5.45943 74.2641 9.55
      vertex 4.98792 76.2509 9.55
    endloop
  endfacet
  facet normal 0 0 1
    outer loop
      vertex 5.45943 74.2641 9.55
      vertex 4.2711 75.9119 9.55
      vertex 4.99102 74.0425 9.55
    endloop
  endfacet
  facet normal -0 0 1
    outer loop
      vertex 3.59099 75.5043 9.55
      vertex 4.99102 74.0425 9.55
      vertex 4.2711 75.9119 9.55
    endloop
  endfacet
  facet normal 0 0 1
    outer loop
      vertex 4.99102 74.0425 9.55
      vertex 3.59099 75.5043 9.55
      vertex 4.54659 73.7762 9.55
    endloop
  endfacet
  facet normal -0 0 1
    outer loop
      vertex 2.9541 75.0319 9.55
      vertex 4.54659 73.7762 9.55
      vertex 3.59099 75.5043 9.55
    endloop
  endfacet
  facet normal 0 0 1
    outer loop
      vertex 4.54659 73.7762 9.55
      vertex 2.9541 75.0319 9.55
      vertex 4.13039 73.4675 9.55
    endloop
  endfacet
  facet normal -0 0 1
    outer loop
      vertex 2.36658 74.4994 9.55
      vertex 4.13039 73.4675 9.55
      vertex 2.9541 75.0319 9.55
    endloop
  endfacet
  facet normal 0 0 1
    outer loop
      vertex 4.13039 73.4675 9.55
      vertex 2.36658 74.4994 9.55
      vertex 3.74646 73.1195 9.55
    endloop
  endfacet
  facet normal 0 0 1
    outer loop
      vertex 3.74646 73.1195 9.55
      vertex 2.36658 74.4994 9.55
      vertex 3.3985 72.7356 9.55
    endloop
  endfacet
  facet normal -0 0 1
    outer loop
      vertex 1.83406 73.9119 9.55
      vertex 3.3985 72.7356 9.55
      vertex 2.36658 74.4994 9.55
    endloop
  endfacet
  facet normal 0 0 1
    outer loop
      vertex 3.3985 72.7356 9.55
      vertex 1.83406 73.9119 9.55
      vertex 3.08983 72.3194 9.55
    endloop
  endfacet
  facet normal -0 0 1
    outer loop
      vertex 1.36172 73.275 9.55
      vertex 3.08983 72.3194 9.55
      vertex 1.83406 73.9119 9.55
    endloop
  endfacet
  facet normal 0 0 1
    outer loop
      vertex 3.08983 72.3194 9.55
      vertex 1.36172 73.275 9.55
      vertex 2.82344 71.875 9.55
    endloop
  endfacet
  facet normal -0 0 1
    outer loop
      vertex 0.954071 72.5949 9.55
      vertex 2.82344 71.875 9.55
      vertex 1.36172 73.275 9.55
    endloop
  endfacet
  facet normal 0 0 1
    outer loop
      vertex 2.82344 71.875 9.55
      vertex 0.954071 72.5949 9.55
      vertex 2.6019 71.4066 9.55
    endloop
  endfacet
  facet normal -0 0 1
    outer loop
      vertex 0.615051 71.8781 9.55
      vertex 2.6019 71.4066 9.55
      vertex 0.954071 72.5949 9.55
    endloop
  endfacet
  facet normal -0 0 1
    outer loop
      vertex 0.347916 71.1315 9.55
      vertex 2.42734 70.9187 9.55
      vertex 0.615051 71.8781 9.55
    endloop
  endfacet
  facet normal 0 0 1
    outer loop
      vertex 2.6019 71.4066 9.55
      vertex 0.615051 71.8781 9.55
      vertex 2.42734 70.9187 9.55
    endloop
  endfacet
  facet normal 0 0 1
    outer loop
      vertex 6.44991 2.30144 9.55
      vertex 4.8 2.3 9.55
      vertex 6.45962 2.3 9.55
    endloop
  endfacet
  facet normal 0 0 1
    outer loop
      vertex 5.94728 2.42734 9.55
      vertex 4.8 2.3 9.55
      vertex 6.44991 2.30144 9.55
    endloop
  endfacet
  facet normal 0 0 1
    outer loop
      vertex 5.45943 2.6019 9.55
      vertex 4.8 2.3 9.55
      vertex 5.94728 2.42734 9.55
    endloop
  endfacet
  facet normal 0 0 1
    outer loop
      vertex 4.99102 2.82344 9.55
      vertex 4.8 2.3 9.55
      vertex 5.45943 2.6019 9.55
    endloop
  endfacet
  facet normal 0 0 1
    outer loop
      vertex 4.54659 3.08983 9.55
      vertex 4.8 2.3 9.55
      vertex 4.99102 2.82344 9.55
    endloop
  endfacet
  facet normal 0 0 1
    outer loop
      vertex 2.9541 1.83406 9.55
      vertex 4.8 2.3 9.55
      vertex 4.54659 3.08983 9.55
    endloop
  endfacet
  facet normal 0 0 1
    outer loop
      vertex 4.8 2.3 9.55
      vertex 4.2711 0.954071 9.55
      vertex 4.8 0.703927 9.55
    endloop
  endfacet
  facet normal 0 0 1
    outer loop
      vertex 2.9541 1.83406 9.55
      vertex 4.54659 3.08983 9.55
      vertex 4.13039 3.3985 9.55
    endloop
  endfacet
  facet normal 0 0 1
    outer loop
      vertex 2.36658 2.36658 9.55
      vertex 4.13039 3.3985 9.55
      vertex 3.74646 3.74646 9.55
    endloop
  endfacet
  facet normal 0 0 1
    outer loop
      vertex 4.8 2.3 9.55
      vertex 3.59099 1.36172 9.55
      vertex 4.2711 0.954071 9.55
    endloop
  endfacet
  facet normal 0 0 1
    outer loop
      vertex 2.36658 2.36658 9.55
      vertex 3.74646 3.74646 9.55
      vertex 3.3985 4.13039 9.55
    endloop
  endfacet
  facet normal 0 0 1
    outer loop
      vertex 1.83406 2.9541 9.55
      vertex 3.3985 4.13039 9.55
      vertex 3.08983 4.54659 9.55
    endloop
  endfacet
  facet normal 0 0 1
    outer loop
      vertex 4.8 2.3 9.55
      vertex 2.9541 1.83406 9.55
      vertex 3.59099 1.36172 9.55
    endloop
  endfacet
  facet normal 0 0 1
    outer loop
      vertex 1.36172 3.59099 9.55
      vertex 3.08983 4.54659 9.55
      vertex 2.82344 4.99102 9.55
    endloop
  endfacet
  facet normal 0 0 1
    outer loop
      vertex 0.954071 4.2711 9.55
      vertex 2.82344 4.99102 9.55
      vertex 2.6019 5.45943 9.55
    endloop
  endfacet
  facet normal 0 0 1
    outer loop
      vertex 0.615051 4.98792 9.55
      vertex 2.6019 5.45943 9.55
      vertex 2.42734 5.94728 9.55
    endloop
  endfacet
  facet normal 0 0 1
    outer loop
      vertex 4.13039 3.3985 9.55
      vertex 2.36658 2.36658 9.55
      vertex 2.9541 1.83406 9.55
    endloop
  endfacet
  facet normal 0 0 1
    outer loop
      vertex 0.347916 5.7345 9.55
      vertex 2.42734 5.94728 9.55
      vertex 2.30144 6.44991 9.55
    endloop
  endfacet
  facet normal -0 0 1
    outer loop
      vertex 0.155243 6.50366 9.55
      vertex 2.30144 6.44991 9.55
      vertex 2.22542 6.96247 9.55
    endloop
  endfacet
  facet normal -0 0 1
    outer loop
      vertex 0.0388947 7.28801 9.55
      vertex 2.22542 6.96247 9.55
      vertex 2.2 7.48 9.55
    endloop
  endfacet
  facet normal 0 0 1
    outer loop
      vertex 3.3985 4.13039 9.55
      vertex 1.83406 2.9541 9.55
      vertex 2.36658 2.36658 9.55
    endloop
  endfacet
  facet normal 0 0 1
    outer loop
      vertex 2.2 69.386 9.55
      vertex 0 68.786 9.55
      vertex 2.2 7.48 9.55
    endloop
  endfacet
  facet normal 0 0 1
    outer loop
      vertex 2.42734 70.9187 9.55
      vertex 0.347916 71.1315 9.55
      vertex 2.30144 70.4161 9.55
    endloop
  endfacet
  facet normal -0 0 1
    outer loop
      vertex 0 8.07999 9.55
      vertex 2.2 7.48 9.55
      vertex 0 68.786 9.55
    endloop
  endfacet
  facet normal 0 0 1
    outer loop
      vertex 0.155243 70.3623 9.55
      vertex 2.30144 70.4161 9.55
      vertex 0.347916 71.1315 9.55
    endloop
  endfacet
  facet normal 0 -0 1
    outer loop
      vertex 0.0388947 7.28801 9.55
      vertex 2.2 7.48 9.55
      vertex 0 8.07999 9.55
    endloop
  endfacet
  facet normal 0 0 1
    outer loop
      vertex 2.30144 70.4161 9.55
      vertex 0.155243 70.3623 9.55
      vertex 2.22542 69.9035 9.55
    endloop
  endfacet
  facet normal 0 0 1
    outer loop
      vertex 3.08983 4.54659 9.55
      vertex 1.36172 3.59099 9.55
      vertex 1.83406 2.9541 9.55
    endloop
  endfacet
  facet normal 0 0 1
    outer loop
      vertex 0.0388947 69.578 9.55
      vertex 2.22542 69.9035 9.55
      vertex 0.155243 70.3623 9.55
    endloop
  endfacet
  facet normal 0 0 1
    outer loop
      vertex 2.82344 4.99102 9.55
      vertex 0.954071 4.2711 9.55
      vertex 1.36172 3.59099 9.55
    endloop
  endfacet
  facet normal 0 0 1
    outer loop
      vertex 2.22542 69.9035 9.55
      vertex 0.0388947 69.578 9.55
      vertex 2.2 69.386 9.55
    endloop
  endfacet
  facet normal 0 0 1
    outer loop
      vertex 2.6019 5.45943 9.55
      vertex 0.615051 4.98792 9.55
      vertex 0.954071 4.2711 9.55
    endloop
  endfacet
  facet normal 0 0 1
    outer loop
      vertex 2.2 69.386 9.55
      vertex 0.0388947 69.578 9.55
      vertex 0 68.786 9.55
    endloop
  endfacet
  facet normal 0 0 1
    outer loop
      vertex 2.42734 5.94728 9.55
      vertex 0.347916 5.7345 9.55
      vertex 0.615051 4.98792 9.55
    endloop
  endfacet
  facet normal 0 0 1
    outer loop
      vertex 2.30144 6.44991 9.55
      vertex 0.155243 6.50366 9.55
      vertex 0.347916 5.7345 9.55
    endloop
  endfacet
  facet normal 0 0 1
    outer loop
      vertex 2.22542 6.96247 9.55
      vertex 0.0388947 7.28801 9.55
      vertex 0.155243 6.50366 9.55
    endloop
  endfacet
  facet normal -0 0 1
    outer loop
      vertex 82.667 69.386 9.55
      vertex 84.867 68.786 9.55
      vertex 84.8281 69.578 9.55
    endloop
  endfacet
  facet normal 0 0 1
    outer loop
      vertex 84.867 68.786 9.55
      vertex 82.667 69.386 9.55
      vertex 84.867 8.07999 9.55
    endloop
  endfacet
  facet normal -0 0 1
    outer loop
      vertex 82.6416 69.9035 9.55
      vertex 84.8281 69.578 9.55
      vertex 84.7117 70.3623 9.55
    endloop
  endfacet
  facet normal 0 0 1
    outer loop
      vertex 82.667 7.48 9.55
      vertex 84.867 8.07999 9.55
      vertex 82.667 69.386 9.55
    endloop
  endfacet
  facet normal -0 0 1
    outer loop
      vertex 82.5655 70.4161 9.55
      vertex 84.7117 70.3623 9.55
      vertex 84.5191 71.1315 9.55
    endloop
  endfacet
  facet normal 0 0 1
    outer loop
      vertex 84.867 8.07999 9.55
      vertex 82.667 7.48 9.55
      vertex 84.8281 7.28801 9.55
    endloop
  endfacet
  facet normal 0 0 1
    outer loop
      vertex 82.4396 70.9187 9.55
      vertex 84.5191 71.1315 9.55
      vertex 84.2519 71.8781 9.55
    endloop
  endfacet
  facet normal 0 0 1
    outer loop
      vertex 82.6416 6.96247 9.55
      vertex 84.8281 7.28801 9.55
      vertex 82.667 7.48 9.55
    endloop
  endfacet
  facet normal 0 0 1
    outer loop
      vertex 82.2651 71.4066 9.55
      vertex 84.2519 71.8781 9.55
      vertex 83.9129 72.5949 9.55
    endloop
  endfacet
  facet normal 0 0 1
    outer loop
      vertex 84.8281 7.28801 9.55
      vertex 82.6416 6.96247 9.55
      vertex 84.7117 6.50366 9.55
    endloop
  endfacet
  facet normal 0 0 1
    outer loop
      vertex 82.0435 71.875 9.55
      vertex 83.9129 72.5949 9.55
      vertex 83.5053 73.275 9.55
    endloop
  endfacet
  facet normal 0 0 1
    outer loop
      vertex 82.5655 6.44991 9.55
      vertex 84.7117 6.50366 9.55
      vertex 82.6416 6.96247 9.55
    endloop
  endfacet
  facet normal 0 0 1
    outer loop
      vertex 81.7771 72.3194 9.55
      vertex 83.5053 73.275 9.55
      vertex 83.0329 73.9119 9.55
    endloop
  endfacet
  facet normal 0 0 1
    outer loop
      vertex 84.7117 6.50366 9.55
      vertex 82.5655 6.44991 9.55
      vertex 84.5191 5.7345 9.55
    endloop
  endfacet
  facet normal -0 0 1
    outer loop
      vertex 82.4396 5.94728 9.55
      vertex 84.5191 5.7345 9.55
      vertex 82.5655 6.44991 9.55
    endloop
  endfacet
  facet normal 0 0 1
    outer loop
      vertex 84.8281 69.578 9.55
      vertex 82.6416 69.9035 9.55
      vertex 82.667 69.386 9.55
    endloop
  endfacet
  facet normal 0 0 1
    outer loop
      vertex 84.7117 70.3623 9.55
      vertex 82.5655 70.4161 9.55
      vertex 82.6416 69.9035 9.55
    endloop
  endfacet
  facet normal 0 0 1
    outer loop
      vertex 81.4685 72.7356 9.55
      vertex 83.0329 73.9119 9.55
      vertex 82.5004 74.4994 9.55
    endloop
  endfacet
  facet normal 0 0 1
    outer loop
      vertex 84.5191 71.1315 9.55
      vertex 82.4396 70.9187 9.55
      vertex 82.5655 70.4161 9.55
    endloop
  endfacet
  facet normal 0 0 1
    outer loop
      vertex 84.2519 71.8781 9.55
      vertex 82.2651 71.4066 9.55
      vertex 82.4396 70.9187 9.55
    endloop
  endfacet
  facet normal 0 0 1
    outer loop
      vertex 83.9129 72.5949 9.55
      vertex 82.0435 71.875 9.55
      vertex 82.2651 71.4066 9.55
    endloop
  endfacet
  facet normal 0 0 1
    outer loop
      vertex 80.7366 73.4675 9.55
      vertex 82.5004 74.4994 9.55
      vertex 81.9129 75.0319 9.55
    endloop
  endfacet
  facet normal 0 0 1
    outer loop
      vertex 83.5053 73.275 9.55
      vertex 81.7771 72.3194 9.55
      vertex 82.0435 71.875 9.55
    endloop
  endfacet
  facet normal 0 0 1
    outer loop
      vertex 83.0329 73.9119 9.55
      vertex 81.4685 72.7356 9.55
      vertex 81.7771 72.3194 9.55
    endloop
  endfacet
  facet normal 0 0 1
    outer loop
      vertex 80.3204 73.7762 9.55
      vertex 81.9129 75.0319 9.55
      vertex 81.276 75.5043 9.55
    endloop
  endfacet
  facet normal 0 0 1
    outer loop
      vertex 82.5004 74.4994 9.55
      vertex 81.1205 73.1195 9.55
      vertex 81.4685 72.7356 9.55
    endloop
  endfacet
  facet normal 0 0 1
    outer loop
      vertex 82.5004 74.4994 9.55
      vertex 80.7366 73.4675 9.55
      vertex 81.1205 73.1195 9.55
    endloop
  endfacet
  facet normal 0 0 1
    outer loop
      vertex 79.876 74.0425 9.55
      vertex 81.276 75.5043 9.55
      vertex 80.5959 75.9119 9.55
    endloop
  endfacet
  facet normal 0 0 1
    outer loop
      vertex 81.9129 75.0319 9.55
      vertex 80.3204 73.7762 9.55
      vertex 80.7366 73.4675 9.55
    endloop
  endfacet
  facet normal 0 0 1
    outer loop
      vertex 79.4076 74.2641 9.55
      vertex 80.5959 75.9119 9.55
      vertex 79.8791 76.2509 9.55
    endloop
  endfacet
  facet normal 0 0 1
    outer loop
      vertex 81.276 75.5043 9.55
      vertex 79.876 74.0425 9.55
      vertex 80.3204 73.7762 9.55
    endloop
  endfacet
  facet normal 0 0 1
    outer loop
      vertex 80.5959 75.9119 9.55
      vertex 79.4076 74.2641 9.55
      vertex 79.876 74.0425 9.55
    endloop
  endfacet
  facet normal 0 0 1
    outer loop
      vertex 78.9197 74.4386 9.55
      vertex 79.8791 76.2509 9.55
      vertex 79.1325 76.5181 9.55
    endloop
  endfacet
  facet normal 0 0 1
    outer loop
      vertex 79.8791 76.2509 9.55
      vertex 78.9197 74.4386 9.55
      vertex 79.4076 74.2641 9.55
    endloop
  endfacet
  facet normal 0 0 1
    outer loop
      vertex 79.1325 76.5181 9.55
      vertex 78.4171 74.5645 9.55
      vertex 78.9197 74.4386 9.55
    endloop
  endfacet
  facet normal 0 0 1
    outer loop
      vertex 78.3633 76.7107 9.55
      vertex 78.4171 74.5645 9.55
      vertex 79.1325 76.5181 9.55
    endloop
  endfacet
  facet normal 0 0 1
    outer loop
      vertex 78.3633 76.7107 9.55
      vertex 77.9045 74.6406 9.55
      vertex 78.4171 74.5645 9.55
    endloop
  endfacet
  facet normal 0 0 1
    outer loop
      vertex 77.579 76.8271 9.55
      vertex 77.9045 74.6406 9.55
      vertex 78.3633 76.7107 9.55
    endloop
  endfacet
  facet normal 0 0 1
    outer loop
      vertex 77.579 76.8271 9.55
      vertex 77.387 74.666 9.55
      vertex 77.9045 74.6406 9.55
    endloop
  endfacet
  facet normal 0 0 1
    outer loop
      vertex 76.787 76.866 9.55
      vertex 77.387 74.666 9.55
      vertex 77.579 76.8271 9.55
    endloop
  endfacet
  facet normal 0 0 1
    outer loop
      vertex 67.9 74.666 9.55
      vertex 76.787 76.866 9.55
      vertex 67.9 76.866 9.55
    endloop
  endfacet
  facet normal 0 0 1
    outer loop
      vertex 76.787 76.866 9.55
      vertex 67.9 74.666 9.55
      vertex 77.387 74.666 9.55
    endloop
  endfacet
  facet normal 0 0 1
    outer loop
      vertex 84.5191 5.7345 9.55
      vertex 82.4396 5.94728 9.55
      vertex 84.2519 4.98792 9.55
    endloop
  endfacet
  facet normal -0 0 1
    outer loop
      vertex 82.2651 5.45943 9.55
      vertex 84.2519 4.98792 9.55
      vertex 82.4396 5.94728 9.55
    endloop
  endfacet
  facet normal 0 0 1
    outer loop
      vertex 84.2519 4.98792 9.55
      vertex 82.2651 5.45943 9.55
      vertex 83.9129 4.2711 9.55
    endloop
  endfacet
  facet normal -0 0 1
    outer loop
      vertex 82.0435 4.99102 9.55
      vertex 83.9129 4.2711 9.55
      vertex 82.2651 5.45943 9.55
    endloop
  endfacet
  facet normal 0 0 1
    outer loop
      vertex 83.9129 4.2711 9.55
      vertex 82.0435 4.99102 9.55
      vertex 83.5053 3.59099 9.55
    endloop
  endfacet
  facet normal -0 0 1
    outer loop
      vertex 81.7771 4.54659 9.55
      vertex 83.5053 3.59099 9.55
      vertex 82.0435 4.99102 9.55
    endloop
  endfacet
  facet normal 0 0 1
    outer loop
      vertex 83.5053 3.59099 9.55
      vertex 81.7771 4.54659 9.55
      vertex 83.0329 2.9541 9.55
    endloop
  endfacet
  facet normal -0 0 1
    outer loop
      vertex 81.4685 4.13039 9.55
      vertex 83.0329 2.9541 9.55
      vertex 81.7771 4.54659 9.55
    endloop
  endfacet
  facet normal 0 0 1
    outer loop
      vertex 83.0329 2.9541 9.55
      vertex 81.4685 4.13039 9.55
      vertex 82.5004 2.36658 9.55
    endloop
  endfacet
  facet normal -0 0 1
    outer loop
      vertex 81.1205 3.74646 9.55
      vertex 82.5004 2.36658 9.55
      vertex 81.4685 4.13039 9.55
    endloop
  endfacet
  facet normal -0 0 1
    outer loop
      vertex 80.7366 3.3985 9.55
      vertex 82.5004 2.36658 9.55
      vertex 81.1205 3.74646 9.55
    endloop
  endfacet
  facet normal 0 0 1
    outer loop
      vertex 82.5004 2.36658 9.55
      vertex 80.7366 3.3985 9.55
      vertex 81.9129 1.83406 9.55
    endloop
  endfacet
  facet normal -0 0 1
    outer loop
      vertex 80.3204 3.08983 9.55
      vertex 81.9129 1.83406 9.55
      vertex 80.7366 3.3985 9.55
    endloop
  endfacet
  facet normal 0 0 1
    outer loop
      vertex 81.9129 1.83406 9.55
      vertex 80.3204 3.08983 9.55
      vertex 81.276 1.36172 9.55
    endloop
  endfacet
  facet normal -0 0 1
    outer loop
      vertex 79.876 2.82344 9.55
      vertex 81.276 1.36172 9.55
      vertex 80.3204 3.08983 9.55
    endloop
  endfacet
  facet normal 0 0 1
    outer loop
      vertex 81.276 1.36172 9.55
      vertex 79.876 2.82344 9.55
      vertex 80.5959 0.954071 9.55
    endloop
  endfacet
  facet normal -0 0 1
    outer loop
      vertex 79.4076 2.6019 9.55
      vertex 80.5959 0.954071 9.55
      vertex 79.876 2.82344 9.55
    endloop
  endfacet
  facet normal 0 0 1
    outer loop
      vertex 80.5959 0.954071 9.55
      vertex 79.4076 2.6019 9.55
      vertex 79.8791 0.615051 9.55
    endloop
  endfacet
  facet normal -0 0 1
    outer loop
      vertex 78.9197 2.42734 9.55
      vertex 79.8791 0.615051 9.55
      vertex 79.4076 2.6019 9.55
    endloop
  endfacet
  facet normal 0 0 1
    outer loop
      vertex 79.8791 0.615051 9.55
      vertex 78.9197 2.42734 9.55
      vertex 79.1325 0.347916 9.55
    endloop
  endfacet
  facet normal -0 0 1
    outer loop
      vertex 78.4171 2.30144 9.55
      vertex 79.1325 0.347916 9.55
      vertex 78.9197 2.42734 9.55
    endloop
  endfacet
  facet normal 0 0 1
    outer loop
      vertex 78.4171 2.30144 9.55
      vertex 78.3633 0.155243 9.55
      vertex 79.1325 0.347916 9.55
    endloop
  endfacet
  facet normal -0 0 1
    outer loop
      vertex 77.9045 2.22542 9.55
      vertex 78.3633 0.155243 9.55
      vertex 78.4171 2.30144 9.55
    endloop
  endfacet
  facet normal 0 0 1
    outer loop
      vertex 77.9045 2.22542 9.55
      vertex 77.579 0.0388947 9.55
      vertex 78.3633 0.155243 9.55
    endloop
  endfacet
  facet normal -0 0 1
    outer loop
      vertex 77.387 2.2 9.55
      vertex 77.579 0.0388947 9.55
      vertex 77.9045 2.22542 9.55
    endloop
  endfacet
  facet normal 0 0 1
    outer loop
      vertex 77.387 2.2 9.55
      vertex 76.787 0 9.55
      vertex 77.579 0.0388947 9.55
    endloop
  endfacet
  facet normal -0 0 1
    outer loop
      vertex 28.8 2.2 9.55
      vertex 76.787 0 9.55
      vertex 77.387 2.2 9.55
    endloop
  endfacet
  facet normal 0 0 1
    outer loop
      vertex 76.787 0 9.55
      vertex 28.8 2.2 9.55
      vertex 28.8 0 9.55
    endloop
  endfacet
  facet normal -0 0 1
    outer loop
      vertex 32.4 76.866 9.55
      vertex 55.9 74.666 9.55
      vertex 55.9 76.866 9.55
    endloop
  endfacet
  facet normal 0 0 1
    outer loop
      vertex 55.9 74.666 9.55
      vertex 32.4 76.866 9.55
      vertex 32.4 74.666 9.55
    endloop
  endfacet
  facet normal 0.998796 -0.0490583 0
    outer loop
      vertex 84.8281 7.28801 9.55
      vertex 84.867 8.07999 0
      vertex 84.867 8.07999 9.55
    endloop
  endfacet
  facet normal 0.998796 -0.0490583 0
    outer loop
      vertex 84.867 8.07999 0
      vertex 84.8281 7.28801 9.55
      vertex 84.8281 7.28801 0
    endloop
  endfacet
  facet normal 1 -0 0
    outer loop
      vertex 84.867 8.07999 9.55
      vertex 84.867 68.786 0
      vertex 84.867 68.786 9.55
    endloop
  endfacet
  facet normal 1 0 0
    outer loop
      vertex 84.867 68.786 0
      vertex 84.867 8.07999 9.55
      vertex 84.867 8.07999 0
    endloop
  endfacet
  facet normal -0.671575 -0.740937 0
    outer loop
      vertex 2.36658 2.36658 0
      vertex 2.9541 1.83406 9.55
      vertex 2.36658 2.36658 9.55
    endloop
  endfacet
  facet normal -0.671575 -0.740937 -0
    outer loop
      vertex 2.9541 1.83406 9.55
      vertex 2.36658 2.36658 0
      vertex 2.9541 1.83406 0
    endloop
  endfacet
  facet normal 0.740938 0.671574 0
    outer loop
      vertex 83.0329 73.9119 9.55
      vertex 82.5004 74.4994 0
      vertex 82.5004 74.4994 9.55
    endloop
  endfacet
  facet normal 0.740938 0.671574 0
    outer loop
      vertex 82.5004 74.4994 0
      vertex 83.0329 73.9119 9.55
      vertex 83.0329 73.9119 0
    endloop
  endfacet
  facet normal 0 1 0
    outer loop
      vertex 76.787 76.866 9.55
      vertex 67.9 76.866 2.4
      vertex 67.9 76.866 9.55
    endloop
  endfacet
  facet normal 0 1 0
    outer loop
      vertex 76.787 76.866 0
      vertex 55.9 76.866 2.4
      vertex 67.9 76.866 2.4
    endloop
  endfacet
  facet normal 0 1 0
    outer loop
      vertex 55.9 76.866 2.4
      vertex 76.787 76.866 0
      vertex 32.4 76.866 2.4
    endloop
  endfacet
  facet normal 0 1 0
    outer loop
      vertex 8.07999 76.866 0
      vertex 32.4 76.866 2.4
      vertex 76.787 76.866 0
    endloop
  endfacet
  facet normal 0 1 -0
    outer loop
      vertex 76.787 76.866 0
      vertex 67.9 76.866 2.4
      vertex 76.787 76.866 9.55
    endloop
  endfacet
  facet normal 0 1 -0
    outer loop
      vertex 55.9 76.866 2.4
      vertex 32.4 76.866 9.55
      vertex 55.9 76.866 9.55
    endloop
  endfacet
  facet normal 0 1 0
    outer loop
      vertex 32.4 76.866 9.55
      vertex 55.9 76.866 2.4
      vertex 32.4 76.866 2.4
    endloop
  endfacet
  facet normal 0 1 -0
    outer loop
      vertex 18.4 76.866 2.4
      vertex 8.07999 76.866 9.55
      vertex 18.4 76.866 9.55
    endloop
  endfacet
  facet normal 0 1 0
    outer loop
      vertex 18.4 76.866 2.4
      vertex 8.07999 76.866 0
      vertex 8.07999 76.866 9.55
    endloop
  endfacet
  facet normal 0 1 0
    outer loop
      vertex 32.4 76.866 2.4
      vertex 8.07999 76.866 0
      vertex 18.4 76.866 2.4
    endloop
  endfacet
  facet normal 0.049057 0.998796 -0
    outer loop
      vertex 77.579 76.8271 0
      vertex 76.787 76.866 9.55
      vertex 77.579 76.8271 9.55
    endloop
  endfacet
  facet normal 0.049057 0.998796 0
    outer loop
      vertex 76.787 76.866 9.55
      vertex 77.579 76.8271 0
      vertex 76.787 76.866 0
    endloop
  endfacet
  facet normal -0.857722 0.514115 0
    outer loop
      vertex 0.954071 72.5949 0
      vertex 1.36172 73.275 9.55
      vertex 1.36172 73.275 0
    endloop
  endfacet
  facet normal -0.857722 0.514115 0
    outer loop
      vertex 1.36172 73.275 9.55
      vertex 0.954071 72.5949 0
      vertex 0.954071 72.5949 9.55
    endloop
  endfacet
  facet normal -0.0490516 -0.998796 0
    outer loop
      vertex 7.28801 0.0388947 0
      vertex 8.07999 0 2.4
      vertex 7.28801 0.0388947 2.4
    endloop
  endfacet
  facet normal -0.0490516 -0.998796 -0
    outer loop
      vertex 8.07999 0 2.4
      vertex 7.28801 0.0388947 0
      vertex 8.07999 0 0
    endloop
  endfacet
  facet normal 0.904 0.427533 0
    outer loop
      vertex 84.2519 71.8781 9.55
      vertex 83.9129 72.5949 0
      vertex 83.9129 72.5949 9.55
    endloop
  endfacet
  facet normal 0.904 0.427533 0
    outer loop
      vertex 83.9129 72.5949 0
      vertex 84.2519 71.8781 9.55
      vertex 84.2519 71.8781 0
    endloop
  endfacet
  facet normal 0.427533 0.904 -0
    outer loop
      vertex 80.5959 75.9119 0
      vertex 79.8791 76.2509 9.55
      vertex 80.5959 75.9119 9.55
    endloop
  endfacet
  facet normal 0.427533 0.904 0
    outer loop
      vertex 79.8791 76.2509 9.55
      vertex 80.5959 75.9119 0
      vertex 79.8791 76.2509 0
    endloop
  endfacet
  facet normal 0.595734 0.803182 -0
    outer loop
      vertex 81.9129 75.0319 0
      vertex 81.276 75.5043 9.55
      vertex 81.9129 75.0319 9.55
    endloop
  endfacet
  facet normal 0.595734 0.803182 0
    outer loop
      vertex 81.276 75.5043 9.55
      vertex 81.9129 75.0319 0
      vertex 81.276 75.5043 0
    endloop
  endfacet
  facet normal -0.242904 0.97005 0
    outer loop
      vertex 6.50366 76.7107 0
      vertex 5.7345 76.5181 9.55
      vertex 6.50366 76.7107 9.55
    endloop
  endfacet
  facet normal -0.242904 0.97005 0
    outer loop
      vertex 5.7345 76.5181 9.55
      vertex 6.50366 76.7107 0
      vertex 5.7345 76.5181 0
    endloop
  endfacet
  facet normal -0.336967 0.941516 0
    outer loop
      vertex 5.7345 76.5181 0
      vertex 4.98792 76.2509 9.55
      vertex 5.7345 76.5181 9.55
    endloop
  endfacet
  facet normal -0.336967 0.941516 0
    outer loop
      vertex 4.98792 76.2509 9.55
      vertex 5.7345 76.5181 0
      vertex 4.98792 76.2509 0
    endloop
  endfacet
  facet normal -0.740925 0.671587 0
    outer loop
      vertex 1.83406 73.9119 0
      vertex 2.36658 74.4994 9.55
      vertex 2.36658 74.4994 0
    endloop
  endfacet
  facet normal -0.740925 0.671587 0
    outer loop
      vertex 2.36658 74.4994 9.55
      vertex 1.83406 73.9119 0
      vertex 1.83406 73.9119 9.55
    endloop
  endfacet
  facet normal -0.59574 0.803177 0
    outer loop
      vertex 3.59099 75.5043 0
      vertex 2.9541 75.0319 9.55
      vertex 3.59099 75.5043 9.55
    endloop
  endfacet
  facet normal -0.59574 0.803177 0
    outer loop
      vertex 2.9541 75.0319 9.55
      vertex 3.59099 75.5043 0
      vertex 2.9541 75.0319 0
    endloop
  endfacet
  facet normal -0.803218 0.595685 0
    outer loop
      vertex 1.36172 73.275 0
      vertex 1.83406 73.9119 9.55
      vertex 1.83406 73.9119 0
    endloop
  endfacet
  facet normal -0.803218 0.595685 0
    outer loop
      vertex 1.83406 73.9119 9.55
      vertex 1.36172 73.275 0
      vertex 1.36172 73.275 9.55
    endloop
  endfacet
  facet normal -0.941545 0.336887 0
    outer loop
      vertex 0.347916 71.1315 0
      vertex 0.615051 71.8781 9.55
      vertex 0.615051 71.8781 0
    endloop
  endfacet
  facet normal -0.941545 0.336887 0
    outer loop
      vertex 0.615051 71.8781 9.55
      vertex 0.347916 71.1315 0
      vertex 0.347916 71.1315 9.55
    endloop
  endfacet
  facet normal -0.970032 0.242978 0
    outer loop
      vertex 0.155243 70.3623 0
      vertex 0.347916 71.1315 9.55
      vertex 0.347916 71.1315 0
    endloop
  endfacet
  facet normal -0.970032 0.242978 0
    outer loop
      vertex 0.347916 71.1315 9.55
      vertex 0.155243 70.3623 0
      vertex 0.155243 70.3623 9.55
    endloop
  endfacet
  facet normal -0.90399 0.427554 0
    outer loop
      vertex 0.615051 71.8781 0
      vertex 0.954071 72.5949 9.55
      vertex 0.954071 72.5949 0
    endloop
  endfacet
  facet normal -0.90399 0.427554 0
    outer loop
      vertex 0.954071 72.5949 9.55
      vertex 0.615051 71.8781 0
      vertex 0.615051 71.8781 9.55
    endloop
  endfacet
  facet normal 0.671587 -0.740925 0
    outer loop
      vertex 81.9129 1.83406 0
      vertex 82.5004 2.36658 9.55
      vertex 81.9129 1.83406 9.55
    endloop
  endfacet
  facet normal 0.671587 -0.740925 0
    outer loop
      vertex 82.5004 2.36658 9.55
      vertex 81.9129 1.83406 0
      vertex 82.5004 2.36658 0
    endloop
  endfacet
  facet normal 0.803177 -0.59574 0
    outer loop
      vertex 83.0329 2.9541 9.55
      vertex 83.5053 3.59099 0
      vertex 83.5053 3.59099 9.55
    endloop
  endfacet
  facet normal 0.803177 -0.59574 0
    outer loop
      vertex 83.5053 3.59099 0
      vertex 83.0329 2.9541 9.55
      vertex 83.0329 2.9541 0
    endloop
  endfacet
  facet normal 0.904004 -0.427524 0
    outer loop
      vertex 83.9129 4.2711 9.55
      vertex 84.2519 4.98792 0
      vertex 84.2519 4.98792 9.55
    endloop
  endfacet
  facet normal 0.904004 -0.427524 0
    outer loop
      vertex 84.2519 4.98792 0
      vertex 83.9129 4.2711 9.55
      vertex 83.9129 4.2711 0
    endloop
  endfacet
  facet normal 0 -1 0
    outer loop
      vertex 8.07999 0 0
      vertex 28.8 0 2.4
      vertex 8.07999 0 2.4
    endloop
  endfacet
  facet normal 0 -1 -0
    outer loop
      vertex 28.8 0 2.4
      vertex 8.07999 0 0
      vertex 39 0 2.4
    endloop
  endfacet
  facet normal 0 -1 0
    outer loop
      vertex 76.787 0 0
      vertex 39 0 2.4
      vertex 8.07999 0 0
    endloop
  endfacet
  facet normal 0 -1 0
    outer loop
      vertex 28.8 0 9.55
      vertex 39 0 9.4
      vertex 76.787 0 9.55
    endloop
  endfacet
  facet normal 0 -1 0
    outer loop
      vertex 28.8 0 2.4
      vertex 39 0 9.4
      vertex 28.8 0 9.55
    endloop
  endfacet
  facet normal 0 -1 -0
    outer loop
      vertex 39 0 9.4
      vertex 28.8 0 2.4
      vertex 39 0 2.4
    endloop
  endfacet
  facet normal 0 -1 0
    outer loop
      vertex 55 0 9.4
      vertex 76.787 0 9.55
      vertex 39 0 9.4
    endloop
  endfacet
  facet normal 0 -1 0
    outer loop
      vertex 55 0 2.4
      vertex 76.787 0 9.55
      vertex 55 0 9.4
    endloop
  endfacet
  facet normal 0 -1 0
    outer loop
      vertex 55 0 2.4
      vertex 76.787 0 0
      vertex 76.787 0 9.55
    endloop
  endfacet
  facet normal 0 -1 0
    outer loop
      vertex 39 0 2.4
      vertex 76.787 0 0
      vertex 55 0 2.4
    endloop
  endfacet
  facet normal 0.0490504 -0.998796 0
    outer loop
      vertex 76.787 0 0
      vertex 77.579 0.0388947 9.55
      vertex 76.787 0 9.55
    endloop
  endfacet
  facet normal 0.0490504 -0.998796 0
    outer loop
      vertex 77.579 0.0388947 9.55
      vertex 76.787 0 0
      vertex 77.579 0.0388947 0
    endloop
  endfacet
  facet normal -0.970029 -0.24299 0
    outer loop
      vertex 0.347916 5.7345 0
      vertex 0.155243 6.50366 9.55
      vertex 0.155243 6.50366 0
    endloop
  endfacet
  facet normal -0.970029 -0.24299 0
    outer loop
      vertex 0.155243 6.50366 9.55
      vertex 0.347916 5.7345 0
      vertex 0.347916 5.7345 9.55
    endloop
  endfacet
  facet normal 0.970053 0.242892 0
    outer loop
      vertex 84.7117 70.3623 9.55
      vertex 84.5191 71.1315 0
      vertex 84.5191 71.1315 9.55
    endloop
  endfacet
  facet normal 0.970053 0.242892 0
    outer loop
      vertex 84.5191 71.1315 0
      vertex 84.7117 70.3623 9.55
      vertex 84.7117 70.3623 0
    endloop
  endfacet
  facet normal 0.989166 0.146805 0
    outer loop
      vertex 84.8281 69.578 9.55
      vertex 84.7117 70.3623 0
      vertex 84.7117 70.3623 9.55
    endloop
  endfacet
  facet normal 0.989166 0.146805 0
    outer loop
      vertex 84.7117 70.3623 0
      vertex 84.8281 69.578 9.55
      vertex 84.8281 69.578 0
    endloop
  endfacet
  facet normal 0.941519 0.336959 0
    outer loop
      vertex 84.5191 71.1315 9.55
      vertex 84.2519 71.8781 0
      vertex 84.2519 71.8781 9.55
    endloop
  endfacet
  facet normal 0.941519 0.336959 0
    outer loop
      vertex 84.2519 71.8781 0
      vertex 84.5191 71.1315 9.55
      vertex 84.5191 71.1315 0
    endloop
  endfacet
  facet normal 0.803182 0.595734 0
    outer loop
      vertex 83.5053 73.275 9.55
      vertex 83.0329 73.9119 0
      vertex 83.0329 73.9119 9.55
    endloop
  endfacet
  facet normal 0.803182 0.595734 0
    outer loop
      vertex 83.0329 73.9119 0
      vertex 83.5053 73.275 9.55
      vertex 83.5053 73.275 0
    endloop
  endfacet
  facet normal 0.857749 0.514069 0
    outer loop
      vertex 83.9129 72.5949 9.55
      vertex 83.5053 73.275 0
      vertex 83.5053 73.275 9.55
    endloop
  endfacet
  facet normal 0.857749 0.514069 0
    outer loop
      vertex 83.5053 73.275 0
      vertex 83.9129 72.5949 9.55
      vertex 83.9129 72.5949 0
    endloop
  endfacet
  facet normal 0.336959 0.941519 -0
    outer loop
      vertex 79.8791 76.2509 0
      vertex 79.1325 76.5181 9.55
      vertex 79.8791 76.2509 9.55
    endloop
  endfacet
  facet normal 0.336959 0.941519 0
    outer loop
      vertex 79.1325 76.5181 9.55
      vertex 79.8791 76.2509 0
      vertex 79.1325 76.5181 0
    endloop
  endfacet
  facet normal 0.242892 0.970053 -0
    outer loop
      vertex 79.1325 76.5181 0
      vertex 78.3633 76.7107 9.55
      vertex 79.1325 76.5181 9.55
    endloop
  endfacet
  facet normal 0.242892 0.970053 0
    outer loop
      vertex 78.3633 76.7107 9.55
      vertex 79.1325 76.5181 0
      vertex 78.3633 76.7107 0
    endloop
  endfacet
  facet normal 0.514069 0.857749 -0
    outer loop
      vertex 81.276 75.5043 0
      vertex 80.5959 75.9119 9.55
      vertex 81.276 75.5043 9.55
    endloop
  endfacet
  facet normal 0.514069 0.857749 0
    outer loop
      vertex 80.5959 75.9119 9.55
      vertex 81.276 75.5043 0
      vertex 80.5959 75.9119 0
    endloop
  endfacet
  facet normal 0.671574 0.740938 -0
    outer loop
      vertex 82.5004 74.4994 0
      vertex 81.9129 75.0319 9.55
      vertex 82.5004 74.4994 9.55
    endloop
  endfacet
  facet normal 0.671574 0.740938 0
    outer loop
      vertex 81.9129 75.0319 9.55
      vertex 82.5004 74.4994 0
      vertex 81.9129 75.0319 0
    endloop
  endfacet
  facet normal -0.146795 0.989167 0
    outer loop
      vertex 7.28801 76.8271 0
      vertex 6.50366 76.7107 9.55
      vertex 7.28801 76.8271 9.55
    endloop
  endfacet
  facet normal -0.146795 0.989167 0
    outer loop
      vertex 6.50366 76.7107 9.55
      vertex 7.28801 76.8271 0
      vertex 6.50366 76.7107 0
    endloop
  endfacet
  facet normal -0.0490583 0.998796 0
    outer loop
      vertex 8.07999 76.866 0
      vertex 7.28801 76.8271 9.55
      vertex 8.07999 76.866 9.55
    endloop
  endfacet
  facet normal -0.0490583 0.998796 0
    outer loop
      vertex 7.28801 76.8271 9.55
      vertex 8.07999 76.866 0
      vertex 7.28801 76.8271 0
    endloop
  endfacet
  facet normal -0.427524 0.904004 0
    outer loop
      vertex 4.98792 76.2509 0
      vertex 4.2711 75.9119 9.55
      vertex 4.98792 76.2509 9.55
    endloop
  endfacet
  facet normal -0.427524 0.904004 0
    outer loop
      vertex 4.2711 75.9119 9.55
      vertex 4.98792 76.2509 0
      vertex 4.2711 75.9119 0
    endloop
  endfacet
  facet normal -0.671561 0.740949 0
    outer loop
      vertex 2.9541 75.0319 0
      vertex 2.36658 74.4994 9.55
      vertex 2.9541 75.0319 9.55
    endloop
  endfacet
  facet normal -0.671561 0.740949 0
    outer loop
      vertex 2.36658 74.4994 9.55
      vertex 2.9541 75.0319 0
      vertex 2.36658 74.4994 0
    endloop
  endfacet
  facet normal 0.740949 -0.671561 0
    outer loop
      vertex 82.5004 2.36658 9.55
      vertex 83.0329 2.9541 0
      vertex 83.0329 2.9541 9.55
    endloop
  endfacet
  facet normal 0.740949 -0.671561 0
    outer loop
      vertex 83.0329 2.9541 0
      vertex 82.5004 2.36658 9.55
      vertex 82.5004 2.36658 0
    endloop
  endfacet
  facet normal 0.857752 -0.514064 0
    outer loop
      vertex 83.5053 3.59099 9.55
      vertex 83.9129 4.2711 0
      vertex 83.9129 4.2711 9.55
    endloop
  endfacet
  facet normal 0.857752 -0.514064 0
    outer loop
      vertex 83.9129 4.2711 0
      vertex 83.5053 3.59099 9.55
      vertex 83.5053 3.59099 0
    endloop
  endfacet
  facet normal 0.97005 -0.242904 0
    outer loop
      vertex 84.5191 5.7345 9.55
      vertex 84.7117 6.50366 0
      vertex 84.7117 6.50366 9.55
    endloop
  endfacet
  facet normal 0.97005 -0.242904 0
    outer loop
      vertex 84.7117 6.50366 0
      vertex 84.5191 5.7345 9.55
      vertex 84.5191 5.7345 0
    endloop
  endfacet
  facet normal 0.941516 -0.336967 0
    outer loop
      vertex 84.2519 4.98792 9.55
      vertex 84.5191 5.7345 0
      vertex 84.5191 5.7345 9.55
    endloop
  endfacet
  facet normal 0.941516 -0.336967 0
    outer loop
      vertex 84.5191 5.7345 0
      vertex 84.2519 4.98792 9.55
      vertex 84.2519 4.98792 0
    endloop
  endfacet
  facet normal 0.146741 -0.989175 0
    outer loop
      vertex 77.579 0.0388947 0
      vertex 78.3633 0.155243 9.55
      vertex 77.579 0.0388947 9.55
    endloop
  endfacet
  facet normal 0.146741 -0.989175 0
    outer loop
      vertex 78.3633 0.155243 9.55
      vertex 77.579 0.0388947 0
      vertex 78.3633 0.155243 0
    endloop
  endfacet
  facet normal 0.336887 -0.941545 0
    outer loop
      vertex 79.1325 0.347916 0
      vertex 79.8791 0.615051 9.55
      vertex 79.1325 0.347916 9.55
    endloop
  endfacet
  facet normal 0.336887 -0.941545 0
    outer loop
      vertex 79.8791 0.615051 9.55
      vertex 79.1325 0.347916 0
      vertex 79.8791 0.615051 0
    endloop
  endfacet
  facet normal 0.514115 -0.857722 0
    outer loop
      vertex 80.5959 0.954071 0
      vertex 81.276 1.36172 9.55
      vertex 80.5959 0.954071 9.55
    endloop
  endfacet
  facet normal 0.514115 -0.857722 0
    outer loop
      vertex 81.276 1.36172 9.55
      vertex 80.5959 0.954071 0
      vertex 81.276 1.36172 0
    endloop
  endfacet
  facet normal -0.595691 -0.803213 0
    outer loop
      vertex 2.9541 1.83406 0
      vertex 3.59099 1.36172 9.55
      vertex 2.9541 1.83406 9.55
    endloop
  endfacet
  facet normal -0.595691 -0.803213 -0
    outer loop
      vertex 3.59099 1.36172 9.55
      vertex 2.9541 1.83406 0
      vertex 3.59099 1.36172 0
    endloop
  endfacet
  facet normal -0.427545 -0.903994 0
    outer loop
      vertex 4.2711 0.954071 9.55
      vertex 4.8 0.703927 2.4
      vertex 4.8 0.703927 9.55
    endloop
  endfacet
  facet normal -0.427545 -0.903994 0
    outer loop
      vertex 4.2711 0.954071 0
      vertex 4.8 0.703927 2.4
      vertex 4.2711 0.954071 9.55
    endloop
  endfacet
  facet normal -0.427544 -0.903994 -2.85895e-07
    outer loop
      vertex 4.98792 0.615051 0
      vertex 4.8 0.703927 2.4
      vertex 4.2711 0.954071 0
    endloop
  endfacet
  facet normal -0.427541 -0.903996 0
    outer loop
      vertex 4.8 0.703927 2.4
      vertex 4.98792 0.615051 0
      vertex 4.98792 0.615051 2.4
    endloop
  endfacet
  facet normal -0.336895 -0.941542 0
    outer loop
      vertex 4.98792 0.615051 0
      vertex 5.7345 0.347916 2.4
      vertex 4.98792 0.615051 2.4
    endloop
  endfacet
  facet normal -0.336895 -0.941542 -0
    outer loop
      vertex 5.7345 0.347916 2.4
      vertex 4.98792 0.615051 0
      vertex 5.7345 0.347916 0
    endloop
  endfacet
  facet normal -0.857725 -0.514109 0
    outer loop
      vertex 1.36172 3.59099 0
      vertex 0.954071 4.2711 9.55
      vertex 0.954071 4.2711 0
    endloop
  endfacet
  facet normal -0.857725 -0.514109 0
    outer loop
      vertex 0.954071 4.2711 9.55
      vertex 1.36172 3.59099 0
      vertex 1.36172 3.59099 9.55
    endloop
  endfacet
  facet normal -0.740937 -0.671575 0
    outer loop
      vertex 2.36658 2.36658 0
      vertex 1.83406 2.9541 9.55
      vertex 1.83406 2.9541 0
    endloop
  endfacet
  facet normal -0.740937 -0.671575 0
    outer loop
      vertex 1.83406 2.9541 9.55
      vertex 2.36658 2.36658 0
      vertex 2.36658 2.36658 9.55
    endloop
  endfacet
  facet normal -0.941542 -0.336895 0
    outer loop
      vertex 0.615051 4.98792 0
      vertex 0.347916 5.7345 9.55
      vertex 0.347916 5.7345 0
    endloop
  endfacet
  facet normal -0.941542 -0.336895 0
    outer loop
      vertex 0.347916 5.7345 9.55
      vertex 0.615051 4.98792 0
      vertex 0.615051 4.98792 9.55
    endloop
  endfacet
  facet normal 0.989167 -0.146795 0
    outer loop
      vertex 84.7117 6.50366 9.55
      vertex 84.8281 7.28801 0
      vertex 84.8281 7.28801 9.55
    endloop
  endfacet
  facet normal 0.989167 -0.146795 0
    outer loop
      vertex 84.8281 7.28801 0
      vertex 84.7117 6.50366 9.55
      vertex 84.7117 6.50366 0
    endloop
  endfacet
  facet normal 0.242978 -0.970032 0
    outer loop
      vertex 78.3633 0.155243 0
      vertex 79.1325 0.347916 9.55
      vertex 78.3633 0.155243 9.55
    endloop
  endfacet
  facet normal 0.242978 -0.970032 0
    outer loop
      vertex 79.1325 0.347916 9.55
      vertex 78.3633 0.155243 0
      vertex 79.1325 0.347916 0
    endloop
  endfacet
  facet normal 0.427554 -0.90399 0
    outer loop
      vertex 79.8791 0.615051 0
      vertex 80.5959 0.954071 9.55
      vertex 79.8791 0.615051 9.55
    endloop
  endfacet
  facet normal 0.427554 -0.90399 0
    outer loop
      vertex 80.5959 0.954071 9.55
      vertex 79.8791 0.615051 0
      vertex 80.5959 0.954071 0
    endloop
  endfacet
  facet normal -0.514109 -0.857725 0
    outer loop
      vertex 3.59099 1.36172 0
      vertex 4.2711 0.954071 9.55
      vertex 3.59099 1.36172 9.55
    endloop
  endfacet
  facet normal -0.514109 -0.857725 -0
    outer loop
      vertex 4.2711 0.954071 9.55
      vertex 3.59099 1.36172 0
      vertex 4.2711 0.954071 0
    endloop
  endfacet
  facet normal -0.24299 -0.970029 0
    outer loop
      vertex 5.7345 0.347916 0
      vertex 6.50366 0.155243 2.4
      vertex 5.7345 0.347916 2.4
    endloop
  endfacet
  facet normal -0.24299 -0.970029 -0
    outer loop
      vertex 6.50366 0.155243 2.4
      vertex 5.7345 0.347916 0
      vertex 6.50366 0.155243 0
    endloop
  endfacet
  facet normal -0.803213 -0.595691 0
    outer loop
      vertex 1.83406 2.9541 0
      vertex 1.36172 3.59099 9.55
      vertex 1.36172 3.59099 0
    endloop
  endfacet
  facet normal -0.803213 -0.595691 0
    outer loop
      vertex 1.36172 3.59099 9.55
      vertex 1.83406 2.9541 0
      vertex 1.83406 2.9541 9.55
    endloop
  endfacet
  facet normal -0.903994 -0.427544 0
    outer loop
      vertex 0.954071 4.2711 0
      vertex 0.615051 4.98792 9.55
      vertex 0.615051 4.98792 0
    endloop
  endfacet
  facet normal -0.903994 -0.427544 0
    outer loop
      vertex 0.615051 4.98792 9.55
      vertex 0.954071 4.2711 0
      vertex 0.954071 4.2711 9.55
    endloop
  endfacet
  facet normal 1 -0 0
    outer loop
      vertex 18.4 74.666 9.55
      vertex 18.4 76.866 2.4
      vertex 18.4 76.866 9.55
    endloop
  endfacet
  facet normal 1 0 0
    outer loop
      vertex 18.4 76.866 2.4
      vertex 18.4 74.666 9.55
      vertex 18.4 74.666 2.4
    endloop
  endfacet
  facet normal -1 0 0
    outer loop
      vertex 32.4 74.666 2.4
      vertex 32.4 76.866 9.55
      vertex 32.4 76.866 2.4
    endloop
  endfacet
  facet normal -1 -0 0
    outer loop
      vertex 32.4 76.866 9.55
      vertex 32.4 74.666 2.4
      vertex 32.4 74.666 9.55
    endloop
  endfacet
  facet normal 0 0 1
    outer loop
      vertex 67.9 76.866 2.4
      vertex 55.9 76.866 2.4
      vertex 67.9 74.666 2.4
    endloop
  endfacet
  facet normal 0 0 1
    outer loop
      vertex 77.387 74.666 2.4
      vertex 82.667 69.386 2.4
      vertex 82.6416 69.9035 2.4
    endloop
  endfacet
  facet normal 0 0 1
    outer loop
      vertex 82.667 69.386 2.4
      vertex 67.9 74.666 2.4
      vertex 82.667 7.48 2.4
    endloop
  endfacet
  facet normal 0 0 1
    outer loop
      vertex 77.387 74.666 2.4
      vertex 82.6416 69.9035 2.4
      vertex 82.5655 70.4161 2.4
    endloop
  endfacet
  facet normal 0 0 1
    outer loop
      vertex 55 2.2 2.4
      vertex 82.667 7.48 2.4
      vertex 67.9 74.666 2.4
    endloop
  endfacet
  facet normal 0 0 1
    outer loop
      vertex 77.387 74.666 2.4
      vertex 82.5655 70.4161 2.4
      vertex 82.4396 70.9187 2.4
    endloop
  endfacet
  facet normal 0 -0 1
    outer loop
      vertex 77.387 2.2 2.4
      vertex 82.667 7.48 2.4
      vertex 55 2.2 2.4
    endloop
  endfacet
  facet normal 0 0 1
    outer loop
      vertex 77.387 74.666 2.4
      vertex 82.4396 70.9187 2.4
      vertex 82.2651 71.4066 2.4
    endloop
  endfacet
  facet normal 0 0 1
    outer loop
      vertex 82.667 7.48 2.4
      vertex 77.387 2.2 2.4
      vertex 82.6416 6.96247 2.4
    endloop
  endfacet
  facet normal 0 0 1
    outer loop
      vertex 77.387 74.666 2.4
      vertex 82.2651 71.4066 2.4
      vertex 82.0435 71.875 2.4
    endloop
  endfacet
  facet normal 0 0 1
    outer loop
      vertex 82.6416 6.96247 2.4
      vertex 77.387 2.2 2.4
      vertex 82.5655 6.44991 2.4
    endloop
  endfacet
  facet normal 0 0 1
    outer loop
      vertex 77.387 74.666 2.4
      vertex 82.0435 71.875 2.4
      vertex 81.7771 72.3194 2.4
    endloop
  endfacet
  facet normal 0 0 1
    outer loop
      vertex 82.5655 6.44991 2.4
      vertex 77.387 2.2 2.4
      vertex 82.4396 5.94728 2.4
    endloop
  endfacet
  facet normal 0 0 1
    outer loop
      vertex 77.387 74.666 2.4
      vertex 81.7771 72.3194 2.4
      vertex 81.4685 72.7356 2.4
    endloop
  endfacet
  facet normal 0 0 1
    outer loop
      vertex 82.4396 5.94728 2.4
      vertex 77.387 2.2 2.4
      vertex 82.2651 5.45943 2.4
    endloop
  endfacet
  facet normal 0 0 1
    outer loop
      vertex 77.387 74.666 2.4
      vertex 81.4685 72.7356 2.4
      vertex 81.1205 73.1195 2.4
    endloop
  endfacet
  facet normal 0 0 1
    outer loop
      vertex 82.2651 5.45943 2.4
      vertex 77.387 2.2 2.4
      vertex 82.0435 4.99102 2.4
    endloop
  endfacet
  facet normal 0 0 1
    outer loop
      vertex 77.387 74.666 2.4
      vertex 81.1205 73.1195 2.4
      vertex 80.7366 73.4675 2.4
    endloop
  endfacet
  facet normal 0 0 1
    outer loop
      vertex 82.0435 4.99102 2.4
      vertex 77.387 2.2 2.4
      vertex 81.7771 4.54659 2.4
    endloop
  endfacet
  facet normal 0 0 1
    outer loop
      vertex 77.387 74.666 2.4
      vertex 80.7366 73.4675 2.4
      vertex 80.3204 73.7762 2.4
    endloop
  endfacet
  facet normal 0 0 1
    outer loop
      vertex 81.7771 4.54659 2.4
      vertex 77.387 2.2 2.4
      vertex 81.4685 4.13039 2.4
    endloop
  endfacet
  facet normal 0 0 1
    outer loop
      vertex 77.387 74.666 2.4
      vertex 80.3204 73.7762 2.4
      vertex 79.876 74.0425 2.4
    endloop
  endfacet
  facet normal 0 0 1
    outer loop
      vertex 81.1205 3.74646 2.4
      vertex 77.387 2.2 2.4
      vertex 80.7366 3.3985 2.4
    endloop
  endfacet
  facet normal 0 0 1
    outer loop
      vertex 77.387 74.666 2.4
      vertex 79.876 74.0425 2.4
      vertex 79.4076 74.2641 2.4
    endloop
  endfacet
  facet normal 0 0 1
    outer loop
      vertex 80.7366 3.3985 2.4
      vertex 77.387 2.2 2.4
      vertex 80.3204 3.08983 2.4
    endloop
  endfacet
  facet normal 0 0 1
    outer loop
      vertex 77.387 74.666 2.4
      vertex 79.4076 74.2641 2.4
      vertex 78.9197 74.4386 2.4
    endloop
  endfacet
  facet normal 0 0 1
    outer loop
      vertex 82.667 69.386 2.4
      vertex 77.387 74.666 2.4
      vertex 67.9 74.666 2.4
    endloop
  endfacet
  facet normal 0 0 1
    outer loop
      vertex 77.387 74.666 2.4
      vertex 78.9197 74.4386 2.4
      vertex 78.4171 74.5645 2.4
    endloop
  endfacet
  facet normal 0 0 1
    outer loop
      vertex 80.3204 3.08983 2.4
      vertex 77.387 2.2 2.4
      vertex 79.876 2.82344 2.4
    endloop
  endfacet
  facet normal 0 0 1
    outer loop
      vertex 77.387 74.666 2.4
      vertex 78.4171 74.5645 2.4
      vertex 77.9045 74.6406 2.4
    endloop
  endfacet
  facet normal 0 0 1
    outer loop
      vertex 79.4076 2.6019 2.4
      vertex 77.387 2.2 2.4
      vertex 78.9197 2.42734 2.4
    endloop
  endfacet
  facet normal 0 0 1
    outer loop
      vertex 78.9197 2.42734 2.4
      vertex 77.387 2.2 2.4
      vertex 78.4171 2.30144 2.4
    endloop
  endfacet
  facet normal 0 0 1
    outer loop
      vertex 78.4171 2.30144 2.4
      vertex 77.387 2.2 2.4
      vertex 77.9045 2.22542 2.4
    endloop
  endfacet
  facet normal 0 0 1
    outer loop
      vertex 79.876 2.82344 2.4
      vertex 77.387 2.2 2.4
      vertex 79.4076 2.6019 2.4
    endloop
  endfacet
  facet normal 0 0 1
    outer loop
      vertex 55.9 74.666 2.4
      vertex 67.9 74.666 2.4
      vertex 55.9 76.866 2.4
    endloop
  endfacet
  facet normal 0 0 1
    outer loop
      vertex 55 2.2 2.4
      vertex 67.9 74.666 2.4
      vertex 55.9 74.666 2.4
    endloop
  endfacet
  facet normal 0 0 1
    outer loop
      vertex 81.4685 4.13039 2.4
      vertex 77.387 2.2 2.4
      vertex 81.1205 3.74646 2.4
    endloop
  endfacet
  facet normal 0 0 1
    outer loop
      vertex 55 2.2 2.4
      vertex 39 2.2 2.4
      vertex 55 0 2.4
    endloop
  endfacet
  facet normal 0 0 1
    outer loop
      vertex 55.9 74.666 2.4
      vertex 39 2.2 2.4
      vertex 55 2.2 2.4
    endloop
  endfacet
  facet normal -0 0 1
    outer loop
      vertex 32.4 74.666 2.4
      vertex 39 2.2 2.4
      vertex 55.9 74.666 2.4
    endloop
  endfacet
  facet normal 0 0 1
    outer loop
      vertex 39 2.2 2.4
      vertex 32.4 74.666 2.4
      vertex 28.8 2.2 2.4
    endloop
  endfacet
  facet normal 0 0 1
    outer loop
      vertex 18.4 74.666 2.4
      vertex 32.4 74.666 2.4
      vertex 32.4 76.866 2.4
    endloop
  endfacet
  facet normal 0 0 1
    outer loop
      vertex 18.4 74.666 2.4
      vertex 32.4 76.866 2.4
      vertex 18.4 76.866 2.4
    endloop
  endfacet
  facet normal 0 0 1
    outer loop
      vertex 32.4 74.666 2.4
      vertex 18.4 74.666 2.4
      vertex 28.8 2.2 2.4
    endloop
  endfacet
  facet normal -0 0 1
    outer loop
      vertex 2.2 7.48 2.4
      vertex 28.8 2.2 2.4
      vertex 18.4 74.666 2.4
    endloop
  endfacet
  facet normal -0 -0 1
    outer loop
      vertex 6.45962 2.3 2.4
      vertex 28.8 2.2 2.4
      vertex 2.2 7.48 2.4
    endloop
  endfacet
  facet normal 0 0 1
    outer loop
      vertex 2.2 69.386 2.4
      vertex 18.4 74.666 2.4
      vertex 7.48 74.666 2.4
    endloop
  endfacet
  facet normal 0 0 1
    outer loop
      vertex 28.8 2.2 2.4
      vertex 8.07999 0 2.4
      vertex 28.8 0 2.4
    endloop
  endfacet
  facet normal 0 0 1
    outer loop
      vertex 2.2 69.386 2.4
      vertex 7.48 74.666 2.4
      vertex 6.96247 74.6406 2.4
    endloop
  endfacet
  facet normal 0 0 1
    outer loop
      vertex 8.07999 0 2.4
      vertex 6.45962 2.3 2.4
      vertex 7.28801 0.0388947 2.4
    endloop
  endfacet
  facet normal 0 0 1
    outer loop
      vertex 7.28801 0.0388947 2.4
      vertex 6.45962 2.3 2.4
      vertex 6.50366 0.155243 2.4
    endloop
  endfacet
  facet normal 0 0 1
    outer loop
      vertex 2.2 69.386 2.4
      vertex 6.96247 74.6406 2.4
      vertex 6.44991 74.5645 2.4
    endloop
  endfacet
  facet normal 0 0 1
    outer loop
      vertex 18.4 74.666 2.4
      vertex 2.2 69.386 2.4
      vertex 2.2 7.48 2.4
    endloop
  endfacet
  facet normal 0 0 1
    outer loop
      vertex 2.2 69.386 2.4
      vertex 6.44991 74.5645 2.4
      vertex 5.94728 74.4386 2.4
    endloop
  endfacet
  facet normal 0 -0 1
    outer loop
      vertex 8.07999 0 2.4
      vertex 28.8 2.2 2.4
      vertex 6.45962 2.3 2.4
    endloop
  endfacet
  facet normal 0 0 1
    outer loop
      vertex 2.2 69.386 2.4
      vertex 5.94728 74.4386 2.4
      vertex 5.45943 74.2641 2.4
    endloop
  endfacet
  facet normal -0 -0 1
    outer loop
      vertex 5.94728 2.42734 2.4
      vertex 6.45962 2.3 2.4
      vertex 2.2 7.48 2.4
    endloop
  endfacet
  facet normal 0 0 1
    outer loop
      vertex 2.2 69.386 2.4
      vertex 5.45943 74.2641 2.4
      vertex 4.99102 74.0425 2.4
    endloop
  endfacet
  facet normal 0 0 1
    outer loop
      vertex 6.45962 2.3 2.4
      vertex 5.94728 2.42734 2.4
      vertex 6.44991 2.30144 2.4
    endloop
  endfacet
  facet normal 0 0 1
    outer loop
      vertex 2.2 69.386 2.4
      vertex 4.99102 74.0425 2.4
      vertex 4.54659 73.7762 2.4
    endloop
  endfacet
  facet normal 0 0 1
    outer loop
      vertex 5.94728 2.42734 2.4
      vertex 2.2 7.48 2.4
      vertex 5.45943 2.6019 2.4
    endloop
  endfacet
  facet normal 0 0 1
    outer loop
      vertex 2.2 69.386 2.4
      vertex 4.54659 73.7762 2.4
      vertex 4.13039 73.4675 2.4
    endloop
  endfacet
  facet normal 0 0 1
    outer loop
      vertex 5.45943 2.6019 2.4
      vertex 2.2 7.48 2.4
      vertex 4.99102 2.82344 2.4
    endloop
  endfacet
  facet normal 0 0 1
    outer loop
      vertex 2.2 69.386 2.4
      vertex 4.13039 73.4675 2.4
      vertex 3.74646 73.1195 2.4
    endloop
  endfacet
  facet normal 0 0 1
    outer loop
      vertex 4.99102 2.82344 2.4
      vertex 2.2 7.48 2.4
      vertex 4.54659 3.08983 2.4
    endloop
  endfacet
  facet normal 0 0 1
    outer loop
      vertex 2.2 69.386 2.4
      vertex 3.74646 73.1195 2.4
      vertex 3.3985 72.7356 2.4
    endloop
  endfacet
  facet normal 0 0 1
    outer loop
      vertex 4.54659 3.08983 2.4
      vertex 2.2 7.48 2.4
      vertex 4.13039 3.3985 2.4
    endloop
  endfacet
  facet normal 0 0 1
    outer loop
      vertex 2.2 69.386 2.4
      vertex 3.3985 72.7356 2.4
      vertex 3.08983 72.3194 2.4
    endloop
  endfacet
  facet normal 0 0 1
    outer loop
      vertex 4.13039 3.3985 2.4
      vertex 2.2 7.48 2.4
      vertex 3.74646 3.74646 2.4
    endloop
  endfacet
  facet normal 0 0 1
    outer loop
      vertex 2.2 69.386 2.4
      vertex 3.08983 72.3194 2.4
      vertex 2.82344 71.875 2.4
    endloop
  endfacet
  facet normal 0 0 1
    outer loop
      vertex 3.74646 3.74646 2.4
      vertex 2.2 7.48 2.4
      vertex 3.3985 4.13039 2.4
    endloop
  endfacet
  facet normal 0 0 1
    outer loop
      vertex 2.2 69.386 2.4
      vertex 2.82344 71.875 2.4
      vertex 2.6019 71.4066 2.4
    endloop
  endfacet
  facet normal 0 0 1
    outer loop
      vertex 3.3985 4.13039 2.4
      vertex 2.2 7.48 2.4
      vertex 3.08983 4.54659 2.4
    endloop
  endfacet
  facet normal 0 0 1
    outer loop
      vertex 2.2 69.386 2.4
      vertex 2.6019 71.4066 2.4
      vertex 2.42734 70.9187 2.4
    endloop
  endfacet
  facet normal 0 0 1
    outer loop
      vertex 3.08983 4.54659 2.4
      vertex 2.2 7.48 2.4
      vertex 2.82344 4.99102 2.4
    endloop
  endfacet
  facet normal 0 0 1
    outer loop
      vertex 2.2 69.386 2.4
      vertex 2.42734 70.9187 2.4
      vertex 2.30144 70.4161 2.4
    endloop
  endfacet
  facet normal 0 0 1
    outer loop
      vertex 2.82344 4.99102 2.4
      vertex 2.2 7.48 2.4
      vertex 2.6019 5.45943 2.4
    endloop
  endfacet
  facet normal 0 0 1
    outer loop
      vertex 2.2 69.386 2.4
      vertex 2.30144 70.4161 2.4
      vertex 2.22542 69.9035 2.4
    endloop
  endfacet
  facet normal 0 0 1
    outer loop
      vertex 2.6019 5.45943 2.4
      vertex 2.2 7.48 2.4
      vertex 2.42734 5.94728 2.4
    endloop
  endfacet
  facet normal 0 0 1
    outer loop
      vertex 2.42734 5.94728 2.4
      vertex 2.2 7.48 2.4
      vertex 2.30144 6.44991 2.4
    endloop
  endfacet
  facet normal 0 0 1
    outer loop
      vertex 2.30144 6.44991 2.4
      vertex 2.2 7.48 2.4
      vertex 2.22542 6.96247 2.4
    endloop
  endfacet
  facet normal 0 0 1
    outer loop
      vertex 55 0 2.4
      vertex 39 2.2 2.4
      vertex 39 0 2.4
    endloop
  endfacet
  facet normal 0 0 1
    outer loop
      vertex 6.45962 2.3 2.4
      vertex 5.7345 0.347916 2.4
      vertex 6.50366 0.155243 2.4
    endloop
  endfacet
  facet normal 0 0 1
    outer loop
      vertex 6.45962 2.3 2.4
      vertex 4.98792 0.615051 2.4
      vertex 5.7345 0.347916 2.4
    endloop
  endfacet
  facet normal -0 0 1
    outer loop
      vertex 4.8 2.3 2.4
      vertex 4.98792 0.615051 2.4
      vertex 6.45962 2.3 2.4
    endloop
  endfacet
  facet normal 0 0 1
    outer loop
      vertex 4.98792 0.615051 2.4
      vertex 4.8 2.3 2.4
      vertex 4.8 0.703927 2.4
    endloop
  endfacet
  facet normal 1 -0 0
    outer loop
      vertex 55.9 74.666 9.55
      vertex 55.9 76.866 2.4
      vertex 55.9 76.866 9.55
    endloop
  endfacet
  facet normal 1 0 0
    outer loop
      vertex 55.9 76.866 2.4
      vertex 55.9 74.666 9.55
      vertex 55.9 74.666 2.4
    endloop
  endfacet
  facet normal -1 0 0
    outer loop
      vertex 67.9 74.666 2.4
      vertex 67.9 76.866 9.55
      vertex 67.9 76.866 2.4
    endloop
  endfacet
  facet normal -1 -0 0
    outer loop
      vertex 67.9 76.866 9.55
      vertex 67.9 74.666 2.4
      vertex 67.9 74.666 9.55
    endloop
  endfacet
  facet normal 1 -0 0
    outer loop
      vertex 4.8 0.703927 9.55
      vertex 4.8 2.3 2.4
      vertex 4.8 2.3 9.55
    endloop
  endfacet
  facet normal 1 0 0
    outer loop
      vertex 4.8 2.3 2.4
      vertex 4.8 0.703927 9.55
      vertex 4.8 0.703927 2.4
    endloop
  endfacet
  facet normal -1 0 0
    outer loop
      vertex 28.8 0 2.4
      vertex 28.8 2.2 9.55
      vertex 28.8 2.2 2.4
    endloop
  endfacet
  facet normal -1 -0 0
    outer loop
      vertex 28.8 2.2 9.55
      vertex 28.8 0 2.4
      vertex 28.8 0 9.55
    endloop
  endfacet
  facet normal 0 -1 0
    outer loop
      vertex 4.8 2.3 2.4
      vertex 6.45962 2.3 9.55
      vertex 4.8 2.3 9.55
    endloop
  endfacet
  facet normal 0 -1 -0
    outer loop
      vertex 6.45962 2.3 9.55
      vertex 4.8 2.3 2.4
      vertex 6.45962 2.3 2.4
    endloop
  endfacet
  facet normal 1 -0 0
    outer loop
      vertex 39 0 9.4
      vertex 39 2.2 2.4
      vertex 39 2.2 9.4
    endloop
  endfacet
  facet normal 1 0 0
    outer loop
      vertex 39 2.2 2.4
      vertex 39 0 9.4
      vertex 39 0 2.4
    endloop
  endfacet
  facet normal 0 0 -1
    outer loop
      vertex 39 0 9.4
      vertex 55 2.2 9.4
      vertex 55 0 9.4
    endloop
  endfacet
  facet normal -0 0 -1
    outer loop
      vertex 55 2.2 9.4
      vertex 39 0 9.4
      vertex 39 2.2 9.4
    endloop
  endfacet
  facet normal -1 0 0
    outer loop
      vertex 55 0 2.4
      vertex 55 2.2 9.4
      vertex 55 2.2 2.4
    endloop
  endfacet
  facet normal -1 -0 0
    outer loop
      vertex 55 2.2 9.4
      vertex 55 0 2.4
      vertex 55 0 9.4
    endloop
  endfacet
  facet normal 0.98918 0.14671 0
    outer loop
      vertex 2.30144 6.44991 9.55
      vertex 2.22542 6.96247 2.4
      vertex 2.22542 6.96247 9.55
    endloop
  endfacet
  facet normal 0.98918 0.14671 0
    outer loop
      vertex 2.22542 6.96247 2.4
      vertex 2.30144 6.44991 9.55
      vertex 2.30144 6.44991 2.4
    endloop
  endfacet
  facet normal 0.970032 0.242976 0
    outer loop
      vertex 2.42734 5.94728 9.55
      vertex 2.30144 6.44991 2.4
      vertex 2.30144 6.44991 9.55
    endloop
  endfacet
  facet normal 0.970032 0.242976 0
    outer loop
      vertex 2.30144 6.44991 2.4
      vertex 2.42734 5.94728 9.55
      vertex 2.42734 5.94728 2.4
    endloop
  endfacet
  facet normal 0.998796 -0.0490616 0
    outer loop
      vertex 2.2 69.386 9.55
      vertex 2.22542 69.9035 2.4
      vertex 2.22542 69.9035 9.55
    endloop
  endfacet
  facet normal 0.998796 -0.0490616 0
    outer loop
      vertex 2.22542 69.9035 2.4
      vertex 2.2 69.386 9.55
      vertex 2.2 69.386 2.4
    endloop
  endfacet
  facet normal 0 1 0
    outer loop
      vertex 77.387 2.2 9.55
      vertex 55 2.2 9.4
      vertex 28.8 2.2 9.55
    endloop
  endfacet
  facet normal 0 1 -0
    outer loop
      vertex 77.387 2.2 2.4
      vertex 55 2.2 9.4
      vertex 77.387 2.2 9.55
    endloop
  endfacet
  facet normal 0 1 0
    outer loop
      vertex 55 2.2 9.4
      vertex 77.387 2.2 2.4
      vertex 55 2.2 2.4
    endloop
  endfacet
  facet normal 0 1 -0
    outer loop
      vertex 39 2.2 9.4
      vertex 28.8 2.2 9.55
      vertex 55 2.2 9.4
    endloop
  endfacet
  facet normal 0 1 0
    outer loop
      vertex 28.8 2.2 2.4
      vertex 39 2.2 9.4
      vertex 39 2.2 2.4
    endloop
  endfacet
  facet normal 0 1 0
    outer loop
      vertex 39 2.2 9.4
      vertex 28.8 2.2 2.4
      vertex 28.8 2.2 9.55
    endloop
  endfacet
  facet normal -0.998798 -0.0490231 0
    outer loop
      vertex 82.667 69.386 2.4
      vertex 82.6416 69.9035 9.55
      vertex 82.6416 69.9035 2.4
    endloop
  endfacet
  facet normal -0.998798 -0.0490231 0
    outer loop
      vertex 82.6416 69.9035 9.55
      vertex 82.667 69.386 2.4
      vertex 82.667 69.386 9.55
    endloop
  endfacet
  facet normal -1 0 0
    outer loop
      vertex 82.667 7.48 2.4
      vertex 82.667 69.386 9.55
      vertex 82.667 69.386 2.4
    endloop
  endfacet
  facet normal -1 -0 0
    outer loop
      vertex 82.667 69.386 9.55
      vertex 82.667 7.48 2.4
      vertex 82.667 7.48 9.55
    endloop
  endfacet
  facet normal 0.998796 0.0490588 0
    outer loop
      vertex 2.22542 6.96247 9.55
      vertex 2.2 7.48 2.4
      vertex 2.2 7.48 9.55
    endloop
  endfacet
  facet normal 0.998796 0.0490588 0
    outer loop
      vertex 2.2 7.48 2.4
      vertex 2.22542 6.96247 9.55
      vertex 2.22542 6.96247 2.4
    endloop
  endfacet
  facet normal 1 -0 0
    outer loop
      vertex 2.2 7.48 9.55
      vertex 2.2 69.386 2.4
      vertex 2.2 69.386 9.55
    endloop
  endfacet
  facet normal 1 0 0
    outer loop
      vertex 2.2 69.386 2.4
      vertex 2.2 7.48 9.55
      vertex 2.2 7.48 2.4
    endloop
  endfacet
  facet normal 0.671587 -0.740926 0
    outer loop
      vertex 3.74646 73.1195 2.4
      vertex 4.13039 73.4675 9.55
      vertex 3.74646 73.1195 9.55
    endloop
  endfacet
  facet normal 0.671587 -0.740926 0
    outer loop
      vertex 4.13039 73.4675 9.55
      vertex 3.74646 73.1195 2.4
      vertex 4.13039 73.4675 2.4
    endloop
  endfacet
  facet normal -0.941589 -0.336764 0
    outer loop
      vertex 82.4396 70.9187 2.4
      vertex 82.2651 71.4066 9.55
      vertex 82.2651 71.4066 2.4
    endloop
  endfacet
  facet normal -0.941589 -0.336764 0
    outer loop
      vertex 82.2651 71.4066 9.55
      vertex 82.4396 70.9187 2.4
      vertex 82.4396 70.9187 9.55
    endloop
  endfacet
  facet normal -0.59573 -0.803184 0
    outer loop
      vertex 80.3204 73.7762 2.4
      vertex 80.7366 73.4675 9.55
      vertex 80.3204 73.7762 9.55
    endloop
  endfacet
  facet normal -0.59573 -0.803184 -0
    outer loop
      vertex 80.7366 73.4675 9.55
      vertex 80.3204 73.7762 2.4
      vertex 80.7366 73.4675 2.4
    endloop
  endfacet
  facet normal 0.0490203 -0.998798 0
    outer loop
      vertex 6.96247 74.6406 2.4
      vertex 7.48 74.666 9.55
      vertex 6.96247 74.6406 9.55
    endloop
  endfacet
  facet normal 0.0490203 -0.998798 0
    outer loop
      vertex 7.48 74.666 9.55
      vertex 6.96247 74.6406 2.4
      vertex 7.48 74.666 2.4
    endloop
  endfacet
  facet normal 0 -1 0
    outer loop
      vertex 67.9 74.666 2.4
      vertex 77.387 74.666 9.55
      vertex 67.9 74.666 9.55
    endloop
  endfacet
  facet normal 0 -1 -0
    outer loop
      vertex 77.387 74.666 9.55
      vertex 67.9 74.666 2.4
      vertex 77.387 74.666 2.4
    endloop
  endfacet
  facet normal 0 -1 0
    outer loop
      vertex 7.48 74.666 2.4
      vertex 18.4 74.666 9.55
      vertex 7.48 74.666 9.55
    endloop
  endfacet
  facet normal 0 -1 -0
    outer loop
      vertex 18.4 74.666 9.55
      vertex 7.48 74.666 2.4
      vertex 18.4 74.666 2.4
    endloop
  endfacet
  facet normal 0 -1 0
    outer loop
      vertex 32.4 74.666 2.4
      vertex 55.9 74.666 9.55
      vertex 32.4 74.666 9.55
    endloop
  endfacet
  facet normal 0 -1 -0
    outer loop
      vertex 55.9 74.666 9.55
      vertex 32.4 74.666 2.4
      vertex 55.9 74.666 2.4
    endloop
  endfacet
  facet normal -0.989159 -0.146849 0
    outer loop
      vertex 82.6416 69.9035 2.4
      vertex 82.5655 70.4161 9.55
      vertex 82.5655 70.4161 2.4
    endloop
  endfacet
  facet normal -0.989159 -0.146849 0
    outer loop
      vertex 82.5655 70.4161 9.55
      vertex 82.6416 69.9035 2.4
      vertex 82.6416 69.9035 9.55
    endloop
  endfacet
  facet normal 0.146696 0.989182 -0
    outer loop
      vertex 6.45962 2.3 2.4
      vertex 6.44991 2.30144 9.55
      vertex 6.45962 2.3 9.55
    endloop
  endfacet
  facet normal 0.146696 0.989182 0
    outer loop
      vertex 6.44991 2.30144 9.55
      vertex 6.45962 2.3 2.4
      vertex 6.44991 2.30144 2.4
    endloop
  endfacet
  facet normal 0.671544 0.740964 -0
    outer loop
      vertex 4.13039 3.3985 2.4
      vertex 3.74646 3.74646 9.55
      vertex 4.13039 3.3985 9.55
    endloop
  endfacet
  facet normal 0.671544 0.740964 0
    outer loop
      vertex 3.74646 3.74646 9.55
      vertex 4.13039 3.3985 2.4
      vertex 3.74646 3.74646 2.4
    endloop
  endfacet
  facet normal 0.740964 0.671544 0
    outer loop
      vertex 3.74646 3.74646 9.55
      vertex 3.3985 4.13039 2.4
      vertex 3.3985 4.13039 9.55
    endloop
  endfacet
  facet normal 0.740964 0.671544 0
    outer loop
      vertex 3.3985 4.13039 2.4
      vertex 3.74646 3.74646 9.55
      vertex 3.74646 3.74646 2.4
    endloop
  endfacet
  facet normal 0.857706 -0.514141 0
    outer loop
      vertex 2.82344 71.875 9.55
      vertex 3.08983 72.3194 2.4
      vertex 3.08983 72.3194 9.55
    endloop
  endfacet
  facet normal 0.857706 -0.514141 0
    outer loop
      vertex 3.08983 72.3194 2.4
      vertex 2.82344 71.875 9.55
      vertex 2.82344 71.875 2.4
    endloop
  endfacet
  facet normal 0.989181 -0.146698 0
    outer loop
      vertex 2.22542 69.9035 9.55
      vertex 2.30144 70.4161 2.4
      vertex 2.30144 70.4161 9.55
    endloop
  endfacet
  facet normal 0.989181 -0.146698 0
    outer loop
      vertex 2.30144 70.4161 2.4
      vertex 2.22542 69.9035 9.55
      vertex 2.22542 69.9035 2.4
    endloop
  endfacet
  facet normal 0.970029 -0.24299 0
    outer loop
      vertex 2.30144 70.4161 9.55
      vertex 2.42734 70.9187 2.4
      vertex 2.42734 70.9187 9.55
    endloop
  endfacet
  facet normal 0.970029 -0.24299 0
    outer loop
      vertex 2.42734 70.9187 2.4
      vertex 2.30144 70.4161 9.55
      vertex 2.30144 70.4161 2.4
    endloop
  endfacet
  facet normal 0.903987 -0.42756 0
    outer loop
      vertex 2.6019 71.4066 9.55
      vertex 2.82344 71.875 2.4
      vertex 2.82344 71.875 9.55
    endloop
  endfacet
  facet normal 0.903987 -0.42756 0
    outer loop
      vertex 2.82344 71.875 2.4
      vertex 2.6019 71.4066 9.55
      vertex 2.6019 71.4066 2.4
    endloop
  endfacet
  facet normal -0.803277 0.595606 0
    outer loop
      vertex 81.4685 4.13039 2.4
      vertex 81.7771 4.54659 9.55
      vertex 81.7771 4.54659 2.4
    endloop
  endfacet
  facet normal -0.803277 0.595606 0
    outer loop
      vertex 81.7771 4.54659 9.55
      vertex 81.4685 4.13039 2.4
      vertex 81.4685 4.13039 9.55
    endloop
  endfacet
  facet normal -0.970032 0.242976 0
    outer loop
      vertex 82.4396 5.94728 2.4
      vertex 82.5655 6.44991 9.55
      vertex 82.5655 6.44991 2.4
    endloop
  endfacet
  facet normal -0.970032 0.242976 0
    outer loop
      vertex 82.5655 6.44991 9.55
      vertex 82.4396 5.94728 2.4
      vertex 82.4396 5.94728 9.55
    endloop
  endfacet
  facet normal 0.941541 0.336898 0
    outer loop
      vertex 2.6019 5.45943 9.55
      vertex 2.42734 5.94728 2.4
      vertex 2.42734 5.94728 9.55
    endloop
  endfacet
  facet normal 0.941541 0.336898 0
    outer loop
      vertex 2.42734 5.94728 2.4
      vertex 2.6019 5.45943 9.55
      vertex 2.6019 5.45943 2.4
    endloop
  endfacet
  facet normal 0.941552 -0.336867 0
    outer loop
      vertex 2.42734 70.9187 9.55
      vertex 2.6019 71.4066 2.4
      vertex 2.6019 71.4066 9.55
    endloop
  endfacet
  facet normal 0.941552 -0.336867 0
    outer loop
      vertex 2.6019 71.4066 2.4
      vertex 2.42734 70.9187 9.55
      vertex 2.42734 70.9187 2.4
    endloop
  endfacet
  facet normal 0.803212 -0.595693 0
    outer loop
      vertex 3.08983 72.3194 9.55
      vertex 3.3985 72.7356 2.4
      vertex 3.3985 72.7356 9.55
    endloop
  endfacet
  facet normal 0.803212 -0.595693 0
    outer loop
      vertex 3.3985 72.7356 2.4
      vertex 3.08983 72.3194 9.55
      vertex 3.08983 72.3194 2.4
    endloop
  endfacet
  facet normal -0.970029 -0.24299 0
    outer loop
      vertex 82.5655 70.4161 2.4
      vertex 82.4396 70.9187 9.55
      vertex 82.4396 70.9187 2.4
    endloop
  endfacet
  facet normal -0.970029 -0.24299 0
    outer loop
      vertex 82.4396 70.9187 9.55
      vertex 82.5655 70.4161 2.4
      vertex 82.5655 70.4161 9.55
    endloop
  endfacet
  facet normal -0.903942 -0.427655 0
    outer loop
      vertex 82.2651 71.4066 2.4
      vertex 82.0435 71.875 9.55
      vertex 82.0435 71.875 2.4
    endloop
  endfacet
  facet normal -0.903942 -0.427655 0
    outer loop
      vertex 82.0435 71.875 9.55
      vertex 82.2651 71.4066 2.4
      vertex 82.2651 71.4066 9.55
    endloop
  endfacet
  facet normal -0.7409 -0.671615 0
    outer loop
      vertex 81.4685 72.7356 2.4
      vertex 81.1205 73.1195 9.55
      vertex 81.1205 73.1195 2.4
    endloop
  endfacet
  facet normal -0.7409 -0.671615 0
    outer loop
      vertex 81.1205 73.1195 9.55
      vertex 81.4685 72.7356 2.4
      vertex 81.4685 72.7356 9.55
    endloop
  endfacet
  facet normal -0.427655 -0.903942 0
    outer loop
      vertex 79.4076 74.2641 2.4
      vertex 79.876 74.0425 9.55
      vertex 79.4076 74.2641 9.55
    endloop
  endfacet
  facet normal -0.427655 -0.903942 -0
    outer loop
      vertex 79.876 74.0425 9.55
      vertex 79.4076 74.2641 2.4
      vertex 79.876 74.0425 2.4
    endloop
  endfacet
  facet normal 0.242976 -0.970032 0
    outer loop
      vertex 5.94728 74.4386 2.4
      vertex 6.44991 74.5645 9.55
      vertex 5.94728 74.4386 9.55
    endloop
  endfacet
  facet normal 0.242976 -0.970032 0
    outer loop
      vertex 6.44991 74.5645 9.55
      vertex 5.94728 74.4386 2.4
      vertex 6.44991 74.5645 2.4
    endloop
  endfacet
  facet normal 0.803212 0.595693 0
    outer loop
      vertex 3.3985 4.13039 9.55
      vertex 3.08983 4.54659 2.4
      vertex 3.08983 4.54659 9.55
    endloop
  endfacet
  facet normal 0.803212 0.595693 0
    outer loop
      vertex 3.08983 4.54659 2.4
      vertex 3.3985 4.13039 9.55
      vertex 3.3985 4.13039 2.4
    endloop
  endfacet
  facet normal 0.336898 0.941541 -0
    outer loop
      vertex 5.94728 2.42734 2.4
      vertex 5.45943 2.6019 9.55
      vertex 5.94728 2.42734 9.55
    endloop
  endfacet
  facet normal 0.336898 0.941541 0
    outer loop
      vertex 5.45943 2.6019 9.55
      vertex 5.94728 2.42734 2.4
      vertex 5.45943 2.6019 2.4
    endloop
  endfacet
  facet normal -0.740926 0.671587 0
    outer loop
      vertex 81.1205 3.74646 2.4
      vertex 81.4685 4.13039 9.55
      vertex 81.4685 4.13039 2.4
    endloop
  endfacet
  facet normal -0.740926 0.671587 0
    outer loop
      vertex 81.4685 4.13039 9.55
      vertex 81.1205 3.74646 2.4
      vertex 81.1205 3.74646 9.55
    endloop
  endfacet
  facet normal -0.0490616 0.998796 0
    outer loop
      vertex 77.9045 2.22542 2.4
      vertex 77.387 2.2 9.55
      vertex 77.9045 2.22542 9.55
    endloop
  endfacet
  facet normal -0.0490616 0.998796 0
    outer loop
      vertex 77.387 2.2 9.55
      vertex 77.9045 2.22542 2.4
      vertex 77.387 2.2 2.4
    endloop
  endfacet
  facet normal -0.595693 0.803212 0
    outer loop
      vertex 80.7366 3.3985 2.4
      vertex 80.3204 3.08983 9.55
      vertex 80.7366 3.3985 9.55
    endloop
  endfacet
  facet normal -0.595693 0.803212 0
    outer loop
      vertex 80.3204 3.08983 9.55
      vertex 80.7366 3.3985 2.4
      vertex 80.3204 3.08983 2.4
    endloop
  endfacet
  facet normal -0.24299 0.970029 0
    outer loop
      vertex 78.9197 2.42734 2.4
      vertex 78.4171 2.30144 9.55
      vertex 78.9197 2.42734 9.55
    endloop
  endfacet
  facet normal -0.24299 0.970029 0
    outer loop
      vertex 78.4171 2.30144 9.55
      vertex 78.9197 2.42734 2.4
      vertex 78.4171 2.30144 2.4
    endloop
  endfacet
  facet normal 0.740938 -0.671573 0
    outer loop
      vertex 3.3985 72.7356 9.55
      vertex 3.74646 73.1195 2.4
      vertex 3.74646 73.1195 9.55
    endloop
  endfacet
  facet normal 0.740938 -0.671573 0
    outer loop
      vertex 3.74646 73.1195 2.4
      vertex 3.3985 72.7356 9.55
      vertex 3.3985 72.7356 2.4
    endloop
  endfacet
  facet normal -0.671615 -0.7409 0
    outer loop
      vertex 80.7366 73.4675 2.4
      vertex 81.1205 73.1195 9.55
      vertex 80.7366 73.4675 9.55
    endloop
  endfacet
  facet normal -0.671615 -0.7409 -0
    outer loop
      vertex 81.1205 73.1195 9.55
      vertex 80.7366 73.4675 2.4
      vertex 81.1205 73.1195 2.4
    endloop
  endfacet
  facet normal -0.803277 -0.595606 0
    outer loop
      vertex 81.7771 72.3194 2.4
      vertex 81.4685 72.7356 9.55
      vertex 81.4685 72.7356 2.4
    endloop
  endfacet
  facet normal -0.803277 -0.595606 0
    outer loop
      vertex 81.4685 72.7356 9.55
      vertex 81.7771 72.3194 2.4
      vertex 81.7771 72.3194 9.55
    endloop
  endfacet
  facet normal -0.857697 -0.514155 0
    outer loop
      vertex 82.0435 71.875 2.4
      vertex 81.7771 72.3194 9.55
      vertex 81.7771 72.3194 2.4
    endloop
  endfacet
  facet normal -0.857697 -0.514155 0
    outer loop
      vertex 81.7771 72.3194 9.55
      vertex 82.0435 71.875 2.4
      vertex 82.0435 71.875 9.55
    endloop
  endfacet
  facet normal -0.514013 -0.857782 0
    outer loop
      vertex 79.876 74.0425 2.4
      vertex 80.3204 73.7762 9.55
      vertex 79.876 74.0425 9.55
    endloop
  endfacet
  facet normal -0.514013 -0.857782 -0
    outer loop
      vertex 80.3204 73.7762 9.55
      vertex 79.876 74.0425 2.4
      vertex 80.3204 73.7762 2.4
    endloop
  endfacet
  facet normal -0.0490231 -0.998798 0
    outer loop
      vertex 77.387 74.666 2.4
      vertex 77.9045 74.6406 9.55
      vertex 77.387 74.666 9.55
    endloop
  endfacet
  facet normal -0.0490231 -0.998798 -0
    outer loop
      vertex 77.9045 74.6406 9.55
      vertex 77.387 74.666 2.4
      vertex 77.9045 74.6406 2.4
    endloop
  endfacet
  facet normal -0.146849 -0.989159 0
    outer loop
      vertex 77.9045 74.6406 2.4
      vertex 78.4171 74.5645 9.55
      vertex 77.9045 74.6406 9.55
    endloop
  endfacet
  facet normal -0.146849 -0.989159 -0
    outer loop
      vertex 78.4171 74.5645 9.55
      vertex 77.9045 74.6406 2.4
      vertex 78.4171 74.5645 2.4
    endloop
  endfacet
  facet normal -0.24299 -0.970029 0
    outer loop
      vertex 78.4171 74.5645 2.4
      vertex 78.9197 74.4386 9.55
      vertex 78.4171 74.5645 9.55
    endloop
  endfacet
  facet normal -0.24299 -0.970029 -0
    outer loop
      vertex 78.9197 74.4386 9.55
      vertex 78.4171 74.5645 2.4
      vertex 78.9197 74.4386 2.4
    endloop
  endfacet
  facet normal -0.336764 -0.941589 0
    outer loop
      vertex 78.9197 74.4386 2.4
      vertex 79.4076 74.2641 9.55
      vertex 78.9197 74.4386 9.55
    endloop
  endfacet
  facet normal -0.336764 -0.941589 -0
    outer loop
      vertex 79.4076 74.2641 9.55
      vertex 78.9197 74.4386 2.4
      vertex 79.4076 74.2641 2.4
    endloop
  endfacet
  facet normal 0.146861 -0.989157 0
    outer loop
      vertex 6.44991 74.5645 2.4
      vertex 6.96247 74.6406 9.55
      vertex 6.44991 74.5645 9.55
    endloop
  endfacet
  facet normal 0.146861 -0.989157 0
    outer loop
      vertex 6.96247 74.6406 9.55
      vertex 6.44991 74.5645 2.4
      vertex 6.96247 74.6406 2.4
    endloop
  endfacet
  facet normal 0.59573 -0.803184 0
    outer loop
      vertex 4.13039 73.4675 2.4
      vertex 4.54659 73.7762 9.55
      vertex 4.13039 73.4675 9.55
    endloop
  endfacet
  facet normal 0.59573 -0.803184 0
    outer loop
      vertex 4.54659 73.7762 9.55
      vertex 4.13039 73.4675 2.4
      vertex 4.54659 73.7762 2.4
    endloop
  endfacet
  facet normal 0.513988 -0.857798 0
    outer loop
      vertex 4.54659 73.7762 2.4
      vertex 4.99102 74.0425 9.55
      vertex 4.54659 73.7762 9.55
    endloop
  endfacet
  facet normal 0.513988 -0.857798 0
    outer loop
      vertex 4.99102 74.0425 9.55
      vertex 4.54659 73.7762 2.4
      vertex 4.99102 74.0425 2.4
    endloop
  endfacet
  facet normal 0.427647 -0.903946 0
    outer loop
      vertex 4.99102 74.0425 2.4
      vertex 5.45943 74.2641 9.55
      vertex 4.99102 74.0425 9.55
    endloop
  endfacet
  facet normal 0.427647 -0.903946 0
    outer loop
      vertex 5.45943 74.2641 9.55
      vertex 4.99102 74.0425 2.4
      vertex 5.45943 74.2641 2.4
    endloop
  endfacet
  facet normal 0.336795 -0.941578 0
    outer loop
      vertex 5.45943 74.2641 2.4
      vertex 5.94728 74.4386 9.55
      vertex 5.45943 74.2641 9.55
    endloop
  endfacet
  facet normal 0.336795 -0.941578 0
    outer loop
      vertex 5.94728 74.4386 9.55
      vertex 5.45943 74.2641 2.4
      vertex 5.94728 74.4386 2.4
    endloop
  endfacet
  facet normal -0.941578 0.336795 0
    outer loop
      vertex 82.2651 5.45943 2.4
      vertex 82.4396 5.94728 9.55
      vertex 82.4396 5.94728 2.4
    endloop
  endfacet
  facet normal -0.941578 0.336795 0
    outer loop
      vertex 82.4396 5.94728 9.55
      vertex 82.2651 5.45943 2.4
      vertex 82.2651 5.45943 9.55
    endloop
  endfacet
  facet normal -0.857713 0.51413 0
    outer loop
      vertex 81.7771 4.54659 2.4
      vertex 82.0435 4.99102 9.55
      vertex 82.0435 4.99102 2.4
    endloop
  endfacet
  facet normal -0.857713 0.51413 0
    outer loop
      vertex 82.0435 4.99102 9.55
      vertex 81.7771 4.54659 2.4
      vertex 81.7771 4.54659 9.55
    endloop
  endfacet
  facet normal -0.989157 0.146861 0
    outer loop
      vertex 82.5655 6.44991 2.4
      vertex 82.6416 6.96247 9.55
      vertex 82.6416 6.96247 2.4
    endloop
  endfacet
  facet normal -0.989157 0.146861 0
    outer loop
      vertex 82.6416 6.96247 9.55
      vertex 82.5655 6.44991 2.4
      vertex 82.5655 6.44991 9.55
    endloop
  endfacet
  facet normal 0.857721 0.514115 0
    outer loop
      vertex 3.08983 4.54659 9.55
      vertex 2.82344 4.99102 2.4
      vertex 2.82344 4.99102 9.55
    endloop
  endfacet
  facet normal 0.857721 0.514115 0
    outer loop
      vertex 2.82344 4.99102 2.4
      vertex 3.08983 4.54659 9.55
      vertex 3.08983 4.54659 2.4
    endloop
  endfacet
  facet normal 0.427553 0.90399 -0
    outer loop
      vertex 5.45943 2.6019 2.4
      vertex 4.99102 2.82344 9.55
      vertex 5.45943 2.6019 9.55
    endloop
  endfacet
  facet normal 0.427553 0.90399 0
    outer loop
      vertex 4.99102 2.82344 9.55
      vertex 5.45943 2.6019 2.4
      vertex 4.99102 2.82344 2.4
    endloop
  endfacet
  facet normal -0.146698 0.989181 0
    outer loop
      vertex 78.4171 2.30144 2.4
      vertex 77.9045 2.22542 9.55
      vertex 78.4171 2.30144 9.55
    endloop
  endfacet
  facet normal -0.146698 0.989181 0
    outer loop
      vertex 77.9045 2.22542 9.55
      vertex 78.4171 2.30144 2.4
      vertex 77.9045 2.22542 2.4
    endloop
  endfacet
  facet normal -0.671573 0.740938 0
    outer loop
      vertex 81.1205 3.74646 2.4
      vertex 80.7366 3.3985 9.55
      vertex 81.1205 3.74646 9.55
    endloop
  endfacet
  facet normal -0.671573 0.740938 0
    outer loop
      vertex 80.7366 3.3985 9.55
      vertex 81.1205 3.74646 2.4
      vertex 80.7366 3.3985 2.4
    endloop
  endfacet
  facet normal -0.42756 0.903987 0
    outer loop
      vertex 79.876 2.82344 2.4
      vertex 79.4076 2.6019 9.55
      vertex 79.876 2.82344 9.55
    endloop
  endfacet
  facet normal -0.42756 0.903987 0
    outer loop
      vertex 79.4076 2.6019 9.55
      vertex 79.876 2.82344 2.4
      vertex 79.4076 2.6019 2.4
    endloop
  endfacet
  facet normal -0.336867 0.941552 0
    outer loop
      vertex 79.4076 2.6019 2.4
      vertex 78.9197 2.42734 9.55
      vertex 79.4076 2.6019 9.55
    endloop
  endfacet
  facet normal -0.336867 0.941552 0
    outer loop
      vertex 78.9197 2.42734 9.55
      vertex 79.4076 2.6019 2.4
      vertex 78.9197 2.42734 2.4
    endloop
  endfacet
  facet normal -0.903946 0.427647 0
    outer loop
      vertex 82.0435 4.99102 2.4
      vertex 82.2651 5.45943 9.55
      vertex 82.2651 5.45943 2.4
    endloop
  endfacet
  facet normal -0.903946 0.427647 0
    outer loop
      vertex 82.2651 5.45943 9.55
      vertex 82.0435 4.99102 2.4
      vertex 82.0435 4.99102 9.55
    endloop
  endfacet
  facet normal -0.998798 0.0490203 0
    outer loop
      vertex 82.6416 6.96247 2.4
      vertex 82.667 7.48 9.55
      vertex 82.667 7.48 2.4
    endloop
  endfacet
  facet normal -0.998798 0.0490203 0
    outer loop
      vertex 82.667 7.48 9.55
      vertex 82.6416 6.96247 2.4
      vertex 82.6416 6.96247 9.55
    endloop
  endfacet
  facet normal 0.90399 0.427553 0
    outer loop
      vertex 2.82344 4.99102 9.55
      vertex 2.6019 5.45943 2.4
      vertex 2.6019 5.45943 9.55
    endloop
  endfacet
  facet normal 0.90399 0.427553 0
    outer loop
      vertex 2.6019 5.45943 2.4
      vertex 2.82344 4.99102 9.55
      vertex 2.82344 4.99102 2.4
    endloop
  endfacet
  facet normal 0.242976 0.970032 -0
    outer loop
      vertex 6.44991 2.30144 2.4
      vertex 5.94728 2.42734 9.55
      vertex 6.44991 2.30144 9.55
    endloop
  endfacet
  facet normal 0.242976 0.970032 0
    outer loop
      vertex 5.94728 2.42734 9.55
      vertex 6.44991 2.30144 2.4
      vertex 5.94728 2.42734 2.4
    endloop
  endfacet
  facet normal 0.595693 0.803212 -0
    outer loop
      vertex 4.54659 3.08983 2.4
      vertex 4.13039 3.3985 9.55
      vertex 4.54659 3.08983 9.55
    endloop
  endfacet
  facet normal 0.595693 0.803212 0
    outer loop
      vertex 4.13039 3.3985 9.55
      vertex 4.54659 3.08983 2.4
      vertex 4.13039 3.3985 2.4
    endloop
  endfacet
  facet normal -0.514141 0.857706 0
    outer loop
      vertex 80.3204 3.08983 2.4
      vertex 79.876 2.82344 9.55
      vertex 80.3204 3.08983 9.55
    endloop
  endfacet
  facet normal -0.514141 0.857706 0
    outer loop
      vertex 79.876 2.82344 9.55
      vertex 80.3204 3.08983 2.4
      vertex 79.876 2.82344 2.4
    endloop
  endfacet
  facet normal 0.514115 0.857721 -0
    outer loop
      vertex 4.99102 2.82344 2.4
      vertex 4.54659 3.08983 9.55
      vertex 4.99102 2.82344 9.55
    endloop
  endfacet
  facet normal 0.514115 0.857721 0
    outer loop
      vertex 4.54659 3.08983 9.55
      vertex 4.99102 2.82344 2.4
      vertex 4.54659 3.08983 2.4
    endloop
  endfacet
  facet normal -1 0 0
    outer loop
      vertex 9.35 39.83 7
      vertex 9.35 73.12 22
      vertex 9.35 73.12 7
    endloop
  endfacet
  facet normal -1 -0 0
    outer loop
      vertex 9.35 73.12 22
      vertex 9.35 39.83 7
      vertex 9.35 39.83 22
    endloop
  endfacet
  facet normal -0 0 1
    outer loop
      vertex 9.35 73.12 22
      vertex 47.45 39.83 22
      vertex 47.45 73.12 22
    endloop
  endfacet
  facet normal 0 0 1
    outer loop
      vertex 47.45 39.83 22
      vertex 9.35 73.12 22
      vertex 9.35 39.83 22
    endloop
  endfacet
  facet normal 1 -0 0
    outer loop
      vertex 47.45 39.83 22
      vertex 47.45 73.12 7
      vertex 47.45 73.12 22
    endloop
  endfacet
  facet normal 1 0 0
    outer loop
      vertex 47.45 73.12 7
      vertex 47.45 39.83 22
      vertex 47.45 39.83 7
    endloop
  endfacet
  facet normal 0 0 1
    outer loop
      vertex 29.54 32.46 7
      vertex 12.4 29.92 7
      vertex 27.64 29.92 7
    endloop
  endfacet
  facet normal 0 0 1
    outer loop
      vertex 12.4 29.92 7
      vertex 9.22 32.46 7
      vertex 12.4 27.38 7
    endloop
  endfacet
  facet normal -0 0 1
    outer loop
      vertex 9.22 32.46 7
      vertex 12.4 29.92 7
      vertex 29.54 32.46 7
    endloop
  endfacet
  facet normal 0 0 1
    outer loop
      vertex 78.58 73.53 7
      vertex 81.867 68.786 7
      vertex 81.8425 69.2839 7
    endloop
  endfacet
  facet normal 0 0 1
    outer loop
      vertex 81.867 68.786 7
      vertex 78.58 42.68 7
      vertex 81.867 8.07999 7
    endloop
  endfacet
  facet normal 0 0 1
    outer loop
      vertex 78.58 73.53 7
      vertex 81.8425 69.2839 7
      vertex 81.7694 69.7771 7
    endloop
  endfacet
  facet normal -0 0 1
    outer loop
      vertex 56.21 32.59 7
      vertex 81.867 8.07999 7
      vertex 78.58 42.68 7
    endloop
  endfacet
  facet normal 0 0 1
    outer loop
      vertex 78.58 73.53 7
      vertex 81.7694 69.7771 7
      vertex 81.6483 70.2606 7
    endloop
  endfacet
  facet normal 0 -0 1
    outer loop
      vertex 76.787 3 7
      vertex 81.867 8.07999 7
      vertex 56.21 32.59 7
    endloop
  endfacet
  facet normal 0 0 1
    outer loop
      vertex 78.58 73.53 7
      vertex 81.6483 70.2606 7
      vertex 81.4803 70.73 7
    endloop
  endfacet
  facet normal 0 0 1
    outer loop
      vertex 81.867 8.07999 7
      vertex 76.787 3 7
      vertex 81.8425 7.58206 7
    endloop
  endfacet
  facet normal 0 0 1
    outer loop
      vertex 78.58 73.53 7
      vertex 81.4803 70.73 7
      vertex 81.2672 71.1807 7
    endloop
  endfacet
  facet normal 0 0 1
    outer loop
      vertex 81.8425 7.58206 7
      vertex 76.787 3 7
      vertex 81.7694 7.08893 7
    endloop
  endfacet
  facet normal 0 0 1
    outer loop
      vertex 78.58 73.53 7
      vertex 81.2672 71.1807 7
      vertex 81.0109 71.6083 7
    endloop
  endfacet
  facet normal 0 0 1
    outer loop
      vertex 81.7694 7.08893 7
      vertex 76.787 3 7
      vertex 81.6483 6.60535 7
    endloop
  endfacet
  facet normal 0 0 1
    outer loop
      vertex 78.58 73.53 7
      vertex 81.0109 71.6083 7
      vertex 80.7139 72.0087 7
    endloop
  endfacet
  facet normal 0 0 1
    outer loop
      vertex 81.6483 6.60535 7
      vertex 76.787 3 7
      vertex 81.4803 6.13596 7
    endloop
  endfacet
  facet normal 0 0 1
    outer loop
      vertex 78.58 73.53 7
      vertex 80.7139 72.0087 7
      vertex 80.3791 72.3781 7
    endloop
  endfacet
  facet normal 0 0 1
    outer loop
      vertex 81.4803 6.13596 7
      vertex 76.787 3 7
      vertex 81.2672 5.6853 7
    endloop
  endfacet
  facet normal 0 0 1
    outer loop
      vertex 78.58 73.53 7
      vertex 80.3791 72.3781 7
      vertex 80.0097 72.7129 7
    endloop
  endfacet
  facet normal 0 0 1
    outer loop
      vertex 81.2672 5.6853 7
      vertex 76.787 3 7
      vertex 81.0109 5.25769 7
    endloop
  endfacet
  facet normal 0 0 1
    outer loop
      vertex 78.58 73.53 7
      vertex 80.0097 72.7129 7
      vertex 79.6093 73.0099 7
    endloop
  endfacet
  facet normal 0 0 1
    outer loop
      vertex 81.0109 5.25769 7
      vertex 76.787 3 7
      vertex 80.7139 4.85727 7
    endloop
  endfacet
  facet normal 0 0 1
    outer loop
      vertex 78.58 73.53 7
      vertex 79.6093 73.0099 7
      vertex 79.1817 73.2662 7
    endloop
  endfacet
  facet normal 0 0 1
    outer loop
      vertex 80.7139 4.85727 7
      vertex 76.787 3 7
      vertex 80.3791 4.48788 7
    endloop
  endfacet
  facet normal 0 0 1
    outer loop
      vertex 78.58 73.53 7
      vertex 79.1817 73.2662 7
      vertex 78.731 73.4793 7
    endloop
  endfacet
  facet normal 0 0 1
    outer loop
      vertex 80.3791 4.48788 7
      vertex 76.787 3 7
      vertex 80.0097 4.15311 7
    endloop
  endfacet
  facet normal 0 0 1
    outer loop
      vertex 81.867 68.786 7
      vertex 78.58 73.53 7
      vertex 78.58 42.68 7
    endloop
  endfacet
  facet normal 0 0 1
    outer loop
      vertex 78.2616 73.6472 7
      vertex 78.58 73.53 7
      vertex 78.731 73.4793 7
    endloop
  endfacet
  facet normal 0 0 1
    outer loop
      vertex 77.778 73.7684 7
      vertex 78.58 73.53 7
      vertex 78.2616 73.6472 7
    endloop
  endfacet
  facet normal 0 0 1
    outer loop
      vertex 77.2849 73.8415 7
      vertex 78.58 73.53 7
      vertex 77.778 73.7684 7
    endloop
  endfacet
  facet normal 0 0 1
    outer loop
      vertex 76.787 73.866 7
      vertex 78.58 73.53 7
      vertex 77.2849 73.8415 7
    endloop
  endfacet
  facet normal 0 0 1
    outer loop
      vertex 76.787 73.866 7
      vertex 51.38 73.53 7
      vertex 78.58 73.53 7
    endloop
  endfacet
  facet normal 0 0 1
    outer loop
      vertex 51.38 73.53 7
      vertex 47.45 73.12 7
      vertex 51.38 42.68 7
    endloop
  endfacet
  facet normal 0 0 1
    outer loop
      vertex 8.07999 73.866 7
      vertex 47.45 73.12 7
      vertex 51.38 73.53 7
    endloop
  endfacet
  facet normal -0 0 1
    outer loop
      vertex 8.07999 73.866 7
      vertex 51.38 73.53 7
      vertex 76.787 73.866 7
    endloop
  endfacet
  facet normal -0 0 1
    outer loop
      vertex 3 68.786 7
      vertex 9.35 39.83 7
      vertex 9.35 73.12 7
    endloop
  endfacet
  facet normal 0 0 1
    outer loop
      vertex 9.35 39.83 7
      vertex 3 68.786 7
      vertex 9.22 35 7
    endloop
  endfacet
  facet normal 0 0 1
    outer loop
      vertex 3 68.786 7
      vertex 9.35 73.12 7
      vertex 8.07999 73.866 7
    endloop
  endfacet
  facet normal 0 0 1
    outer loop
      vertex 47.45 73.12 7
      vertex 8.07999 73.866 7
      vertex 9.35 73.12 7
    endloop
  endfacet
  facet normal 0 0 1
    outer loop
      vertex 80.0097 4.15311 7
      vertex 76.787 3 7
      vertex 79.6093 3.85612 7
    endloop
  endfacet
  facet normal 0 0 1
    outer loop
      vertex 79.1817 3.59984 7
      vertex 76.787 3 7
      vertex 78.731 3.38669 7
    endloop
  endfacet
  facet normal 0 0 1
    outer loop
      vertex 78.731 3.38669 7
      vertex 76.787 3 7
      vertex 78.2616 3.21873 7
    endloop
  endfacet
  facet normal 0 0 1
    outer loop
      vertex 78.2616 3.21873 7
      vertex 76.787 3 7
      vertex 77.778 3.09761 7
    endloop
  endfacet
  facet normal 0 0 1
    outer loop
      vertex 77.778 3.09761 7
      vertex 76.787 3 7
      vertex 77.2849 3.02446 7
    endloop
  endfacet
  facet normal 0 0 1
    outer loop
      vertex 56.21 32.59 7
      vertex 78.58 42.68 7
      vertex 56.21 35.13 7
    endloop
  endfacet
  facet normal -0 0 1
    outer loop
      vertex 51.38 42.68 7
      vertex 56.21 35.13 7
      vertex 78.58 42.68 7
    endloop
  endfacet
  facet normal 0 0 1
    outer loop
      vertex 47.45 39.83 7
      vertex 51.38 42.68 7
      vertex 47.45 73.12 7
    endloop
  endfacet
  facet normal -0 0 1
    outer loop
      vertex 47.45 39.83 7
      vertex 56.21 35.13 7
      vertex 51.38 42.68 7
    endloop
  endfacet
  facet normal 0 0 1
    outer loop
      vertex 47.45 39.83 7
      vertex 43.51 35.13 7
      vertex 56.21 35.13 7
    endloop
  endfacet
  facet normal 0 0 1
    outer loop
      vertex 43.51 35.13 7
      vertex 29.54 35 7
      vertex 43.51 32.59 7
    endloop
  endfacet
  facet normal 0 0 1
    outer loop
      vertex 47.45 39.83 7
      vertex 29.54 35 7
      vertex 43.51 35.13 7
    endloop
  endfacet
  facet normal -0 0 1
    outer loop
      vertex 9.35 39.83 7
      vertex 29.54 35 7
      vertex 47.45 39.83 7
    endloop
  endfacet
  facet normal 0 0 1
    outer loop
      vertex 29.54 35 7
      vertex 9.35 39.83 7
      vertex 9.22 35 7
    endloop
  endfacet
  facet normal 0 0 1
    outer loop
      vertex 79.6093 3.85612 7
      vertex 76.787 3 7
      vertex 79.1817 3.59984 7
    endloop
  endfacet
  facet normal -0 0 1
    outer loop
      vertex 43.51 32.59 7
      vertex 76.787 3 7
      vertex 56.21 32.59 7
    endloop
  endfacet
  facet normal 0 0 1
    outer loop
      vertex 29.54 32.46 7
      vertex 43.51 32.59 7
      vertex 29.54 35 7
    endloop
  endfacet
  facet normal 0 0 1
    outer loop
      vertex 27.64 27.38 7
      vertex 43.51 32.59 7
      vertex 29.54 32.46 7
    endloop
  endfacet
  facet normal 0 0 1
    outer loop
      vertex 27.64 27.38 7
      vertex 29.54 32.46 7
      vertex 27.64 29.92 7
    endloop
  endfacet
  facet normal 0 0 1
    outer loop
      vertex 43.51 32.59 7
      vertex 27.64 27.38 7
      vertex 76.787 3 7
    endloop
  endfacet
  facet normal 0 0 1
    outer loop
      vertex 8.07999 3 7
      vertex 27.64 27.38 7
      vertex 12.4 27.38 7
    endloop
  endfacet
  facet normal 0 0 1
    outer loop
      vertex 27.64 27.38 7
      vertex 8.07999 3 7
      vertex 76.787 3 7
    endloop
  endfacet
  facet normal 0 0 1
    outer loop
      vertex 3 8.07999 7
      vertex 12.4 27.38 7
      vertex 9.22 32.46 7
    endloop
  endfacet
  facet normal 0 0 1
    outer loop
      vertex 3 8.07999 7
      vertex 9.22 35 7
      vertex 3 68.786 7
    endloop
  endfacet
  facet normal 0 0 1
    outer loop
      vertex 3 68.786 7
      vertex 8.07999 73.866 7
      vertex 7.58206 73.8415 7
    endloop
  endfacet
  facet normal 0 0 1
    outer loop
      vertex 9.22 35 7
      vertex 3 8.07999 7
      vertex 9.22 32.46 7
    endloop
  endfacet
  facet normal 0 0 1
    outer loop
      vertex 3 68.786 7
      vertex 7.58206 73.8415 7
      vertex 7.08893 73.7684 7
    endloop
  endfacet
  facet normal 0 0 1
    outer loop
      vertex 12.4 27.38 7
      vertex 3 8.07999 7
      vertex 8.07999 3 7
    endloop
  endfacet
  facet normal 0 0 1
    outer loop
      vertex 3 68.786 7
      vertex 7.08893 73.7684 7
      vertex 6.60535 73.6472 7
    endloop
  endfacet
  facet normal 0 0 1
    outer loop
      vertex 8.07999 3 7
      vertex 3 8.07999 7
      vertex 7.58206 3.02446 7
    endloop
  endfacet
  facet normal 0 0 1
    outer loop
      vertex 3 68.786 7
      vertex 6.60535 73.6472 7
      vertex 6.13596 73.4793 7
    endloop
  endfacet
  facet normal 0 0 1
    outer loop
      vertex 7.58206 3.02446 7
      vertex 3 8.07999 7
      vertex 7.08893 3.09761 7
    endloop
  endfacet
  facet normal 0 0 1
    outer loop
      vertex 3 68.786 7
      vertex 6.13596 73.4793 7
      vertex 5.6853 73.2662 7
    endloop
  endfacet
  facet normal 0 0 1
    outer loop
      vertex 7.08893 3.09761 7
      vertex 3 8.07999 7
      vertex 6.60535 3.21873 7
    endloop
  endfacet
  facet normal 0 0 1
    outer loop
      vertex 3 68.786 7
      vertex 5.6853 73.2662 7
      vertex 5.25769 73.0099 7
    endloop
  endfacet
  facet normal 0 0 1
    outer loop
      vertex 6.60535 3.21873 7
      vertex 3 8.07999 7
      vertex 6.13596 3.38669 7
    endloop
  endfacet
  facet normal 0 0 1
    outer loop
      vertex 3 68.786 7
      vertex 5.25769 73.0099 7
      vertex 4.85727 72.7129 7
    endloop
  endfacet
  facet normal 0 0 1
    outer loop
      vertex 6.13596 3.38669 7
      vertex 3 8.07999 7
      vertex 5.6853 3.59984 7
    endloop
  endfacet
  facet normal 0 0 1
    outer loop
      vertex 3 68.786 7
      vertex 4.85727 72.7129 7
      vertex 4.48788 72.3781 7
    endloop
  endfacet
  facet normal 0 0 1
    outer loop
      vertex 5.6853 3.59984 7
      vertex 3 8.07999 7
      vertex 5.25769 3.85612 7
    endloop
  endfacet
  facet normal 0 0 1
    outer loop
      vertex 3 68.786 7
      vertex 4.48788 72.3781 7
      vertex 4.15311 72.0087 7
    endloop
  endfacet
  facet normal 0 0 1
    outer loop
      vertex 5.25769 3.85612 7
      vertex 3 8.07999 7
      vertex 4.85727 4.15311 7
    endloop
  endfacet
  facet normal 0 0 1
    outer loop
      vertex 3 68.786 7
      vertex 4.15311 72.0087 7
      vertex 3.85612 71.6083 7
    endloop
  endfacet
  facet normal 0 0 1
    outer loop
      vertex 4.85727 4.15311 7
      vertex 3 8.07999 7
      vertex 4.48788 4.48788 7
    endloop
  endfacet
  facet normal 0 0 1
    outer loop
      vertex 3 68.786 7
      vertex 3.85612 71.6083 7
      vertex 3.59984 71.1807 7
    endloop
  endfacet
  facet normal 0 0 1
    outer loop
      vertex 4.48788 4.48788 7
      vertex 3 8.07999 7
      vertex 4.15311 4.85727 7
    endloop
  endfacet
  facet normal 0 0 1
    outer loop
      vertex 3 68.786 7
      vertex 3.59984 71.1807 7
      vertex 3.38669 70.73 7
    endloop
  endfacet
  facet normal 0 0 1
    outer loop
      vertex 4.15311 4.85727 7
      vertex 3 8.07999 7
      vertex 3.85612 5.25769 7
    endloop
  endfacet
  facet normal 0 0 1
    outer loop
      vertex 3 68.786 7
      vertex 3.38669 70.73 7
      vertex 3.21873 70.2606 7
    endloop
  endfacet
  facet normal 0 0 1
    outer loop
      vertex 3.85612 5.25769 7
      vertex 3 8.07999 7
      vertex 3.59984 5.6853 7
    endloop
  endfacet
  facet normal 0 0 1
    outer loop
      vertex 3 68.786 7
      vertex 3.21873 70.2606 7
      vertex 3.09761 69.7771 7
    endloop
  endfacet
  facet normal 0 0 1
    outer loop
      vertex 3.59984 5.6853 7
      vertex 3 8.07999 7
      vertex 3.38669 6.13596 7
    endloop
  endfacet
  facet normal 0 0 1
    outer loop
      vertex 3 68.786 7
      vertex 3.09761 69.7771 7
      vertex 3.02446 69.2839 7
    endloop
  endfacet
  facet normal 0 0 1
    outer loop
      vertex 3.38669 6.13596 7
      vertex 3 8.07999 7
      vertex 3.21873 6.60535 7
    endloop
  endfacet
  facet normal 0 0 1
    outer loop
      vertex 3.21873 6.60535 7
      vertex 3 8.07999 7
      vertex 3.09761 7.08893 7
    endloop
  endfacet
  facet normal 0 0 1
    outer loop
      vertex 3.09761 7.08893 7
      vertex 3 8.07999 7
      vertex 3.02446 7.58206 7
    endloop
  endfacet
  facet normal 0 -1 0
    outer loop
      vertex 9.35 39.83 7
      vertex 47.45 39.83 22
      vertex 9.35 39.83 22
    endloop
  endfacet
  facet normal 0 -1 -0
    outer loop
      vertex 47.45 39.83 22
      vertex 9.35 39.83 7
      vertex 47.45 39.83 7
    endloop
  endfacet
  facet normal 0 1 -0
    outer loop
      vertex 47.45 73.12 7
      vertex 9.35 73.12 22
      vertex 47.45 73.12 22
    endloop
  endfacet
  facet normal 0 1 0
    outer loop
      vertex 9.35 73.12 22
      vertex 47.45 73.12 7
      vertex 9.35 73.12 7
    endloop
  endfacet
  facet normal -1 0 0
    outer loop
      vertex 51.38 42.68 7
      vertex 51.38 73.53 18
      vertex 51.38 73.53 7
    endloop
  endfacet
  facet normal -1 -0 0
    outer loop
      vertex 51.38 73.53 18
      vertex 51.38 42.68 7
      vertex 51.38 42.68 18
    endloop
  endfacet
  facet normal -0 0 1
    outer loop
      vertex 51.38 73.53 18
      vertex 78.58 42.68 18
      vertex 78.58 73.53 18
    endloop
  endfacet
  facet normal 0 0 1
    outer loop
      vertex 78.58 42.68 18
      vertex 51.38 73.53 18
      vertex 51.38 42.68 18
    endloop
  endfacet
  facet normal 1 -0 0
    outer loop
      vertex 78.58 42.68 18
      vertex 78.58 73.53 7
      vertex 78.58 73.53 18
    endloop
  endfacet
  facet normal 1 0 0
    outer loop
      vertex 78.58 73.53 7
      vertex 78.58 42.68 18
      vertex 78.58 42.68 7
    endloop
  endfacet
  facet normal 0 -1 0
    outer loop
      vertex 51.38 42.68 7
      vertex 78.58 42.68 18
      vertex 51.38 42.68 18
    endloop
  endfacet
  facet normal 0 -1 -0
    outer loop
      vertex 78.58 42.68 18
      vertex 51.38 42.68 7
      vertex 78.58 42.68 7
    endloop
  endfacet
  facet normal 0 1 -0
    outer loop
      vertex 78.58 73.53 7
      vertex 51.38 73.53 18
      vertex 78.58 73.53 18
    endloop
  endfacet
  facet normal 0 1 0
    outer loop
      vertex 51.38 73.53 18
      vertex 78.58 73.53 7
      vertex 51.38 73.53 7
    endloop
  endfacet
  facet normal -1 0 0
    outer loop
      vertex 9.22 32.46 7
      vertex 9.22 35 15
      vertex 9.22 35 7
    endloop
  endfacet
  facet normal -1 -0 0
    outer loop
      vertex 9.22 35 15
      vertex 9.22 32.46 7
      vertex 9.22 32.46 15
    endloop
  endfacet
  facet normal -0 0 1
    outer loop
      vertex 9.22 35 15
      vertex 29.54 32.46 15
      vertex 29.54 35 15
    endloop
  endfacet
  facet normal 0 0 1
    outer loop
      vertex 29.54 32.46 15
      vertex 9.22 35 15
      vertex 9.22 32.46 15
    endloop
  endfacet
  facet normal 1 -0 0
    outer loop
      vertex 29.54 32.46 15
      vertex 29.54 35 7
      vertex 29.54 35 15
    endloop
  endfacet
  facet normal 1 0 0
    outer loop
      vertex 29.54 35 7
      vertex 29.54 32.46 15
      vertex 29.54 32.46 7
    endloop
  endfacet
  facet normal 0 -1 0
    outer loop
      vertex 9.22 32.46 7
      vertex 29.54 32.46 15
      vertex 9.22 32.46 15
    endloop
  endfacet
  facet normal 0 -1 -0
    outer loop
      vertex 29.54 32.46 15
      vertex 9.22 32.46 7
      vertex 29.54 32.46 7
    endloop
  endfacet
  facet normal 0 1 -0
    outer loop
      vertex 29.54 35 7
      vertex 9.22 35 15
      vertex 29.54 35 15
    endloop
  endfacet
  facet normal 0 1 0
    outer loop
      vertex 9.22 35 15
      vertex 29.54 35 7
      vertex 9.22 35 7
    endloop
  endfacet
  facet normal -1 0 0
    outer loop
      vertex 43.51 32.59 7
      vertex 43.51 35.13 15
      vertex 43.51 35.13 7
    endloop
  endfacet
  facet normal -1 -0 0
    outer loop
      vertex 43.51 35.13 15
      vertex 43.51 32.59 7
      vertex 43.51 32.59 15
    endloop
  endfacet
  facet normal -0 0 1
    outer loop
      vertex 43.51 35.13 15
      vertex 56.21 32.59 15
      vertex 56.21 35.13 15
    endloop
  endfacet
  facet normal 0 0 1
    outer loop
      vertex 56.21 32.59 15
      vertex 43.51 35.13 15
      vertex 43.51 32.59 15
    endloop
  endfacet
  facet normal 1 -0 0
    outer loop
      vertex 56.21 32.59 15
      vertex 56.21 35.13 7
      vertex 56.21 35.13 15
    endloop
  endfacet
  facet normal 1 0 0
    outer loop
      vertex 56.21 35.13 7
      vertex 56.21 32.59 15
      vertex 56.21 32.59 7
    endloop
  endfacet
  facet normal 0 1 -0
    outer loop
      vertex 56.21 35.13 7
      vertex 43.51 35.13 15
      vertex 56.21 35.13 15
    endloop
  endfacet
  facet normal 0 1 0
    outer loop
      vertex 43.51 35.13 15
      vertex 56.21 35.13 7
      vertex 43.51 35.13 7
    endloop
  endfacet
  facet normal 0 -1 0
    outer loop
      vertex 43.51 32.59 7
      vertex 56.21 32.59 15
      vertex 43.51 32.59 15
    endloop
  endfacet
  facet normal 0 -1 -0
    outer loop
      vertex 56.21 32.59 15
      vertex 43.51 32.59 7
      vertex 56.21 32.59 7
    endloop
  endfacet
  facet normal -1 0 0
    outer loop
      vertex 12.4 27.38 7
      vertex 12.4 29.92 16
      vertex 12.4 29.92 7
    endloop
  endfacet
  facet normal -1 -0 0
    outer loop
      vertex 12.4 29.92 16
      vertex 12.4 27.38 7
      vertex 12.4 27.38 16
    endloop
  endfacet
  facet normal -0 0 1
    outer loop
      vertex 12.4 29.92 16
      vertex 27.64 27.38 16
      vertex 27.64 29.92 16
    endloop
  endfacet
  facet normal 0 0 1
    outer loop
      vertex 27.64 27.38 16
      vertex 12.4 29.92 16
      vertex 12.4 27.38 16
    endloop
  endfacet
  facet normal 1 -0 0
    outer loop
      vertex 27.64 27.38 16
      vertex 27.64 29.92 7
      vertex 27.64 29.92 16
    endloop
  endfacet
  facet normal 1 0 0
    outer loop
      vertex 27.64 29.92 7
      vertex 27.64 27.38 16
      vertex 27.64 27.38 7
    endloop
  endfacet
  facet normal 0 1 -0
    outer loop
      vertex 27.64 29.92 7
      vertex 12.4 29.92 16
      vertex 27.64 29.92 16
    endloop
  endfacet
  facet normal 0 1 0
    outer loop
      vertex 12.4 29.92 16
      vertex 27.64 29.92 7
      vertex 12.4 29.92 7
    endloop
  endfacet
  facet normal 0 -1 0
    outer loop
      vertex 12.4 27.38 7
      vertex 27.64 27.38 16
      vertex 12.4 27.38 16
    endloop
  endfacet
  facet normal 0 -1 -0
    outer loop
      vertex 27.64 27.38 16
      vertex 12.4 27.38 7
      vertex 27.64 27.38 7
    endloop
  endfacet
  facet normal 0 0 1
    outer loop
      vertex -2.24768 6.02569 50.55
      vertex -2.39931 7.04787 50.55
      vertex -2.24768 6.02568 50.55
    endloop
  endfacet
  facet normal 0 0 1
    outer loop
      vertex -2.39931 7.04788 50.55
      vertex -2.39931 7.04787 50.55
      vertex -2.24768 6.02569 50.55
    endloop
  endfacet
  facet normal 0 0 1
    outer loop
      vertex -2.39931 7.04788 50.55
      vertex -2.45 8.07999 50.55
      vertex -2.39931 7.04787 50.55
    endloop
  endfacet
  facet normal 0 0 0
    outer loop
      vertex -2.45 8.07999 50.55
      vertex -2.45 8.08 50.55
      vertex -2.45 68.786 50.55
    endloop
  endfacet
  facet normal 0 0 1
    outer loop
      vertex -2.45 8.08 50.55
      vertex -2.45 8.07999 50.55
      vertex -2.39931 7.04788 50.55
    endloop
  endfacet
  facet normal 0 0 -1
    outer loop
      vertex -0.0597992 75.4661 50.55
      vertex -0.0598021 75.4662 50.55
      vertex 0.582141 76.1744 50.55
    endloop
  endfacet
  facet normal 0 0 -1
    outer loop
      vertex -0.675387 74.6362 50.55
      vertex -0.0597992 75.4661 50.55
      vertex -0.675385 74.6361 50.55
    endloop
  endfacet
  facet normal -0 0 -1
    outer loop
      vertex -0.0597992 75.4661 50.55
      vertex -0.675387 74.6362 50.55
      vertex -0.0598021 75.4662 50.55
    endloop
  endfacet
  facet normal 0 0 -1
    outer loop
      vertex -1.20664 73.7498 50.55
      vertex -0.675385 74.6361 50.55
      vertex -1.20663 73.7498 50.55
    endloop
  endfacet
  facet normal -0 0 -1
    outer loop
      vertex -0.675385 74.6361 50.55
      vertex -1.20664 73.7498 50.55
      vertex -0.675387 74.6362 50.55
    endloop
  endfacet
  facet normal 0 0 -1
    outer loop
      vertex -1.64846 72.8157 50.55
      vertex -1.20663 73.7498 50.55
      vertex -1.64845 72.8156 50.55
    endloop
  endfacet
  facet normal -0 0 -1
    outer loop
      vertex -1.20663 73.7498 50.55
      vertex -1.64846 72.8157 50.55
      vertex -1.20664 73.7498 50.55
    endloop
  endfacet
  facet normal -0 0 -1
    outer loop
      vertex -1.64845 72.8156 50.55
      vertex -1.99658 71.8427 50.55
      vertex -1.64846 72.8157 50.55
    endloop
  endfacet
  facet normal 0 0 0
    outer loop
      vertex 87.317 68.786 50.55
      vertex 87.317 8.08 50.55
      vertex 87.317 8.07999 50.55
    endloop
  endfacet
  facet normal 0 0 1
    outer loop
      vertex 87.2663 7.04788 50.55
      vertex 87.317 8.07999 50.55
      vertex 87.317 8.08 50.55
    endloop
  endfacet
  facet normal -0 0 1
    outer loop
      vertex 87.2663 7.04788 50.55
      vertex 87.2663 7.04787 50.55
      vertex 87.317 8.07999 50.55
    endloop
  endfacet
  facet normal 0 0 1
    outer loop
      vertex 87.1147 6.02569 50.55
      vertex 87.2663 7.04787 50.55
      vertex 87.2663 7.04788 50.55
    endloop
  endfacet
  facet normal -0 0 1
    outer loop
      vertex 87.1147 6.02569 50.55
      vertex 87.1147 6.02568 50.55
      vertex 87.2663 7.04787 50.55
    endloop
  endfacet
  facet normal 0 0 1
    outer loop
      vertex 86.8636 5.0233 50.55
      vertex 87.1147 6.02568 50.55
      vertex 87.1147 6.02569 50.55
    endloop
  endfacet
  facet normal -0 0 1
    outer loop
      vertex 86.8636 5.0233 50.55
      vertex 86.8636 5.02328 50.55
      vertex 87.1147 6.02568 50.55
    endloop
  endfacet
  facet normal 0 0 1
    outer loop
      vertex 86.5154 4.05033 50.55
      vertex 86.8636 5.02328 50.55
      vertex 86.8636 5.0233 50.55
    endloop
  endfacet
  facet normal -0 0 1
    outer loop
      vertex 86.5154 4.05033 50.55
      vertex 86.5154 4.05032 50.55
      vertex 86.8636 5.02328 50.55
    endloop
  endfacet
  facet normal 0 0 1
    outer loop
      vertex 86.0736 3.11618 50.55
      vertex 86.5154 4.05032 50.55
      vertex 86.5154 4.05033 50.55
    endloop
  endfacet
  facet normal -0 0 1
    outer loop
      vertex 86.0736 3.11618 50.55
      vertex 86.0736 3.11617 50.55
      vertex 86.5154 4.05032 50.55
    endloop
  endfacet
  facet normal 0 0 1
    outer loop
      vertex 85.5424 2.22984 50.55
      vertex 86.0736 3.11617 50.55
      vertex 86.0736 3.11618 50.55
    endloop
  endfacet
  facet normal -0 0 1
    outer loop
      vertex 85.5424 2.22984 50.55
      vertex 85.5424 2.22983 50.55
      vertex 86.0736 3.11617 50.55
    endloop
  endfacet
  facet normal 0 0 1
    outer loop
      vertex 84.9268 1.39984 50.55
      vertex 85.5424 2.22983 50.55
      vertex 85.5424 2.22984 50.55
    endloop
  endfacet
  facet normal -0 0 1
    outer loop
      vertex 84.9268 1.39984 50.55
      vertex 84.9268 1.39983 50.55
      vertex 85.5424 2.22983 50.55
    endloop
  endfacet
  facet normal 0 0 1
    outer loop
      vertex 84.2328 0.634151 50.55
      vertex 84.9268 1.39983 50.55
      vertex 84.9268 1.39984 50.55
    endloop
  endfacet
  facet normal 0 0 1
    outer loop
      vertex 84.9268 1.39983 50.55
      vertex 84.2328 0.634151 50.55
      vertex 84.2328 0.634146 50.55
    endloop
  endfacet
  facet normal 0 0 -1
    outer loop
      vertex 86.8636 71.8427 50.55
      vertex 86.5154 72.8156 50.55
      vertex 86.5154 72.8157 50.55
    endloop
  endfacet
  facet normal 0 0 -1
    outer loop
      vertex 86.0736 73.7498 50.55
      vertex 86.5154 72.8157 50.55
      vertex 86.5154 72.8156 50.55
    endloop
  endfacet
  facet normal 0 0 -1
    outer loop
      vertex 86.0736 73.7498 50.55
      vertex 85.5424 74.6361 50.55
      vertex 85.5424 74.6362 50.55
    endloop
  endfacet
  facet normal 0 0 -1
    outer loop
      vertex 84.9268 75.4661 50.55
      vertex 85.5424 74.6362 50.55
      vertex 85.5424 74.6361 50.55
    endloop
  endfacet
  facet normal 0 0 -1
    outer loop
      vertex 85.5424 74.6362 50.55
      vertex 84.9268 75.4661 50.55
      vertex 84.9268 75.4662 50.55
    endloop
  endfacet
  facet normal 0 0 -1
    outer loop
      vertex 84.2328 76.2318 50.55
      vertex 84.9268 75.4662 50.55
      vertex 84.9268 75.4661 50.55
    endloop
  endfacet
  facet normal 0 0 -1
    outer loop
      vertex 83.4671 76.9258 50.55
      vertex 83.4672 76.9258 50.55
      vertex 84.2328 76.2318 50.55
    endloop
  endfacet
  facet normal 0 0 -1
    outer loop
      vertex 83.4671 76.9258 50.55
      vertex 82.6371 77.5414 50.55
      vertex 83.4672 76.9258 50.55
    endloop
  endfacet
  facet normal 0 0 -1
    outer loop
      vertex 80.8166 78.5144 50.55
      vertex 80.8167 78.5145 50.55
      vertex 81.7508 78.0726 50.55
    endloop
  endfacet
  facet normal 0 0 -1
    outer loop
      vertex 80.8166 78.5144 50.55
      vertex 79.8437 78.8626 50.55
      vertex 80.8167 78.5145 50.55
    endloop
  endfacet
  facet normal 0 0 -1
    outer loop
      vertex 78.8413 79.1136 50.55
      vertex 78.8413 79.1137 50.55
      vertex 79.8437 78.8626 50.55
    endloop
  endfacet
  facet normal 0 0 -1
    outer loop
      vertex 78.8413 79.1136 50.55
      vertex 77.8191 79.2653 50.55
      vertex 78.8413 79.1137 50.55
    endloop
  endfacet
  facet normal 0 0 0
    outer loop
      vertex 8.07999 79.316 50.55
      vertex 8.08 79.316 50.55
      vertex 76.787 79.316 50.55
    endloop
  endfacet
  facet normal -0 0 1
    outer loop
      vertex 8.07999 79.316 50.55
      vertex 7.04788 79.2653 50.55
      vertex 8.08 79.316 50.55
    endloop
  endfacet
  facet normal 0 0 1
    outer loop
      vertex 7.04787 79.2653 50.55
      vertex 7.04788 79.2653 50.55
      vertex 8.07999 79.316 50.55
    endloop
  endfacet
  facet normal -0 0 1
    outer loop
      vertex 7.04787 79.2653 50.55
      vertex 6.02569 79.1137 50.55
      vertex 7.04788 79.2653 50.55
    endloop
  endfacet
  facet normal 0 0 -1
    outer loop
      vertex 6.02568 79.1136 50.55
      vertex 6.02569 79.1137 50.55
      vertex 7.04787 79.2653 50.55
    endloop
  endfacet
  facet normal -0 0 -1
    outer loop
      vertex 6.02568 79.1136 50.55
      vertex 5.0233 78.8626 50.55
      vertex 6.02569 79.1137 50.55
    endloop
  endfacet
  facet normal 0 0 1
    outer loop
      vertex 5.02328 78.8626 50.55
      vertex 5.0233 78.8626 50.55
      vertex 6.02568 79.1136 50.55
    endloop
  endfacet
  facet normal -0 0 1
    outer loop
      vertex 5.02328 78.8626 50.55
      vertex 4.05033 78.5145 50.55
      vertex 5.0233 78.8626 50.55
    endloop
  endfacet
  facet normal 0 0 -1
    outer loop
      vertex 4.05032 78.5144 50.55
      vertex 4.05033 78.5145 50.55
      vertex 5.02328 78.8626 50.55
    endloop
  endfacet
  facet normal -0 0 -1
    outer loop
      vertex 4.05032 78.5144 50.55
      vertex 3.11618 78.0726 50.55
      vertex 4.05033 78.5145 50.55
    endloop
  endfacet
  facet normal 0 0 1
    outer loop
      vertex 3.11617 78.0726 50.55
      vertex 3.11618 78.0726 50.55
      vertex 4.05032 78.5144 50.55
    endloop
  endfacet
  facet normal -0 0 1
    outer loop
      vertex 3.11617 78.0726 50.55
      vertex 2.22984 77.5414 50.55
      vertex 3.11618 78.0726 50.55
    endloop
  endfacet
  facet normal 0 0 1
    outer loop
      vertex 2.22983 77.5414 50.55
      vertex 2.22984 77.5414 50.55
      vertex 3.11617 78.0726 50.55
    endloop
  endfacet
  facet normal -0 0 1
    outer loop
      vertex 2.22983 77.5414 50.55
      vertex 1.39984 76.9258 50.55
      vertex 2.22984 77.5414 50.55
    endloop
  endfacet
  facet normal 0 0 1
    outer loop
      vertex 1.39983 76.9258 50.55
      vertex 1.39984 76.9258 50.55
      vertex 2.22983 77.5414 50.55
    endloop
  endfacet
  facet normal -0 0 1
    outer loop
      vertex 1.39983 76.9258 50.55
      vertex 0.634151 76.2318 50.55
      vertex 1.39984 76.9258 50.55
    endloop
  endfacet
  facet normal 0 -0 1
    outer loop
      vertex 0.634151 76.2318 50.55
      vertex 1.39983 76.9258 50.55
      vertex 0.634146 76.2318 50.55
    endloop
  endfacet
  facet normal 0 0 1
    outer loop
      vertex 5.0233 -1.99658 50.55
      vertex 5.02328 -1.99658 50.55
      vertex 6.02568 -2.24768 50.55
    endloop
  endfacet
  facet normal 0 0 1
    outer loop
      vertex 4.05033 -1.64846 50.55
      vertex 5.02328 -1.99658 50.55
      vertex 5.0233 -1.99658 50.55
    endloop
  endfacet
  facet normal 0 0 -1
    outer loop
      vertex 4.05033 -1.64846 50.55
      vertex 4.05032 -1.64845 50.55
      vertex 5.02328 -1.99658 50.55
    endloop
  endfacet
  facet normal 0 0 -1
    outer loop
      vertex 3.11618 -1.20664 50.55
      vertex 4.05032 -1.64845 50.55
      vertex 4.05033 -1.64846 50.55
    endloop
  endfacet
  facet normal 0 0 -1
    outer loop
      vertex 3.11618 -1.20664 50.55
      vertex 3.11617 -1.20663 50.55
      vertex 4.05032 -1.64845 50.55
    endloop
  endfacet
  facet normal 0 0 -1
    outer loop
      vertex 2.22984 -0.675387 50.55
      vertex 3.11617 -1.20663 50.55
      vertex 3.11618 -1.20664 50.55
    endloop
  endfacet
  facet normal 0 0 1
    outer loop
      vertex 2.22984 -0.675387 50.55
      vertex 2.22983 -0.675385 50.55
      vertex 3.11617 -1.20663 50.55
    endloop
  endfacet
  facet normal 0 0 1
    outer loop
      vertex 1.39984 -0.0598021 50.55
      vertex 2.22983 -0.675385 50.55
      vertex 2.22984 -0.675387 50.55
    endloop
  endfacet
  facet normal 0 0 1
    outer loop
      vertex 1.39984 -0.0598021 50.55
      vertex 1.39983 -0.0597992 50.55
      vertex 2.22983 -0.675385 50.55
    endloop
  endfacet
  facet normal 0 0 1
    outer loop
      vertex 0.634151 0.634151 50.55
      vertex 1.39983 -0.0597992 50.55
      vertex 1.39984 -0.0598021 50.55
    endloop
  endfacet
  facet normal 0 0 1
    outer loop
      vertex 0.634151 0.634151 50.55
      vertex 0.63414 0.63414 50.55
      vertex 1.39983 -0.0597992 50.55
    endloop
  endfacet
  facet normal 0 0 1
    outer loop
      vertex 0.634151 0.634151 50.55
      vertex -0.0597992 1.39983 50.55
      vertex 0.63414 0.63414 50.55
    endloop
  endfacet
  facet normal 0 0 1
    outer loop
      vertex -0.0598021 1.39984 50.55
      vertex -0.0597992 1.39983 50.55
      vertex 0.634151 0.634151 50.55
    endloop
  endfacet
  facet normal 0 0 1
    outer loop
      vertex -0.0598021 1.39984 50.55
      vertex -0.675385 2.22983 50.55
      vertex -0.0597992 1.39983 50.55
    endloop
  endfacet
  facet normal 0 0 1
    outer loop
      vertex -0.675387 2.22984 50.55
      vertex -0.675385 2.22983 50.55
      vertex -0.0598021 1.39984 50.55
    endloop
  endfacet
  facet normal 0 0 1
    outer loop
      vertex -0.675387 2.22984 50.55
      vertex -1.20663 3.11617 50.55
      vertex -0.675385 2.22983 50.55
    endloop
  endfacet
  facet normal 0 0 -1
    outer loop
      vertex -1.20664 3.11618 50.55
      vertex -1.20663 3.11617 50.55
      vertex -0.675387 2.22984 50.55
    endloop
  endfacet
  facet normal 0 0 -1
    outer loop
      vertex -1.20664 3.11618 50.55
      vertex -1.64845 4.05032 50.55
      vertex -1.20663 3.11617 50.55
    endloop
  endfacet
  facet normal 0 0 -1
    outer loop
      vertex -1.64846 4.05033 50.55
      vertex -1.64845 4.05032 50.55
      vertex -1.20664 3.11618 50.55
    endloop
  endfacet
  facet normal 0 0 -1
    outer loop
      vertex -1.64846 4.05033 50.55
      vertex -1.99658 5.02328 50.55
      vertex -1.64845 4.05032 50.55
    endloop
  endfacet
  facet normal 0 0 1
    outer loop
      vertex -1.99658 5.0233 50.55
      vertex -1.99658 5.02328 50.55
      vertex -1.64846 4.05033 50.55
    endloop
  endfacet
  facet normal 0 -0 1
    outer loop
      vertex -1.99658 5.02328 50.55
      vertex -1.99658 5.0233 50.55
      vertex -2.24768 6.02568 50.55
    endloop
  endfacet
  facet normal 0 0 -1
    outer loop
      vertex 83.4672 -0.0598021 50.55
      vertex 83.4671 -0.0597992 50.55
      vertex 84.1754 0.582141 50.55
    endloop
  endfacet
  facet normal 0 0 -1
    outer loop
      vertex 82.6371 -0.675387 50.55
      vertex 83.4671 -0.0597992 50.55
      vertex 83.4672 -0.0598021 50.55
    endloop
  endfacet
  facet normal 0 0 -1
    outer loop
      vertex 82.6371 -0.675387 50.55
      vertex 82.6371 -0.675385 50.55
      vertex 83.4671 -0.0597992 50.55
    endloop
  endfacet
  facet normal 0 0 -1
    outer loop
      vertex 81.7508 -1.20664 50.55
      vertex 82.6371 -0.675385 50.55
      vertex 82.6371 -0.675387 50.55
    endloop
  endfacet
  facet normal 0 0 -1
    outer loop
      vertex 81.7508 -1.20664 50.55
      vertex 81.7508 -1.20663 50.55
      vertex 82.6371 -0.675385 50.55
    endloop
  endfacet
  facet normal 0 0 -1
    outer loop
      vertex 80.8167 -1.64846 50.55
      vertex 81.7508 -1.20663 50.55
      vertex 81.7508 -1.20664 50.55
    endloop
  endfacet
  facet normal 0 0 -1
    outer loop
      vertex 80.8167 -1.64846 50.55
      vertex 80.8166 -1.64845 50.55
      vertex 81.7508 -1.20663 50.55
    endloop
  endfacet
  facet normal 0 0 -1
    outer loop
      vertex 79.8437 -1.99658 50.55
      vertex 80.8166 -1.64845 50.55
      vertex 80.8167 -1.64846 50.55
    endloop
  endfacet
  facet normal 0 0 -0
    outer loop
      vertex 8.08 -2.45 50.55
      vertex 8.07999 -2.45 50.55
      vertex 76.787 -2.45 50.55
    endloop
  endfacet
  facet normal 0 0 1
    outer loop
      vertex 7.04788 -2.39931 50.55
      vertex 8.07999 -2.45 50.55
      vertex 8.08 -2.45 50.55
    endloop
  endfacet
  facet normal 0 0 1
    outer loop
      vertex 7.04788 -2.39931 50.55
      vertex 7.04787 -2.39931 50.55
      vertex 8.07999 -2.45 50.55
    endloop
  endfacet
  facet normal 0 0 1
    outer loop
      vertex 6.02569 -2.24768 50.55
      vertex 7.04787 -2.39931 50.55
      vertex 7.04788 -2.39931 50.55
    endloop
  endfacet
  facet normal 0 0 1
    outer loop
      vertex 7.04787 -2.39931 50.55
      vertex 6.02569 -2.24768 50.55
      vertex 6.02568 -2.24768 50.55
    endloop
  endfacet
  facet normal 0 0 -1
    outer loop
      vertex 76.787 -0.449997 50.55
      vertex 42.31 31.39 50.55
      vertex 57.41 31.39 50.55
    endloop
  endfacet
  facet normal 0 0 -1
    outer loop
      vertex 30.74 36.2 50.55
      vertex 42.31 31.39 50.55
      vertex 30.74 31.26 50.55
    endloop
  endfacet
  facet normal 0 0 -1
    outer loop
      vertex 28.84 26.18 50.55
      vertex 42.31 31.39 50.55
      vertex 76.787 -0.449997 50.55
    endloop
  endfacet
  facet normal 0 0 -1
    outer loop
      vertex 42.31 31.39 50.55
      vertex 28.84 26.18 50.55
      vertex 30.74 31.26 50.55
    endloop
  endfacet
  facet normal 0 0 -1
    outer loop
      vertex 8.07999 -0.449997 50.55
      vertex 28.84 26.18 50.55
      vertex 76.787 -0.449997 50.55
    endloop
  endfacet
  facet normal 0 0 -1
    outer loop
      vertex -0.449997 8.07999 50.55
      vertex 11.2 26.18 50.55
      vertex 8.07999 -0.449997 50.55
    endloop
  endfacet
  facet normal -0 0 -1
    outer loop
      vertex 28.84 26.18 50.55
      vertex 8.07999 -0.449997 50.55
      vertex 11.2 26.18 50.55
    endloop
  endfacet
  facet normal 0 0 -1
    outer loop
      vertex 76.787 -0.449997 50.55
      vertex 85.317 8.07999 50.55
      vertex 85.2759 7.2439 50.55
    endloop
  endfacet
  facet normal 0 0 -1
    outer loop
      vertex 85.317 8.07999 50.55
      vertex 79.78 41.48 50.55
      vertex 85.317 68.786 50.55
    endloop
  endfacet
  facet normal 0 0 -1
    outer loop
      vertex 76.787 -0.449997 50.55
      vertex 85.2759 7.2439 50.55
      vertex 85.1531 6.41586 50.55
    endloop
  endfacet
  facet normal 0 0 -1
    outer loop
      vertex 79.78 74.73 50.55
      vertex 85.317 68.786 50.55
      vertex 79.78 41.48 50.55
    endloop
  endfacet
  facet normal 0 0 -1
    outer loop
      vertex 76.787 -0.449997 50.55
      vertex 85.1531 6.41586 50.55
      vertex 84.9497 5.60385 50.55
    endloop
  endfacet
  facet normal 0 0 -1
    outer loop
      vertex 85.317 68.786 50.55
      vertex 79.78 74.73 50.55
      vertex 85.2759 69.6221 50.55
    endloop
  endfacet
  facet normal 0 0 -1
    outer loop
      vertex 76.787 -0.449997 50.55
      vertex 84.9497 5.60385 50.55
      vertex 84.6677 4.81569 50.55
    endloop
  endfacet
  facet normal 0 0 -1
    outer loop
      vertex 85.2759 69.6221 50.55
      vertex 79.78 74.73 50.55
      vertex 85.1531 70.4501 50.55
    endloop
  endfacet
  facet normal 0 0 -1
    outer loop
      vertex 76.787 -0.449997 50.55
      vertex 84.6677 4.81569 50.55
      vertex 84.3098 4.05896 50.55
    endloop
  endfacet
  facet normal 0 0 -1
    outer loop
      vertex 85.1531 70.4501 50.55
      vertex 79.78 74.73 50.55
      vertex 84.9497 71.2621 50.55
    endloop
  endfacet
  facet normal 0 0 -1
    outer loop
      vertex 76.787 -0.449997 50.55
      vertex 84.3098 4.05896 50.55
      vertex 83.8794 3.34097 50.55
    endloop
  endfacet
  facet normal 0 0 -1
    outer loop
      vertex 84.9497 71.2621 50.55
      vertex 79.78 74.73 50.55
      vertex 84.6677 72.0503 50.55
    endloop
  endfacet
  facet normal 0 0 -1
    outer loop
      vertex 76.787 -0.449997 50.55
      vertex 83.8794 3.34097 50.55
      vertex 83.3808 2.66861 50.55
    endloop
  endfacet
  facet normal 0 0 -1
    outer loop
      vertex 84.6677 72.0503 50.55
      vertex 79.78 74.73 50.55
      vertex 84.3098 72.807 50.55
    endloop
  endfacet
  facet normal 0 0 -1
    outer loop
      vertex 76.787 -0.449997 50.55
      vertex 83.3808 2.66861 50.55
      vertex 82.8186 2.04836 50.55
    endloop
  endfacet
  facet normal 0 0 -1
    outer loop
      vertex 84.3098 72.807 50.55
      vertex 79.78 74.73 50.55
      vertex 83.8794 73.525 50.55
    endloop
  endfacet
  facet normal 0 0 -1
    outer loop
      vertex 76.787 -0.449997 50.55
      vertex 82.8186 2.04836 50.55
      vertex 82.1983 1.48621 50.55
    endloop
  endfacet
  facet normal 0 0 -1
    outer loop
      vertex 83.8794 73.525 50.55
      vertex 79.78 74.73 50.55
      vertex 83.3808 74.1974 50.55
    endloop
  endfacet
  facet normal 0 0 -1
    outer loop
      vertex 76.787 -0.449997 50.55
      vertex 82.1983 1.48621 50.55
      vertex 81.526 0.987549 50.55
    endloop
  endfacet
  facet normal 0 0 -1
    outer loop
      vertex 83.3808 74.1974 50.55
      vertex 79.78 74.73 50.55
      vertex 82.8186 74.8176 50.55
    endloop
  endfacet
  facet normal 0 0 -1
    outer loop
      vertex 76.787 -0.449997 50.55
      vertex 81.526 0.987549 50.55
      vertex 80.808 0.55719 50.55
    endloop
  endfacet
  facet normal -0 0 -1
    outer loop
      vertex 82.8186 74.8176 50.55
      vertex 79.78 74.73 50.55
      vertex 82.1983 75.3798 50.55
    endloop
  endfacet
  facet normal 0 0 -1
    outer loop
      vertex 76.787 -0.449997 50.55
      vertex 80.808 0.55719 50.55
      vertex 80.0513 0.199295 50.55
    endloop
  endfacet
  facet normal -0 0 -1
    outer loop
      vertex 82.1983 75.3798 50.55
      vertex 79.78 74.73 50.55
      vertex 81.526 75.8784 50.55
    endloop
  endfacet
  facet normal -0 0 -1
    outer loop
      vertex 81.526 75.8784 50.55
      vertex 79.78 74.73 50.55
      vertex 80.808 76.3088 50.55
    endloop
  endfacet
  facet normal 0 0 -1
    outer loop
      vertex 76.787 -0.449997 50.55
      vertex 80.0513 0.199295 50.55
      vertex 79.2631 -0.0827026 50.55
    endloop
  endfacet
  facet normal 0 0 -1
    outer loop
      vertex 76.787 -0.449997 50.55
      vertex 79.2631 -0.0827026 50.55
      vertex 78.4511 -0.286102 50.55
    endloop
  endfacet
  facet normal 0 0 -1
    outer loop
      vertex 76.787 -0.449997 50.55
      vertex 78.4511 -0.286102 50.55
      vertex 77.6231 -0.408936 50.55
    endloop
  endfacet
  facet normal -0 0 -1
    outer loop
      vertex 85.317 8.07999 50.55
      vertex 76.787 -0.449997 50.55
      vertex 57.41 31.39 50.55
    endloop
  endfacet
  facet normal 0 0 -1
    outer loop
      vertex 85.317 8.07999 50.55
      vertex 57.41 31.39 50.55
      vertex 79.78 41.48 50.55
    endloop
  endfacet
  facet normal 0 0 -1
    outer loop
      vertex 57.41 36.33 50.55
      vertex 79.78 41.48 50.55
      vertex 57.41 31.39 50.55
    endloop
  endfacet
  facet normal 0 0 -1
    outer loop
      vertex 57.41 36.33 50.55
      vertex 50.18 41.48 50.55
      vertex 79.78 41.48 50.55
    endloop
  endfacet
  facet normal 0 0 -1
    outer loop
      vertex 48.65 74.32 50.55
      vertex 50.18 41.48 50.55
      vertex 48.65 38.63 50.55
    endloop
  endfacet
  facet normal 0 0 -1
    outer loop
      vertex 57.41 36.33 50.55
      vertex 48.65 38.63 50.55
      vertex 50.18 41.48 50.55
    endloop
  endfacet
  facet normal 0 0 -1
    outer loop
      vertex 42.31 36.33 50.55
      vertex 48.65 38.63 50.55
      vertex 57.41 36.33 50.55
    endloop
  endfacet
  facet normal 0 0 -1
    outer loop
      vertex 42.31 31.39 50.55
      vertex 30.74 36.2 50.55
      vertex 42.31 36.33 50.55
    endloop
  endfacet
  facet normal 0 0 -1
    outer loop
      vertex 30.74 36.2 50.55
      vertex 48.65 38.63 50.55
      vertex 42.31 36.33 50.55
    endloop
  endfacet
  facet normal 0 0 -1
    outer loop
      vertex 30.74 36.2 50.55
      vertex 8.15 38.63 50.55
      vertex 48.65 38.63 50.55
    endloop
  endfacet
  facet normal 0 0 -1
    outer loop
      vertex -0.449997 68.786 50.55
      vertex 8.15 74.32 50.55
      vertex 8.15 38.63 50.55
    endloop
  endfacet
  facet normal 0 0 -1
    outer loop
      vertex 8.02 36.2 50.55
      vertex 8.15 38.63 50.55
      vertex 30.74 36.2 50.55
    endloop
  endfacet
  facet normal 0 0 -1
    outer loop
      vertex -0.449997 68.786 50.55
      vertex 8.15 38.63 50.55
      vertex 8.02 36.2 50.55
    endloop
  endfacet
  facet normal -0 0 -1
    outer loop
      vertex 8.02 31.26 50.55
      vertex -0.449997 8.07999 50.55
      vertex 8.02 36.2 50.55
    endloop
  endfacet
  facet normal 0 0 -1
    outer loop
      vertex -0.449997 68.786 50.55
      vertex 8.02 36.2 50.55
      vertex -0.449997 8.07999 50.55
    endloop
  endfacet
  facet normal 0 0 -1
    outer loop
      vertex -0.449997 8.07999 50.55
      vertex 7.2439 -0.408936 50.55
      vertex 6.41586 -0.286102 50.55
    endloop
  endfacet
  facet normal 0 -0 -1
    outer loop
      vertex -0.408936 69.6221 50.55
      vertex 8.15 74.32 50.55
      vertex -0.449997 68.786 50.55
    endloop
  endfacet
  facet normal 0 0 -1
    outer loop
      vertex -0.449997 8.07999 50.55
      vertex 6.41586 -0.286102 50.55
      vertex 5.60385 -0.0827026 50.55
    endloop
  endfacet
  facet normal 0 0 -1
    outer loop
      vertex 8.15 74.32 50.55
      vertex 7.2439 77.2749 50.55
      vertex 8.07999 77.316 50.55
    endloop
  endfacet
  facet normal 0 0 -1
    outer loop
      vertex -0.449997 8.07999 50.55
      vertex 5.60385 -0.0827026 50.55
      vertex 4.81569 0.199295 50.55
    endloop
  endfacet
  facet normal 0 0 -1
    outer loop
      vertex 8.15 74.32 50.55
      vertex 6.41586 77.1521 50.55
      vertex 7.2439 77.2749 50.55
    endloop
  endfacet
  facet normal 0 0 -1
    outer loop
      vertex -0.449997 8.07999 50.55
      vertex 4.81569 0.199295 50.55
      vertex 4.05896 0.55719 50.55
    endloop
  endfacet
  facet normal 0 0 -1
    outer loop
      vertex 8.15 74.32 50.55
      vertex 5.60385 76.9487 50.55
      vertex 6.41586 77.1521 50.55
    endloop
  endfacet
  facet normal 0 0 -1
    outer loop
      vertex -0.449997 8.07999 50.55
      vertex 4.05896 0.55719 50.55
      vertex 3.34097 0.987549 50.55
    endloop
  endfacet
  facet normal 0 0 -1
    outer loop
      vertex 8.15 74.32 50.55
      vertex 4.81569 76.6667 50.55
      vertex 5.60385 76.9487 50.55
    endloop
  endfacet
  facet normal 0 0 -1
    outer loop
      vertex -0.449997 8.07999 50.55
      vertex 3.34097 0.987549 50.55
      vertex 2.66861 1.48621 50.55
    endloop
  endfacet
  facet normal 0 0 -1
    outer loop
      vertex 8.15 74.32 50.55
      vertex 4.05896 76.3088 50.55
      vertex 4.81569 76.6667 50.55
    endloop
  endfacet
  facet normal 0 0 -1
    outer loop
      vertex -0.449997 8.07999 50.55
      vertex 2.66861 1.48621 50.55
      vertex 2.04836 2.04836 50.55
    endloop
  endfacet
  facet normal 0 0 -1
    outer loop
      vertex 8.15 74.32 50.55
      vertex 3.34097 75.8784 50.55
      vertex 4.05896 76.3088 50.55
    endloop
  endfacet
  facet normal 0 0 -1
    outer loop
      vertex -0.449997 8.07999 50.55
      vertex 2.04836 2.04836 50.55
      vertex 1.48621 2.66861 50.55
    endloop
  endfacet
  facet normal 0 0 -1
    outer loop
      vertex 8.15 74.32 50.55
      vertex 2.66861 75.3798 50.55
      vertex 3.34097 75.8784 50.55
    endloop
  endfacet
  facet normal 0 0 -1
    outer loop
      vertex -0.449997 8.07999 50.55
      vertex 1.48621 2.66861 50.55
      vertex 0.987549 3.34097 50.55
    endloop
  endfacet
  facet normal 0 0 -1
    outer loop
      vertex 8.15 74.32 50.55
      vertex 2.04836 74.8176 50.55
      vertex 2.66861 75.3798 50.55
    endloop
  endfacet
  facet normal 0 0 -1
    outer loop
      vertex -0.449997 8.07999 50.55
      vertex 0.987549 3.34097 50.55
      vertex 0.55719 4.05896 50.55
    endloop
  endfacet
  facet normal -0 0 -1
    outer loop
      vertex 8.15 74.32 50.55
      vertex 1.48621 74.1974 50.55
      vertex 2.04836 74.8176 50.55
    endloop
  endfacet
  facet normal 0 0 -1
    outer loop
      vertex -0.449997 8.07999 50.55
      vertex 0.55719 4.05896 50.55
      vertex 0.199295 4.81569 50.55
    endloop
  endfacet
  facet normal 0 0 -1
    outer loop
      vertex 8.15 74.32 50.55
      vertex 0.987549 73.525 50.55
      vertex 1.48621 74.1974 50.55
    endloop
  endfacet
  facet normal 0 0 -1
    outer loop
      vertex -0.449997 8.07999 50.55
      vertex 0.199295 4.81569 50.55
      vertex -0.0827026 5.60385 50.55
    endloop
  endfacet
  facet normal 0 0 -1
    outer loop
      vertex 8.15 74.32 50.55
      vertex 0.55719 72.807 50.55
      vertex 0.987549 73.525 50.55
    endloop
  endfacet
  facet normal 0 0 -1
    outer loop
      vertex -0.449997 8.07999 50.55
      vertex -0.0827026 5.60385 50.55
      vertex -0.286102 6.41586 50.55
    endloop
  endfacet
  facet normal 0 0 -1
    outer loop
      vertex 8.15 74.32 50.55
      vertex 0.199295 72.0503 50.55
      vertex 0.55719 72.807 50.55
    endloop
  endfacet
  facet normal 0 0 -1
    outer loop
      vertex -0.449997 8.07999 50.55
      vertex -0.286102 6.41586 50.55
      vertex -0.408936 7.2439 50.55
    endloop
  endfacet
  facet normal 0 0 -1
    outer loop
      vertex 8.15 74.32 50.55
      vertex -0.0827026 71.2621 50.55
      vertex 0.199295 72.0503 50.55
    endloop
  endfacet
  facet normal 0 0 -1
    outer loop
      vertex 8.15 74.32 50.55
      vertex -0.286102 70.4501 50.55
      vertex -0.0827026 71.2621 50.55
    endloop
  endfacet
  facet normal 0 0 -1
    outer loop
      vertex 8.15 74.32 50.55
      vertex -0.408936 69.6221 50.55
      vertex -0.286102 70.4501 50.55
    endloop
  endfacet
  facet normal -0 0 -1
    outer loop
      vertex 80.808 76.3088 50.55
      vertex 79.78 74.73 50.55
      vertex 80.0513 76.6667 50.55
    endloop
  endfacet
  facet normal 0 0 -1
    outer loop
      vertex 79.78 74.73 50.55
      vertex 79.2631 76.9487 50.55
      vertex 80.0513 76.6667 50.55
    endloop
  endfacet
  facet normal 0 0 -1
    outer loop
      vertex 79.78 74.73 50.55
      vertex 78.4511 77.1521 50.55
      vertex 79.2631 76.9487 50.55
    endloop
  endfacet
  facet normal 0 0 -1
    outer loop
      vertex 79.78 74.73 50.55
      vertex 77.6231 77.2749 50.55
      vertex 78.4511 77.1521 50.55
    endloop
  endfacet
  facet normal 0 0 -1
    outer loop
      vertex 79.78 74.73 50.55
      vertex 76.787 77.316 50.55
      vertex 77.6231 77.2749 50.55
    endloop
  endfacet
  facet normal 0 0 -1
    outer loop
      vertex 50.18 74.73 50.55
      vertex 76.787 77.316 50.55
      vertex 79.78 74.73 50.55
    endloop
  endfacet
  facet normal 0 0 -1
    outer loop
      vertex 50.18 41.48 50.55
      vertex 48.65 74.32 50.55
      vertex 50.18 74.73 50.55
    endloop
  endfacet
  facet normal 0 0 -1
    outer loop
      vertex 8.07999 77.316 50.55
      vertex 48.65 74.32 50.55
      vertex 8.15 74.32 50.55
    endloop
  endfacet
  facet normal 0 0 -1
    outer loop
      vertex 48.65 74.32 50.55
      vertex 8.07999 77.316 50.55
      vertex 50.18 74.73 50.55
    endloop
  endfacet
  facet normal 0 0 -1
    outer loop
      vertex 50.18 74.73 50.55
      vertex 8.07999 77.316 50.55
      vertex 76.787 77.316 50.55
    endloop
  endfacet
  facet normal 0 0 -1
    outer loop
      vertex 28.84 31.12 50.55
      vertex 30.74 31.26 50.55
      vertex 28.84 26.18 50.55
    endloop
  endfacet
  facet normal 0 0 -1
    outer loop
      vertex 11.2 31.12 50.55
      vertex 30.74 31.26 50.55
      vertex 28.84 31.12 50.55
    endloop
  endfacet
  facet normal 0 0 -1
    outer loop
      vertex 11.2 31.12 50.55
      vertex 8.02 31.26 50.55
      vertex 30.74 31.26 50.55
    endloop
  endfacet
  facet normal 0 -0 -1
    outer loop
      vertex 8.02 31.26 50.55
      vertex 11.2 26.18 50.55
      vertex -0.449997 8.07999 50.55
    endloop
  endfacet
  facet normal 0 0 -1
    outer loop
      vertex 11.2 26.18 50.55
      vertex 8.02 31.26 50.55
      vertex 11.2 31.12 50.55
    endloop
  endfacet
  facet normal 0 0 -1
    outer loop
      vertex -0.449997 8.07999 50.55
      vertex 8.07999 -0.449997 50.55
      vertex 7.2439 -0.408936 50.55
    endloop
  endfacet
  facet normal 0 -0 1
    outer loop
      vertex 84.2328 0.63414 50.55
      vertex 84.2328 0.634146 50.55
      vertex 84.1754 0.582141 50.55
    endloop
  endfacet
  facet normal 0 0 1
    outer loop
      vertex 0.634146 76.2318 50.55
      vertex 0.63414 76.2318 50.55
      vertex 0.582141 76.1744 50.55
    endloop
  endfacet
  facet normal -0.989176 -0.146733 0
    outer loop
      vertex -2.24768 6.02569 50.55
      vertex -2.39931 7.04788 52.75
      vertex -2.39931 7.04788 50.55
    endloop
  endfacet
  facet normal -0.989176 -0.146733 0
    outer loop
      vertex -2.39931 7.04788 52.75
      vertex -2.24768 6.02569 50.55
      vertex -2.24768 6.02569 52.75
    endloop
  endfacet
  facet normal -1 0 0
    outer loop
      vertex -2.45 8.08 50.55
      vertex -2.45 68.786 52.75
      vertex -2.45 68.786 50.55
    endloop
  endfacet
  facet normal -1 -0 0
    outer loop
      vertex -2.45 68.786 52.75
      vertex -2.45 8.08 50.55
      vertex -2.45 8.08 52.75
    endloop
  endfacet
  facet normal 0.998796 0.049064 0
    outer loop
      vertex 87.317 68.786 52.75
      vertex 87.2663 69.8181 50.55
      vertex 87.2663 69.8181 52.75
    endloop
  endfacet
  facet normal 0.998796 0.049064 0
    outer loop
      vertex 87.2663 69.8181 50.55
      vertex 87.317 68.786 52.75
      vertex 87.317 68.786 50.55
    endloop
  endfacet
  facet normal -0.998796 -0.0490534 0
    outer loop
      vertex -2.39931 7.04788 50.55
      vertex -2.45 8.08 52.75
      vertex -2.45 8.08 50.55
    endloop
  endfacet
  facet normal -0.998796 -0.0490534 0
    outer loop
      vertex -2.45 8.08 52.75
      vertex -2.39931 7.04788 50.55
      vertex -2.39931 7.04788 52.75
    endloop
  endfacet
  facet normal 0.049064 0.998796 -0
    outer loop
      vertex 77.8191 79.2653 50.55
      vertex 76.787 79.316 52.75
      vertex 77.8191 79.2653 52.75
    endloop
  endfacet
  facet normal 0.049064 0.998796 0
    outer loop
      vertex 76.787 79.316 52.75
      vertex 77.8191 79.2653 50.55
      vertex 76.787 79.316 50.55
    endloop
  endfacet
  facet normal 0.595662 -0.803235 0
    outer loop
      vertex 82.6371 -0.675387 50.55
      vertex 83.4672 -0.0598021 52.75
      vertex 82.6371 -0.675387 52.75
    endloop
  endfacet
  facet normal 0.595662 -0.803235 0
    outer loop
      vertex 83.4672 -0.0598021 52.75
      vertex 82.6371 -0.675387 50.55
      vertex 83.4672 -0.0598021 50.55
    endloop
  endfacet
  facet normal -0.998796 0.0490543 0
    outer loop
      vertex -2.45 68.786 50.55
      vertex -2.39931 69.8181 52.75
      vertex -2.39931 69.8181 50.55
    endloop
  endfacet
  facet normal -0.998796 0.0490543 0
    outer loop
      vertex -2.39931 69.8181 52.75
      vertex -2.45 68.786 50.55
      vertex -2.45 68.786 52.75
    endloop
  endfacet
  facet normal 0.0490543 -0.998796 0
    outer loop
      vertex 76.787 -2.45 50.55
      vertex 77.8191 -2.39931 52.75
      vertex 76.787 -2.45 52.75
    endloop
  endfacet
  facet normal 0.0490543 -0.998796 0
    outer loop
      vertex 77.8191 -2.39931 52.75
      vertex 76.787 -2.45 50.55
      vertex 77.8191 -2.39931 50.55
    endloop
  endfacet
  facet normal 0 1 -0
    outer loop
      vertex 76.787 79.316 50.55
      vertex 8.08 79.316 52.75
      vertex 76.787 79.316 52.75
    endloop
  endfacet
  facet normal 0 1 0
    outer loop
      vertex 8.08 79.316 52.75
      vertex 76.787 79.316 50.55
      vertex 8.08 79.316 50.55
    endloop
  endfacet
  facet normal 0 0 1
    outer loop
      vertex 76.787 79.316 52.75
      vertex 87.317 68.786 52.75
      vertex 87.2663 69.8181 52.75
    endloop
  endfacet
  facet normal 0 0 1
    outer loop
      vertex 87.317 68.786 52.75
      vertex 76.787 79.316 52.75
      vertex 87.317 8.08 52.75
    endloop
  endfacet
  facet normal 0 0 1
    outer loop
      vertex 76.787 79.316 52.75
      vertex 87.2663 69.8181 52.75
      vertex 87.1147 70.8403 52.75
    endloop
  endfacet
  facet normal 0 0 1
    outer loop
      vertex 76.787 -2.45 52.75
      vertex 87.317 8.08 52.75
      vertex 76.787 79.316 52.75
    endloop
  endfacet
  facet normal 0 0 1
    outer loop
      vertex 76.787 79.316 52.75
      vertex 87.1147 70.8403 52.75
      vertex 86.8636 71.8427 52.75
    endloop
  endfacet
  facet normal 0 0 1
    outer loop
      vertex 87.317 8.08 52.75
      vertex 76.787 -2.45 52.75
      vertex 87.2663 7.04788 52.75
    endloop
  endfacet
  facet normal 0 0 1
    outer loop
      vertex 76.787 79.316 52.75
      vertex 86.8636 71.8427 52.75
      vertex 86.5154 72.8157 52.75
    endloop
  endfacet
  facet normal 0 0 1
    outer loop
      vertex 87.2663 7.04788 52.75
      vertex 76.787 -2.45 52.75
      vertex 87.1147 6.02569 52.75
    endloop
  endfacet
  facet normal 0 0 1
    outer loop
      vertex 76.787 79.316 52.75
      vertex 86.5154 72.8157 52.75
      vertex 86.0736 73.7498 52.75
    endloop
  endfacet
  facet normal 0 0 1
    outer loop
      vertex 87.1147 6.02569 52.75
      vertex 76.787 -2.45 52.75
      vertex 86.8636 5.0233 52.75
    endloop
  endfacet
  facet normal 0 0 1
    outer loop
      vertex 76.787 79.316 52.75
      vertex 86.0736 73.7498 52.75
      vertex 85.5424 74.6362 52.75
    endloop
  endfacet
  facet normal 0 0 1
    outer loop
      vertex 86.8636 5.0233 52.75
      vertex 76.787 -2.45 52.75
      vertex 86.5154 4.05033 52.75
    endloop
  endfacet
  facet normal 0 0 1
    outer loop
      vertex 76.787 79.316 52.75
      vertex 85.5424 74.6362 52.75
      vertex 84.9268 75.4662 52.75
    endloop
  endfacet
  facet normal 0 0 1
    outer loop
      vertex 86.5154 4.05033 52.75
      vertex 76.787 -2.45 52.75
      vertex 86.0736 3.11618 52.75
    endloop
  endfacet
  facet normal 0 0 1
    outer loop
      vertex 76.787 79.316 52.75
      vertex 84.9268 75.4662 52.75
      vertex 84.2328 76.2318 52.75
    endloop
  endfacet
  facet normal 0 0 1
    outer loop
      vertex 86.0736 3.11618 52.75
      vertex 76.787 -2.45 52.75
      vertex 85.5424 2.22984 52.75
    endloop
  endfacet
  facet normal 0 0 1
    outer loop
      vertex 76.787 79.316 52.75
      vertex 84.2328 76.2318 52.75
      vertex 83.4672 76.9258 52.75
    endloop
  endfacet
  facet normal 0 0 1
    outer loop
      vertex 85.5424 2.22984 52.75
      vertex 76.787 -2.45 52.75
      vertex 84.9268 1.39984 52.75
    endloop
  endfacet
  facet normal 0 0 1
    outer loop
      vertex 76.787 79.316 52.75
      vertex 83.4672 76.9258 52.75
      vertex 82.6371 77.5414 52.75
    endloop
  endfacet
  facet normal 0 0 1
    outer loop
      vertex 84.9268 1.39984 52.75
      vertex 76.787 -2.45 52.75
      vertex 84.2328 0.634151 52.75
    endloop
  endfacet
  facet normal 0 0 1
    outer loop
      vertex 76.787 79.316 52.75
      vertex 82.6371 77.5414 52.75
      vertex 81.7508 78.0726 52.75
    endloop
  endfacet
  facet normal 0 0 1
    outer loop
      vertex 84.2328 0.634151 52.75
      vertex 76.787 -2.45 52.75
      vertex 83.4672 -0.0598021 52.75
    endloop
  endfacet
  facet normal 0 0 1
    outer loop
      vertex 76.787 79.316 52.75
      vertex 81.7508 78.0726 52.75
      vertex 80.8167 78.5145 52.75
    endloop
  endfacet
  facet normal 0 0 1
    outer loop
      vertex 83.4672 -0.0598021 52.75
      vertex 76.787 -2.45 52.75
      vertex 82.6371 -0.675387 52.75
    endloop
  endfacet
  facet normal 0 0 1
    outer loop
      vertex 76.787 79.316 52.75
      vertex 80.8167 78.5145 52.75
      vertex 79.8437 78.8626 52.75
    endloop
  endfacet
  facet normal 0 0 1
    outer loop
      vertex 82.6371 -0.675387 52.75
      vertex 76.787 -2.45 52.75
      vertex 81.7508 -1.20664 52.75
    endloop
  endfacet
  facet normal 0 0 1
    outer loop
      vertex 76.787 79.316 52.75
      vertex 79.8437 78.8626 52.75
      vertex 78.8413 79.1137 52.75
    endloop
  endfacet
  facet normal 0 0 1
    outer loop
      vertex 81.7508 -1.20664 52.75
      vertex 76.787 -2.45 52.75
      vertex 80.8167 -1.64846 52.75
    endloop
  endfacet
  facet normal 0 0 1
    outer loop
      vertex 76.787 79.316 52.75
      vertex 78.8413 79.1137 52.75
      vertex 77.8191 79.2653 52.75
    endloop
  endfacet
  facet normal 0 0 1
    outer loop
      vertex 80.8167 -1.64846 52.75
      vertex 76.787 -2.45 52.75
      vertex 79.8437 -1.99658 52.75
    endloop
  endfacet
  facet normal 0 0 1
    outer loop
      vertex 79.8437 -1.99658 52.75
      vertex 76.787 -2.45 52.75
      vertex 78.8413 -2.24768 52.75
    endloop
  endfacet
  facet normal 0 0 1
    outer loop
      vertex 78.8413 -2.24768 52.75
      vertex 76.787 -2.45 52.75
      vertex 77.8191 -2.39931 52.75
    endloop
  endfacet
  facet normal -0 0 1
    outer loop
      vertex 8.08 79.316 52.75
      vertex 76.787 -2.45 52.75
      vertex 76.787 79.316 52.75
    endloop
  endfacet
  facet normal 0 0 1
    outer loop
      vertex 8.08 79.316 52.75
      vertex 8.08 -2.45 52.75
      vertex 76.787 -2.45 52.75
    endloop
  endfacet
  facet normal 0 0 1
    outer loop
      vertex -2.45 68.786 52.75
      vertex 8.08 79.316 52.75
      vertex 7.04788 79.2653 52.75
    endloop
  endfacet
  facet normal 0 0 1
    outer loop
      vertex 8.08 79.316 52.75
      vertex -2.45 68.786 52.75
      vertex 8.08 -2.45 52.75
    endloop
  endfacet
  facet normal 0 0 1
    outer loop
      vertex -2.45 68.786 52.75
      vertex 7.04788 79.2653 52.75
      vertex 6.02569 79.1137 52.75
    endloop
  endfacet
  facet normal -0 0 1
    outer loop
      vertex -2.45 8.08 52.75
      vertex 8.08 -2.45 52.75
      vertex -2.45 68.786 52.75
    endloop
  endfacet
  facet normal 0 0 1
    outer loop
      vertex -2.45 68.786 52.75
      vertex 6.02569 79.1137 52.75
      vertex 5.0233 78.8626 52.75
    endloop
  endfacet
  facet normal 0 0 1
    outer loop
      vertex 8.08 -2.45 52.75
      vertex -2.45 8.08 52.75
      vertex 7.04788 -2.39931 52.75
    endloop
  endfacet
  facet normal 0 0 1
    outer loop
      vertex -2.45 68.786 52.75
      vertex 5.0233 78.8626 52.75
      vertex 4.05033 78.5145 52.75
    endloop
  endfacet
  facet normal 0 0 1
    outer loop
      vertex 7.04788 -2.39931 52.75
      vertex -2.45 8.08 52.75
      vertex 6.02569 -2.24768 52.75
    endloop
  endfacet
  facet normal 0 0 1
    outer loop
      vertex -2.45 68.786 52.75
      vertex 4.05033 78.5145 52.75
      vertex 3.11618 78.0726 52.75
    endloop
  endfacet
  facet normal 0 0 1
    outer loop
      vertex 6.02569 -2.24768 52.75
      vertex -2.45 8.08 52.75
      vertex 5.0233 -1.99658 52.75
    endloop
  endfacet
  facet normal 0 0 1
    outer loop
      vertex -2.45 68.786 52.75
      vertex 3.11618 78.0726 52.75
      vertex 2.22984 77.5414 52.75
    endloop
  endfacet
  facet normal 0 0 1
    outer loop
      vertex 5.0233 -1.99658 52.75
      vertex -2.45 8.08 52.75
      vertex 4.05033 -1.64846 52.75
    endloop
  endfacet
  facet normal 0 0 1
    outer loop
      vertex -2.45 68.786 52.75
      vertex 2.22984 77.5414 52.75
      vertex 1.39984 76.9258 52.75
    endloop
  endfacet
  facet normal 0 0 1
    outer loop
      vertex 4.05033 -1.64846 52.75
      vertex -2.45 8.08 52.75
      vertex 3.11618 -1.20664 52.75
    endloop
  endfacet
  facet normal 0 0 1
    outer loop
      vertex -2.45 68.786 52.75
      vertex 1.39984 76.9258 52.75
      vertex 0.634151 76.2318 52.75
    endloop
  endfacet
  facet normal 0 0 1
    outer loop
      vertex 3.11618 -1.20664 52.75
      vertex -2.45 8.08 52.75
      vertex 2.22984 -0.675387 52.75
    endloop
  endfacet
  facet normal 0 0 1
    outer loop
      vertex -2.45 68.786 52.75
      vertex 0.634151 76.2318 52.75
      vertex -0.0598021 75.4662 52.75
    endloop
  endfacet
  facet normal 0 0 1
    outer loop
      vertex 2.22984 -0.675387 52.75
      vertex -2.45 8.08 52.75
      vertex 1.39984 -0.0598021 52.75
    endloop
  endfacet
  facet normal 0 0 1
    outer loop
      vertex -2.45 68.786 52.75
      vertex -0.0598021 75.4662 52.75
      vertex -0.675387 74.6362 52.75
    endloop
  endfacet
  facet normal 0 0 1
    outer loop
      vertex 1.39984 -0.0598021 52.75
      vertex -2.45 8.08 52.75
      vertex 0.634151 0.634151 52.75
    endloop
  endfacet
  facet normal 0 0 1
    outer loop
      vertex -2.45 68.786 52.75
      vertex -0.675387 74.6362 52.75
      vertex -1.20664 73.7498 52.75
    endloop
  endfacet
  facet normal 0 0 1
    outer loop
      vertex 0.634151 0.634151 52.75
      vertex -2.45 8.08 52.75
      vertex -0.0598021 1.39984 52.75
    endloop
  endfacet
  facet normal 0 0 1
    outer loop
      vertex -2.45 68.786 52.75
      vertex -1.20664 73.7498 52.75
      vertex -1.64846 72.8157 52.75
    endloop
  endfacet
  facet normal 0 0 1
    outer loop
      vertex -0.0598021 1.39984 52.75
      vertex -2.45 8.08 52.75
      vertex -0.675387 2.22984 52.75
    endloop
  endfacet
  facet normal 0 0 1
    outer loop
      vertex -2.45 68.786 52.75
      vertex -1.64846 72.8157 52.75
      vertex -1.99658 71.8427 52.75
    endloop
  endfacet
  facet normal 0 0 1
    outer loop
      vertex -0.675387 2.22984 52.75
      vertex -2.45 8.08 52.75
      vertex -1.20664 3.11618 52.75
    endloop
  endfacet
  facet normal 0 0 1
    outer loop
      vertex -2.45 68.786 52.75
      vertex -1.99658 71.8427 52.75
      vertex -2.24768 70.8403 52.75
    endloop
  endfacet
  facet normal 0 0 1
    outer loop
      vertex -1.20664 3.11618 52.75
      vertex -2.45 8.08 52.75
      vertex -1.64846 4.05033 52.75
    endloop
  endfacet
  facet normal 0 0 1
    outer loop
      vertex -2.45 68.786 52.75
      vertex -2.24768 70.8403 52.75
      vertex -2.39931 69.8181 52.75
    endloop
  endfacet
  facet normal 0 0 1
    outer loop
      vertex -1.64846 4.05033 52.75
      vertex -2.45 8.08 52.75
      vertex -1.99658 5.0233 52.75
    endloop
  endfacet
  facet normal 0 0 1
    outer loop
      vertex -1.99658 5.0233 52.75
      vertex -2.45 8.08 52.75
      vertex -2.24768 6.02569 52.75
    endloop
  endfacet
  facet normal 0 0 1
    outer loop
      vertex -2.24768 6.02569 52.75
      vertex -2.45 8.08 52.75
      vertex -2.39931 7.04788 52.75
    endloop
  endfacet
  facet normal -0.67157 0.740942 0
    outer loop
      vertex 1.39984 76.9258 50.55
      vertex 0.634151 76.2318 52.75
      vertex 1.39984 76.9258 52.75
    endloop
  endfacet
  facet normal -0.67157 0.740942 0
    outer loop
      vertex 0.634151 76.2318 52.75
      vertex 1.39984 76.9258 50.55
      vertex 0.634151 76.2318 50.55
    endloop
  endfacet
  facet normal 0 1 0
    outer loop
      vertex 0.634146 76.2318 50.55
      vertex 0.634151 76.2318 52.75
      vertex 0.634151 76.2318 50.55
    endloop
  endfacet
  facet normal -0.741075 0.671422 1.68426e-06
    outer loop
      vertex 0.582141 76.1744 50.55
      vertex 0.634151 76.2318 52.75
      vertex 0.634146 76.2318 50.55
    endloop
  endfacet
  facet normal -0.740916 0.671598 0
    outer loop
      vertex -0.0598021 75.4662 52.75
      vertex 0.582141 76.1744 50.55
      vertex -0.0598021 75.4662 50.55
    endloop
  endfacet
  facet normal -0.740925 0.671587 -6.18139e-06
    outer loop
      vertex 0.582141 76.1744 50.55
      vertex -0.0598021 75.4662 52.75
      vertex 0.634151 76.2318 52.75
    endloop
  endfacet
  facet normal 0.740942 -0.67157 0
    outer loop
      vertex 84.2328 0.634151 52.75
      vertex 84.9268 1.39984 50.55
      vertex 84.9268 1.39984 52.75
    endloop
  endfacet
  facet normal 0.740942 -0.67157 0
    outer loop
      vertex 84.9268 1.39984 50.55
      vertex 84.2328 0.634151 52.75
      vertex 84.2328 0.634151 50.55
    endloop
  endfacet
  facet normal 0.98918 -0.146704 0
    outer loop
      vertex 87.1147 6.02569 52.75
      vertex 87.2663 7.04788 50.55
      vertex 87.2663 7.04788 52.75
    endloop
  endfacet
  facet normal 0.98918 -0.146704 0
    outer loop
      vertex 87.2663 7.04788 50.55
      vertex 87.1147 6.02569 52.75
      vertex 87.1147 6.02569 50.55
    endloop
  endfacet
  facet normal 0.998796 -0.049063 0
    outer loop
      vertex 87.2663 7.04788 52.75
      vertex 87.317 8.08 50.55
      vertex 87.317 8.08 52.75
    endloop
  endfacet
  facet normal 0.998796 -0.049063 0
    outer loop
      vertex 87.317 8.08 50.55
      vertex 87.2663 7.04788 52.75
      vertex 87.2663 7.04788 50.55
    endloop
  endfacet
  facet normal -0.857728 -0.514104 0
    outer loop
      vertex -0.675387 2.22984 50.55
      vertex -1.20664 3.11618 52.75
      vertex -1.20664 3.11618 50.55
    endloop
  endfacet
  facet normal -0.857728 -0.514104 0
    outer loop
      vertex -1.20664 3.11618 52.75
      vertex -0.675387 2.22984 50.55
      vertex -0.675387 2.22984 52.75
    endloop
  endfacet
  facet normal -0.242993 -0.970028 0
    outer loop
      vertex 5.0233 -1.99658 50.55
      vertex 6.02569 -2.24768 52.75
      vertex 5.0233 -1.99658 52.75
    endloop
  endfacet
  facet normal -0.242996 -0.970027 1.10453e-06
    outer loop
      vertex 6.02568 -2.24768 50.55
      vertex 6.02569 -2.24768 52.75
      vertex 5.0233 -1.99658 50.55
    endloop
  endfacet
  facet normal 0 -1 -0
    outer loop
      vertex 6.02569 -2.24768 52.75
      vertex 6.02568 -2.24768 50.55
      vertex 6.02569 -2.24768 50.55
    endloop
  endfacet
  facet normal -0.903989 -0.427555 0
    outer loop
      vertex -1.20664 3.11618 50.55
      vertex -1.64846 4.05033 52.75
      vertex -1.64846 4.05033 50.55
    endloop
  endfacet
  facet normal -0.903989 -0.427555 0
    outer loop
      vertex -1.64846 4.05033 52.75
      vertex -1.20664 3.11618 50.55
      vertex -1.20664 3.11618 52.75
    endloop
  endfacet
  facet normal -0.0490534 -0.998796 0
    outer loop
      vertex 7.04788 -2.39931 50.55
      vertex 8.08 -2.45 52.75
      vertex 7.04788 -2.39931 52.75
    endloop
  endfacet
  facet normal -0.0490534 -0.998796 -0
    outer loop
      vertex 8.08 -2.45 52.75
      vertex 7.04788 -2.39931 50.55
      vertex 8.08 -2.45 50.55
    endloop
  endfacet
  facet normal 0.989181 0.146703 0
    outer loop
      vertex 87.2663 69.8181 52.75
      vertex 87.1147 70.8403 50.55
      vertex 87.1147 70.8403 52.75
    endloop
  endfacet
  facet normal 0.989181 0.146703 0
    outer loop
      vertex 87.1147 70.8403 50.55
      vertex 87.2663 69.8181 52.75
      vertex 87.2663 69.8181 50.55
    endloop
  endfacet
  facet normal 0.514083 0.85774 -0
    outer loop
      vertex 82.6371 77.5414 50.55
      vertex 81.7508 78.0726 52.75
      vertex 82.6371 77.5414 52.75
    endloop
  endfacet
  facet normal 0.514083 0.85774 0
    outer loop
      vertex 81.7508 78.0726 52.75
      vertex 82.6371 77.5414 50.55
      vertex 81.7508 78.0726 50.55
    endloop
  endfacet
  facet normal -0.514066 0.857751 0
    outer loop
      vertex 3.11618 78.0726 50.55
      vertex 2.22984 77.5414 52.75
      vertex 3.11618 78.0726 52.75
    endloop
  endfacet
  facet normal -0.514066 0.857751 0
    outer loop
      vertex 2.22984 77.5414 52.75
      vertex 3.11618 78.0726 50.55
      vertex 2.22984 77.5414 50.55
    endloop
  endfacet
  facet normal -0.242993 0.970028 0
    outer loop
      vertex 6.02569 79.1137 50.55
      vertex 5.0233 78.8626 52.75
      vertex 6.02569 79.1137 52.75
    endloop
  endfacet
  facet normal -0.242993 0.970028 0
    outer loop
      vertex 5.0233 78.8626 52.75
      vertex 6.02569 79.1137 50.55
      vertex 5.0233 78.8626 50.55
    endloop
  endfacet
  facet normal -0.049063 0.998796 0
    outer loop
      vertex 8.08 79.316 50.55
      vertex 7.04788 79.2653 52.75
      vertex 8.08 79.316 52.75
    endloop
  endfacet
  facet normal -0.049063 0.998796 0
    outer loop
      vertex 7.04788 79.2653 52.75
      vertex 8.08 79.316 50.55
      vertex 7.04788 79.2653 50.55
    endloop
  endfacet
  facet normal -0.427618 0.903959 0
    outer loop
      vertex 4.05033 78.5145 50.55
      vertex 3.11618 78.0726 52.75
      vertex 4.05033 78.5145 52.75
    endloop
  endfacet
  facet normal -0.427618 0.903959 0
    outer loop
      vertex 3.11618 78.0726 52.75
      vertex 4.05033 78.5145 50.55
      vertex 3.11618 78.0726 50.55
    endloop
  endfacet
  facet normal -0.595718 0.803194 0
    outer loop
      vertex 2.22984 77.5414 50.55
      vertex 1.39984 76.9258 52.75
      vertex 2.22984 77.5414 52.75
    endloop
  endfacet
  facet normal -0.595718 0.803194 0
    outer loop
      vertex 1.39984 76.9258 52.75
      vertex 2.22984 77.5414 50.55
      vertex 1.39984 76.9258 50.55
    endloop
  endfacet
  facet normal -0.803201 0.595709 0
    outer loop
      vertex -0.675387 74.6362 50.55
      vertex -0.0598021 75.4662 52.75
      vertex -0.0598021 75.4662 50.55
    endloop
  endfacet
  facet normal -0.803201 0.595709 0
    outer loop
      vertex -0.0598021 75.4662 52.75
      vertex -0.675387 74.6362 50.55
      vertex -0.675387 74.6362 52.75
    endloop
  endfacet
  facet normal -0.989176 0.146731 0
    outer loop
      vertex -2.39931 69.8181 50.55
      vertex -2.24768 70.8403 52.75
      vertex -2.24768 70.8403 50.55
    endloop
  endfacet
  facet normal -0.989176 0.146731 0
    outer loop
      vertex -2.24768 70.8403 52.75
      vertex -2.39931 69.8181 50.55
      vertex -2.39931 69.8181 52.75
    endloop
  endfacet
  facet normal -0.857743 0.514078 0
    outer loop
      vertex -1.20664 73.7498 50.55
      vertex -0.675387 74.6362 52.75
      vertex -0.675387 74.6362 50.55
    endloop
  endfacet
  facet normal -0.857743 0.514078 0
    outer loop
      vertex -0.675387 74.6362 52.75
      vertex -1.20664 73.7498 50.55
      vertex -1.20664 73.7498 52.75
    endloop
  endfacet
  facet normal -0.970029 0.242991 0
    outer loop
      vertex -2.24768 70.8403 50.55
      vertex -1.99658 71.8427 52.75
      vertex -1.99658 71.8427 50.55
    endloop
  endfacet
  facet normal -0.970029 0.242991 0
    outer loop
      vertex -1.99658 71.8427 52.75
      vertex -2.24768 70.8403 50.55
      vertex -2.24768 70.8403 52.75
    endloop
  endfacet
  facet normal -0.90398 0.427574 0
    outer loop
      vertex -1.64846 72.8157 50.55
      vertex -1.20664 73.7498 52.75
      vertex -1.20664 73.7498 50.55
    endloop
  endfacet
  facet normal -0.90398 0.427574 0
    outer loop
      vertex -1.20664 73.7498 52.75
      vertex -1.64846 72.8157 50.55
      vertex -1.64846 72.8157 52.75
    endloop
  endfacet
  facet normal 0.671598 -0.740916 0
    outer loop
      vertex 84.1754 0.582141 50.55
      vertex 83.4672 -0.0598021 52.75
      vertex 83.4672 -0.0598021 50.55
    endloop
  endfacet
  facet normal 0.671587 -0.740925 -6.18139e-06
    outer loop
      vertex 83.4672 -0.0598021 52.75
      vertex 84.1754 0.582141 50.55
      vertex 84.2328 0.634151 52.75
    endloop
  endfacet
  facet normal 0.671422 -0.741075 1.68426e-06
    outer loop
      vertex 84.2328 0.634146 50.55
      vertex 84.2328 0.634151 52.75
      vertex 84.1754 0.582141 50.55
    endloop
  endfacet
  facet normal 1 0 0
    outer loop
      vertex 84.2328 0.634151 52.75
      vertex 84.2328 0.634146 50.55
      vertex 84.2328 0.634151 50.55
    endloop
  endfacet
  facet normal 0.857751 -0.514066 0
    outer loop
      vertex 85.5424 2.22984 52.75
      vertex 86.0736 3.11618 50.55
      vertex 86.0736 3.11618 52.75
    endloop
  endfacet
  facet normal 0.857751 -0.514066 0
    outer loop
      vertex 86.0736 3.11618 50.55
      vertex 85.5424 2.22984 52.75
      vertex 85.5424 2.22984 50.55
    endloop
  endfacet
  facet normal 1 -0 0
    outer loop
      vertex 87.317 8.08 52.75
      vertex 87.317 68.786 50.55
      vertex 87.317 68.786 52.75
    endloop
  endfacet
  facet normal 1 0 0
    outer loop
      vertex 87.317 68.786 50.55
      vertex 87.317 8.08 52.75
      vertex 87.317 8.08 50.55
    endloop
  endfacet
  facet normal -0.514104 -0.857728 0
    outer loop
      vertex 2.22984 -0.675387 50.55
      vertex 3.11618 -1.20664 52.75
      vertex 2.22984 -0.675387 52.75
    endloop
  endfacet
  facet normal -0.514104 -0.857728 -0
    outer loop
      vertex 3.11618 -1.20664 52.75
      vertex 2.22984 -0.675387 50.55
      vertex 3.11618 -1.20664 50.55
    endloop
  endfacet
  facet normal -0.803201 -0.595709 0
    outer loop
      vertex -0.0598021 1.39984 50.55
      vertex -0.675387 2.22984 52.75
      vertex -0.675387 2.22984 50.55
    endloop
  endfacet
  facet normal -0.803201 -0.595709 0
    outer loop
      vertex -0.675387 2.22984 52.75
      vertex -0.0598021 1.39984 50.55
      vertex -0.0598021 1.39984 52.75
    endloop
  endfacet
  facet normal 0 -1 0
    outer loop
      vertex 8.08 -2.45 50.55
      vertex 76.787 -2.45 52.75
      vertex 8.08 -2.45 52.75
    endloop
  endfacet
  facet normal 0 -1 -0
    outer loop
      vertex 76.787 -2.45 52.75
      vertex 8.08 -2.45 50.55
      vertex 76.787 -2.45 50.55
    endloop
  endfacet
  facet normal 0.514121 -0.857718 0
    outer loop
      vertex 81.7508 -1.20664 50.55
      vertex 82.6371 -0.675387 52.75
      vertex 81.7508 -1.20664 52.75
    endloop
  endfacet
  facet normal 0.514121 -0.857718 0
    outer loop
      vertex 82.6371 -0.675387 52.75
      vertex 81.7508 -1.20664 50.55
      vertex 82.6371 -0.675387 50.55
    endloop
  endfacet
  facet normal 0.970029 0.242991 0
    outer loop
      vertex 87.1147 70.8403 52.75
      vertex 86.8636 71.8427 50.55
      vertex 86.8636 71.8427 52.75
    endloop
  endfacet
  facet normal 0.970029 0.242991 0
    outer loop
      vertex 86.8636 71.8427 50.55
      vertex 87.1147 70.8403 52.75
      vertex 87.1147 70.8403 50.55
    endloop
  endfacet
  facet normal 0.671612 0.740903 -0
    outer loop
      vertex 84.2328 76.2318 50.55
      vertex 83.4672 76.9258 52.75
      vertex 84.2328 76.2318 52.75
    endloop
  endfacet
  facet normal 0.671612 0.740903 0
    outer loop
      vertex 83.4672 76.9258 52.75
      vertex 84.2328 76.2318 50.55
      vertex 83.4672 76.9258 50.55
    endloop
  endfacet
  facet normal -0.146704 0.98918 0
    outer loop
      vertex 7.04788 79.2653 50.55
      vertex 6.02569 79.1137 52.75
      vertex 7.04788 79.2653 52.75
    endloop
  endfacet
  facet normal -0.146704 0.98918 0
    outer loop
      vertex 6.02569 79.1137 52.75
      vertex 7.04788 79.2653 50.55
      vertex 6.02569 79.1137 50.55
    endloop
  endfacet
  facet normal -0.33686 0.941555 0
    outer loop
      vertex 5.0233 78.8626 50.55
      vertex 4.05033 78.5145 52.75
      vertex 5.0233 78.8626 52.75
    endloop
  endfacet
  facet normal -0.33686 0.941555 0
    outer loop
      vertex 4.05033 78.5145 52.75
      vertex 5.0233 78.8626 50.55
      vertex 4.05033 78.5145 50.55
    endloop
  endfacet
  facet normal -0.941552 0.336868 0
    outer loop
      vertex -1.99658 71.8427 50.55
      vertex -1.64846 72.8157 52.75
      vertex -1.64846 72.8157 50.55
    endloop
  endfacet
  facet normal -0.941552 0.336868 0
    outer loop
      vertex -1.64846 72.8157 52.75
      vertex -1.99658 71.8427 50.55
      vertex -1.99658 71.8427 52.75
    endloop
  endfacet
  facet normal 0.803194 -0.595718 0
    outer loop
      vertex 84.9268 1.39984 52.75
      vertex 85.5424 2.22984 50.55
      vertex 85.5424 2.22984 52.75
    endloop
  endfacet
  facet normal 0.803194 -0.595718 0
    outer loop
      vertex 85.5424 2.22984 50.55
      vertex 84.9268 1.39984 52.75
      vertex 84.9268 1.39984 50.55
    endloop
  endfacet
  facet normal 0.941524 -0.336946 0
    outer loop
      vertex 86.5154 4.05033 52.75
      vertex 86.8636 5.0233 50.55
      vertex 86.8636 5.0233 52.75
    endloop
  endfacet
  facet normal 0.941524 -0.336946 0
    outer loop
      vertex 86.8636 5.0233 50.55
      vertex 86.5154 4.05033 52.75
      vertex 86.5154 4.05033 50.55
    endloop
  endfacet
  facet normal 0.903997 -0.427539 0
    outer loop
      vertex 86.0736 3.11618 52.75
      vertex 86.5154 4.05033 50.55
      vertex 86.5154 4.05033 52.75
    endloop
  endfacet
  facet normal 0.903997 -0.427539 0
    outer loop
      vertex 86.5154 4.05033 50.55
      vertex 86.0736 3.11618 52.75
      vertex 86.0736 3.11618 50.55
    endloop
  endfacet
  facet normal -0.146733 -0.989176 0
    outer loop
      vertex 6.02569 -2.24768 50.55
      vertex 7.04788 -2.39931 52.75
      vertex 6.02569 -2.24768 52.75
    endloop
  endfacet
  facet normal -0.146733 -0.989176 -0
    outer loop
      vertex 7.04788 -2.39931 52.75
      vertex 6.02569 -2.24768 50.55
      vertex 7.04788 -2.39931 50.55
    endloop
  endfacet
  facet normal -0.671545 -0.740964 0
    outer loop
      vertex 0.634151 0.634151 50.55
      vertex 1.39984 -0.0598021 52.75
      vertex 0.634151 0.634151 52.75
    endloop
  endfacet
  facet normal -0.671545 -0.740964 -0
    outer loop
      vertex 1.39984 -0.0598021 52.75
      vertex 0.634151 0.634151 50.55
      vertex 1.39984 -0.0598021 50.55
    endloop
  endfacet
  facet normal -0.595709 -0.803201 0
    outer loop
      vertex 1.39984 -0.0598021 50.55
      vertex 2.22984 -0.675387 52.75
      vertex 1.39984 -0.0598021 52.75
    endloop
  endfacet
  facet normal -0.595709 -0.803201 -0
    outer loop
      vertex 2.22984 -0.675387 52.75
      vertex 1.39984 -0.0598021 50.55
      vertex 2.22984 -0.675387 50.55
    endloop
  endfacet
  facet normal -0.427555 -0.903989 0
    outer loop
      vertex 3.11618 -1.20664 50.55
      vertex 4.05033 -1.64846 52.75
      vertex 3.11618 -1.20664 52.75
    endloop
  endfacet
  facet normal -0.427555 -0.903989 -0
    outer loop
      vertex 4.05033 -1.64846 52.75
      vertex 3.11618 -1.20664 50.55
      vertex 4.05033 -1.64846 50.55
    endloop
  endfacet
  facet normal -0.740964 -0.671545 0
    outer loop
      vertex 0.634151 0.634151 50.55
      vertex -0.0598021 1.39984 52.75
      vertex -0.0598021 1.39984 50.55
    endloop
  endfacet
  facet normal -0.740964 -0.671545 0
    outer loop
      vertex -0.0598021 1.39984 52.75
      vertex 0.634151 0.634151 50.55
      vertex 0.634151 0.634151 52.75
    endloop
  endfacet
  facet normal -1 0 0
    outer loop
      vertex -2.24768 6.02568 50.55
      vertex -2.24768 6.02569 52.75
      vertex -2.24768 6.02569 50.55
    endloop
  endfacet
  facet normal -0.970027 -0.242996 1.10453e-06
    outer loop
      vertex -1.99658 5.0233 50.55
      vertex -2.24768 6.02569 52.75
      vertex -2.24768 6.02568 50.55
    endloop
  endfacet
  facet normal -0.970028 -0.242993 0
    outer loop
      vertex -2.24768 6.02569 52.75
      vertex -1.99658 5.0233 50.55
      vertex -1.99658 5.0233 52.75
    endloop
  endfacet
  facet normal 0.146731 -0.989176 0
    outer loop
      vertex 77.8191 -2.39931 50.55
      vertex 78.8413 -2.24768 52.75
      vertex 77.8191 -2.39931 52.75
    endloop
  endfacet
  facet normal 0.146731 -0.989176 0
    outer loop
      vertex 78.8413 -2.24768 52.75
      vertex 77.8191 -2.39931 50.55
      vertex 78.8413 -2.24768 50.55
    endloop
  endfacet
  facet normal 0.336868 -0.941552 0
    outer loop
      vertex 79.8437 -1.99658 50.55
      vertex 80.8167 -1.64846 52.75
      vertex 79.8437 -1.99658 52.75
    endloop
  endfacet
  facet normal 0.336868 -0.941552 0
    outer loop
      vertex 80.8167 -1.64846 52.75
      vertex 79.8437 -1.99658 50.55
      vertex 80.8167 -1.64846 50.55
    endloop
  endfacet
  facet normal 0.740903 0.671612 0
    outer loop
      vertex 84.9268 75.4662 52.75
      vertex 84.2328 76.2318 50.55
      vertex 84.2328 76.2318 52.75
    endloop
  endfacet
  facet normal 0.740903 0.671612 0
    outer loop
      vertex 84.2328 76.2318 50.55
      vertex 84.9268 75.4662 52.75
      vertex 84.9268 75.4662 50.55
    endloop
  endfacet
  facet normal 0.803194 0.595718 0
    outer loop
      vertex 85.5424 74.6362 52.75
      vertex 84.9268 75.4662 50.55
      vertex 84.9268 75.4662 52.75
    endloop
  endfacet
  facet normal 0.803194 0.595718 0
    outer loop
      vertex 84.9268 75.4662 50.55
      vertex 85.5424 74.6362 52.75
      vertex 85.5424 74.6362 50.55
    endloop
  endfacet
  facet normal 0.941527 0.336937 0
    outer loop
      vertex 86.8636 71.8427 52.75
      vertex 86.5154 72.8157 50.55
      vertex 86.5154 72.8157 52.75
    endloop
  endfacet
  facet normal 0.941527 0.336937 0
    outer loop
      vertex 86.5154 72.8157 50.55
      vertex 86.8636 71.8427 52.75
      vertex 86.8636 71.8427 50.55
    endloop
  endfacet
  facet normal 0.857766 0.51404 0
    outer loop
      vertex 86.0736 73.7498 52.75
      vertex 85.5424 74.6362 50.55
      vertex 85.5424 74.6362 52.75
    endloop
  endfacet
  facet normal 0.857766 0.51404 0
    outer loop
      vertex 85.5424 74.6362 50.55
      vertex 86.0736 73.7498 52.75
      vertex 86.0736 73.7498 50.55
    endloop
  endfacet
  facet normal 0.595672 0.803228 -0
    outer loop
      vertex 83.4672 76.9258 50.55
      vertex 82.6371 77.5414 52.75
      vertex 83.4672 76.9258 52.75
    endloop
  endfacet
  facet normal 0.595672 0.803228 0
    outer loop
      vertex 82.6371 77.5414 52.75
      vertex 83.4672 76.9258 50.55
      vertex 82.6371 77.5414 50.55
    endloop
  endfacet
  facet normal 0.146703 0.989181 -0
    outer loop
      vertex 78.8413 79.1137 50.55
      vertex 77.8191 79.2653 52.75
      vertex 78.8413 79.1137 52.75
    endloop
  endfacet
  facet normal 0.146703 0.989181 0
    outer loop
      vertex 77.8191 79.2653 52.75
      vertex 78.8413 79.1137 50.55
      vertex 77.8191 79.2653 50.55
    endloop
  endfacet
  facet normal 0.242991 0.970029 -0
    outer loop
      vertex 79.8437 78.8626 50.55
      vertex 78.8413 79.1137 52.75
      vertex 79.8437 78.8626 52.75
    endloop
  endfacet
  facet normal 0.242991 0.970029 0
    outer loop
      vertex 78.8413 79.1137 52.75
      vertex 79.8437 78.8626 50.55
      vertex 78.8413 79.1137 50.55
    endloop
  endfacet
  facet normal 0.336851 0.941558 -0
    outer loop
      vertex 80.8167 78.5145 50.55
      vertex 79.8437 78.8626 52.75
      vertex 80.8167 78.5145 52.75
    endloop
  endfacet
  facet normal 0.336851 0.941558 0
    outer loop
      vertex 79.8437 78.8626 52.75
      vertex 80.8167 78.5145 50.55
      vertex 79.8437 78.8626 50.55
    endloop
  endfacet
  facet normal 0.427637 0.903951 -0
    outer loop
      vertex 81.7508 78.0726 50.55
      vertex 80.8167 78.5145 52.75
      vertex 81.7508 78.0726 52.75
    endloop
  endfacet
  facet normal 0.427637 0.903951 0
    outer loop
      vertex 80.8167 78.5145 52.75
      vertex 81.7508 78.0726 50.55
      vertex 80.8167 78.5145 50.55
    endloop
  endfacet
  facet normal 0.970028 -0.242993 0
    outer loop
      vertex 86.8636 5.0233 52.75
      vertex 87.1147 6.02569 50.55
      vertex 87.1147 6.02569 52.75
    endloop
  endfacet
  facet normal 0.970028 -0.242993 0
    outer loop
      vertex 87.1147 6.02569 50.55
      vertex 86.8636 5.0233 52.75
      vertex 86.8636 5.0233 50.55
    endloop
  endfacet
  facet normal -0.336878 -0.941548 0
    outer loop
      vertex 4.05033 -1.64846 50.55
      vertex 5.0233 -1.99658 52.75
      vertex 4.05033 -1.64846 52.75
    endloop
  endfacet
  facet normal -0.336878 -0.941548 -0
    outer loop
      vertex 5.0233 -1.99658 52.75
      vertex 4.05033 -1.64846 50.55
      vertex 5.0233 -1.99658 50.55
    endloop
  endfacet
  facet normal -0.941548 -0.336878 0
    outer loop
      vertex -1.64846 4.05033 50.55
      vertex -1.99658 5.0233 52.75
      vertex -1.99658 5.0233 50.55
    endloop
  endfacet
  facet normal -0.941548 -0.336878 0
    outer loop
      vertex -1.99658 5.0233 52.75
      vertex -1.64846 4.05033 50.55
      vertex -1.64846 4.05033 52.75
    endloop
  endfacet
  facet normal 0.242991 -0.970029 0
    outer loop
      vertex 78.8413 -2.24768 50.55
      vertex 79.8437 -1.99658 52.75
      vertex 78.8413 -2.24768 52.75
    endloop
  endfacet
  facet normal 0.242991 -0.970029 0
    outer loop
      vertex 79.8437 -1.99658 52.75
      vertex 78.8413 -2.24768 50.55
      vertex 79.8437 -1.99658 50.55
    endloop
  endfacet
  facet normal 0.427574 -0.90398 0
    outer loop
      vertex 80.8167 -1.64846 50.55
      vertex 81.7508 -1.20664 52.75
      vertex 80.8167 -1.64846 52.75
    endloop
  endfacet
  facet normal 0.427574 -0.90398 0
    outer loop
      vertex 81.7508 -1.20664 52.75
      vertex 80.8167 -1.64846 50.55
      vertex 81.7508 -1.20664 50.55
    endloop
  endfacet
  facet normal 0.903988 0.427558 0
    outer loop
      vertex 86.5154 72.8157 52.75
      vertex 86.0736 73.7498 50.55
      vertex 86.0736 73.7498 52.75
    endloop
  endfacet
  facet normal 0.903988 0.427558 0
    outer loop
      vertex 86.0736 73.7498 50.55
      vertex 86.5154 72.8157 52.75
      vertex 86.5154 72.8157 50.55
    endloop
  endfacet
  facet normal 0 0 -1
    outer loop
      vertex 85.317 8.07999 25.55
      vertex 87.317 8.07999 25.55
      vertex 87.2663 7.04787 25.55
    endloop
  endfacet
  facet normal 0 0 -1
    outer loop
      vertex 87.317 8.07999 25.55
      vertex 85.317 8.07999 25.55
      vertex 87.317 68.786 25.55
    endloop
  endfacet
  facet normal 0 0 -1
    outer loop
      vertex 85.2759 7.2439 25.55
      vertex 87.2663 7.04787 25.55
      vertex 87.1147 6.02568 25.55
    endloop
  endfacet
  facet normal 0 0 -1
    outer loop
      vertex 85.317 68.786 25.55
      vertex 87.317 68.786 25.55
      vertex 85.317 8.07999 25.55
    endloop
  endfacet
  facet normal 0 0 -1
    outer loop
      vertex 85.1531 6.41586 25.55
      vertex 87.1147 6.02568 25.55
      vertex 86.8636 5.02328 25.55
    endloop
  endfacet
  facet normal 0 0 -1
    outer loop
      vertex 87.317 68.786 25.55
      vertex 85.317 68.786 25.55
      vertex 87.2663 69.8181 25.55
    endloop
  endfacet
  facet normal 0 0 -1
    outer loop
      vertex 84.9497 5.60385 25.55
      vertex 86.8636 5.02328 25.55
      vertex 86.5154 4.05032 25.55
    endloop
  endfacet
  facet normal 0 0 -1
    outer loop
      vertex 85.2759 69.6221 25.55
      vertex 87.2663 69.8181 25.55
      vertex 85.317 68.786 25.55
    endloop
  endfacet
  facet normal 0 0 -1
    outer loop
      vertex 84.6677 4.81569 25.55
      vertex 86.5154 4.05032 25.55
      vertex 86.0736 3.11617 25.55
    endloop
  endfacet
  facet normal -0 0 -1
    outer loop
      vertex 87.2663 69.8181 25.55
      vertex 85.2759 69.6221 25.55
      vertex 87.1147 70.8403 25.55
    endloop
  endfacet
  facet normal 0 0 -1
    outer loop
      vertex 84.3098 4.05896 25.55
      vertex 86.0736 3.11617 25.55
      vertex 85.5424 2.22983 25.55
    endloop
  endfacet
  facet normal 0 0 -1
    outer loop
      vertex 85.1531 70.4501 25.55
      vertex 87.1147 70.8403 25.55
      vertex 85.2759 69.6221 25.55
    endloop
  endfacet
  facet normal -0 0 -1
    outer loop
      vertex 87.1147 70.8403 25.55
      vertex 85.1531 70.4501 25.55
      vertex 86.8636 71.8427 25.55
    endloop
  endfacet
  facet normal 0 0 -1
    outer loop
      vertex 87.2663 7.04787 25.55
      vertex 85.2759 7.2439 25.55
      vertex 85.317 8.07999 25.55
    endloop
  endfacet
  facet normal 0 0 -1
    outer loop
      vertex 87.1147 6.02568 25.55
      vertex 85.1531 6.41586 25.55
      vertex 85.2759 7.2439 25.55
    endloop
  endfacet
  facet normal 0 0 -1
    outer loop
      vertex 86.8636 5.02328 25.55
      vertex 84.9497 5.60385 25.55
      vertex 85.1531 6.41586 25.55
    endloop
  endfacet
  facet normal 0 0 -1
    outer loop
      vertex 83.8794 3.34097 25.55
      vertex 85.5424 2.22983 25.55
      vertex 84.9268 1.39983 25.55
    endloop
  endfacet
  facet normal 0 0 -1
    outer loop
      vertex 86.5154 4.05032 25.55
      vertex 84.6677 4.81569 25.55
      vertex 84.9497 5.60385 25.55
    endloop
  endfacet
  facet normal 0 0 -1
    outer loop
      vertex 86.0736 3.11617 25.55
      vertex 84.3098 4.05896 25.55
      vertex 84.6677 4.81569 25.55
    endloop
  endfacet
  facet normal 0 0 -1
    outer loop
      vertex 83.3808 2.66861 25.55
      vertex 84.9268 1.39983 25.55
      vertex 84.2328 0.63414 25.55
    endloop
  endfacet
  facet normal 0 0 -1
    outer loop
      vertex 85.5424 2.22983 25.55
      vertex 83.8794 3.34097 25.55
      vertex 84.3098 4.05896 25.55
    endloop
  endfacet
  facet normal 0 0 -1
    outer loop
      vertex 82.8186 2.04836 25.55
      vertex 84.2328 0.63414 25.55
      vertex 83.4671 -0.0597992 25.55
    endloop
  endfacet
  facet normal 0 0 -1
    outer loop
      vertex 84.9268 1.39983 25.55
      vertex 83.3808 2.66861 25.55
      vertex 83.8794 3.34097 25.55
    endloop
  endfacet
  facet normal 0 0 -1
    outer loop
      vertex 84.2328 0.63414 25.55
      vertex 82.8186 2.04836 25.55
      vertex 83.3808 2.66861 25.55
    endloop
  endfacet
  facet normal 0 0 -1
    outer loop
      vertex 82.1983 1.48621 25.55
      vertex 83.4671 -0.0597992 25.55
      vertex 82.6371 -0.675385 25.55
    endloop
  endfacet
  facet normal 0 0 -1
    outer loop
      vertex 83.4671 -0.0597992 25.55
      vertex 82.1983 1.48621 25.55
      vertex 82.8186 2.04836 25.55
    endloop
  endfacet
  facet normal 0 0 -1
    outer loop
      vertex 81.526 0.987549 25.55
      vertex 82.6371 -0.675385 25.55
      vertex 81.7508 -1.20663 25.55
    endloop
  endfacet
  facet normal 0 0 -1
    outer loop
      vertex 82.6371 -0.675385 25.55
      vertex 81.526 0.987549 25.55
      vertex 82.1983 1.48621 25.55
    endloop
  endfacet
  facet normal 0 0 -1
    outer loop
      vertex 80.808 0.55719 25.55
      vertex 81.7508 -1.20663 25.55
      vertex 80.8166 -1.64845 25.55
    endloop
  endfacet
  facet normal 0 0 -1
    outer loop
      vertex 81.7508 -1.20663 25.55
      vertex 80.808 0.55719 25.55
      vertex 81.526 0.987549 25.55
    endloop
  endfacet
  facet normal 0 0 -1
    outer loop
      vertex 80.8166 -1.64845 25.55
      vertex 80.0513 0.199295 25.55
      vertex 80.808 0.55719 25.55
    endloop
  endfacet
  facet normal 0 0 -1
    outer loop
      vertex 79.8437 -1.99658 25.55
      vertex 80.0513 0.199295 25.55
      vertex 80.8166 -1.64845 25.55
    endloop
  endfacet
  facet normal 0 0 -1
    outer loop
      vertex 79.8437 -1.99658 25.55
      vertex 79.2631 -0.0827026 25.55
      vertex 80.0513 0.199295 25.55
    endloop
  endfacet
  facet normal 0 0 -1
    outer loop
      vertex 78.8413 -2.24768 25.55
      vertex 79.2631 -0.0827026 25.55
      vertex 79.8437 -1.99658 25.55
    endloop
  endfacet
  facet normal 0 0 -1
    outer loop
      vertex 78.8413 -2.24768 25.55
      vertex 78.4511 -0.286102 25.55
      vertex 79.2631 -0.0827026 25.55
    endloop
  endfacet
  facet normal 0 0 -1
    outer loop
      vertex 77.8191 -2.39931 25.55
      vertex 78.4511 -0.286102 25.55
      vertex 78.8413 -2.24768 25.55
    endloop
  endfacet
  facet normal 0 0 -1
    outer loop
      vertex 77.8191 -2.39931 25.55
      vertex 77.6231 -0.408936 25.55
      vertex 78.4511 -0.286102 25.55
    endloop
  endfacet
  facet normal 0 0 -1
    outer loop
      vertex 76.787 -2.45 25.55
      vertex 77.6231 -0.408936 25.55
      vertex 77.8191 -2.39931 25.55
    endloop
  endfacet
  facet normal 0 0 -1
    outer loop
      vertex 76.787 -2.45 25.55
      vertex 76.787 -0.449997 25.55
      vertex 77.6231 -0.408936 25.55
    endloop
  endfacet
  facet normal 0 0 -1
    outer loop
      vertex 8.07999 -2.45 25.55
      vertex 76.787 -0.449997 25.55
      vertex 76.787 -2.45 25.55
    endloop
  endfacet
  facet normal 0 0 -1
    outer loop
      vertex 8.07999 -2.45 25.55
      vertex 8.07999 -0.449997 25.55
      vertex 76.787 -0.449997 25.55
    endloop
  endfacet
  facet normal 0 0 -1
    outer loop
      vertex 8.07999 -2.45 25.55
      vertex 7.2439 -0.408936 25.55
      vertex 8.07999 -0.449997 25.55
    endloop
  endfacet
  facet normal 0 0 -1
    outer loop
      vertex 7.04787 -2.39931 25.55
      vertex 7.2439 -0.408936 25.55
      vertex 8.07999 -2.45 25.55
    endloop
  endfacet
  facet normal 0 0 -1
    outer loop
      vertex 7.04787 -2.39931 25.55
      vertex 6.41586 -0.286102 25.55
      vertex 7.2439 -0.408936 25.55
    endloop
  endfacet
  facet normal 0 0 -1
    outer loop
      vertex 6.02568 -2.24768 25.55
      vertex 6.41586 -0.286102 25.55
      vertex 7.04787 -2.39931 25.55
    endloop
  endfacet
  facet normal 0 0 -1
    outer loop
      vertex 6.02568 -2.24768 25.55
      vertex 5.60385 -0.0827026 25.55
      vertex 6.41586 -0.286102 25.55
    endloop
  endfacet
  facet normal 0 0 -1
    outer loop
      vertex 5.02328 -1.99658 25.55
      vertex 5.60385 -0.0827026 25.55
      vertex 6.02568 -2.24768 25.55
    endloop
  endfacet
  facet normal 0 0 -1
    outer loop
      vertex 5.02328 -1.99658 25.55
      vertex 4.81569 0.199295 25.55
      vertex 5.60385 -0.0827026 25.55
    endloop
  endfacet
  facet normal 0 0 -1
    outer loop
      vertex 4.05032 -1.64845 25.55
      vertex 4.81569 0.199295 25.55
      vertex 5.02328 -1.99658 25.55
    endloop
  endfacet
  facet normal -0 0 -1
    outer loop
      vertex 4.81569 0.199295 25.55
      vertex 4.05032 -1.64845 25.55
      vertex 4.05896 0.55719 25.55
    endloop
  endfacet
  facet normal 0 0 -1
    outer loop
      vertex 3.11617 -1.20663 25.55
      vertex 4.05896 0.55719 25.55
      vertex 4.05032 -1.64845 25.55
    endloop
  endfacet
  facet normal -0 0 -1
    outer loop
      vertex 4.05896 0.55719 25.55
      vertex 3.11617 -1.20663 25.55
      vertex 3.34097 0.987549 25.55
    endloop
  endfacet
  facet normal 0 0 -1
    outer loop
      vertex 2.22983 -0.675385 25.55
      vertex 3.34097 0.987549 25.55
      vertex 3.11617 -1.20663 25.55
    endloop
  endfacet
  facet normal -0 0 -1
    outer loop
      vertex 3.34097 0.987549 25.55
      vertex 2.22983 -0.675385 25.55
      vertex 2.66861 1.48621 25.55
    endloop
  endfacet
  facet normal 0 0 -1
    outer loop
      vertex 1.39983 -0.0597992 25.55
      vertex 2.66861 1.48621 25.55
      vertex 2.22983 -0.675385 25.55
    endloop
  endfacet
  facet normal -0 0 -1
    outer loop
      vertex 2.66861 1.48621 25.55
      vertex 1.39983 -0.0597992 25.55
      vertex 2.04836 2.04836 25.55
    endloop
  endfacet
  facet normal 0 0 -1
    outer loop
      vertex 0.63414 0.63414 25.55
      vertex 2.04836 2.04836 25.55
      vertex 1.39983 -0.0597992 25.55
    endloop
  endfacet
  facet normal -0 0 -1
    outer loop
      vertex 2.04836 2.04836 25.55
      vertex 0.63414 0.63414 25.55
      vertex 1.48621 2.66861 25.55
    endloop
  endfacet
  facet normal 0 0 -1
    outer loop
      vertex -0.0597992 1.39983 25.55
      vertex 1.48621 2.66861 25.55
      vertex 0.63414 0.63414 25.55
    endloop
  endfacet
  facet normal -0 0 -1
    outer loop
      vertex 1.48621 2.66861 25.55
      vertex -0.0597992 1.39983 25.55
      vertex 0.987549 3.34097 25.55
    endloop
  endfacet
  facet normal 0 0 -1
    outer loop
      vertex -0.675385 2.22983 25.55
      vertex 0.987549 3.34097 25.55
      vertex -0.0597992 1.39983 25.55
    endloop
  endfacet
  facet normal -0 0 -1
    outer loop
      vertex 0.987549 3.34097 25.55
      vertex -0.675385 2.22983 25.55
      vertex 0.55719 4.05896 25.55
    endloop
  endfacet
  facet normal 0 0 -1
    outer loop
      vertex -1.20663 3.11617 25.55
      vertex 0.55719 4.05896 25.55
      vertex -0.675385 2.22983 25.55
    endloop
  endfacet
  facet normal -0 0 -1
    outer loop
      vertex 0.55719 4.05896 25.55
      vertex -1.20663 3.11617 25.55
      vertex 0.199295 4.81569 25.55
    endloop
  endfacet
  facet normal 0 0 -1
    outer loop
      vertex -1.64845 4.05032 25.55
      vertex 0.199295 4.81569 25.55
      vertex -1.20663 3.11617 25.55
    endloop
  endfacet
  facet normal -0 0 -1
    outer loop
      vertex -0.0827026 5.60385 25.55
      vertex -1.99658 5.02328 25.55
      vertex -0.286102 6.41586 25.55
    endloop
  endfacet
  facet normal 0 0 -1
    outer loop
      vertex -1.99658 5.02328 25.55
      vertex -0.0827026 5.60385 25.55
      vertex -1.64845 4.05032 25.55
    endloop
  endfacet
  facet normal -0 0 -1
    outer loop
      vertex 0.199295 4.81569 25.55
      vertex -1.64845 4.05032 25.55
      vertex -0.0827026 5.60385 25.55
    endloop
  endfacet
  facet normal 0 0 -1
    outer loop
      vertex 84.9497 71.2621 25.55
      vertex 86.8636 71.8427 25.55
      vertex 85.1531 70.4501 25.55
    endloop
  endfacet
  facet normal -0 0 -1
    outer loop
      vertex 86.8636 71.8427 25.55
      vertex 84.9497 71.2621 25.55
      vertex 86.5154 72.8156 25.55
    endloop
  endfacet
  facet normal 0 0 -1
    outer loop
      vertex 84.6677 72.0503 25.55
      vertex 86.5154 72.8156 25.55
      vertex 84.9497 71.2621 25.55
    endloop
  endfacet
  facet normal -0 0 -1
    outer loop
      vertex 86.5154 72.8156 25.55
      vertex 84.6677 72.0503 25.55
      vertex 86.0736 73.7498 25.55
    endloop
  endfacet
  facet normal 0 0 -1
    outer loop
      vertex 84.3098 72.807 25.55
      vertex 86.0736 73.7498 25.55
      vertex 84.6677 72.0503 25.55
    endloop
  endfacet
  facet normal -0 0 -1
    outer loop
      vertex 86.0736 73.7498 25.55
      vertex 84.3098 72.807 25.55
      vertex 85.5424 74.6361 25.55
    endloop
  endfacet
  facet normal 0 0 -1
    outer loop
      vertex 83.8794 73.525 25.55
      vertex 85.5424 74.6361 25.55
      vertex 84.3098 72.807 25.55
    endloop
  endfacet
  facet normal -0 0 -1
    outer loop
      vertex 85.5424 74.6361 25.55
      vertex 83.8794 73.525 25.55
      vertex 84.9268 75.4661 25.55
    endloop
  endfacet
  facet normal 0 0 -1
    outer loop
      vertex 83.3808 74.1974 25.55
      vertex 84.9268 75.4661 25.55
      vertex 83.8794 73.525 25.55
    endloop
  endfacet
  facet normal -0 0 -1
    outer loop
      vertex 84.9268 75.4661 25.55
      vertex 83.3808 74.1974 25.55
      vertex 84.2328 76.2318 25.55
    endloop
  endfacet
  facet normal 0 0 -1
    outer loop
      vertex 82.8186 74.8176 25.55
      vertex 84.2328 76.2318 25.55
      vertex 83.3808 74.1974 25.55
    endloop
  endfacet
  facet normal -0 0 -1
    outer loop
      vertex 84.2328 76.2318 25.55
      vertex 82.8186 74.8176 25.55
      vertex 83.4671 76.9258 25.55
    endloop
  endfacet
  facet normal 0 0 -1
    outer loop
      vertex 82.1983 75.3798 25.55
      vertex 83.4671 76.9258 25.55
      vertex 82.8186 74.8176 25.55
    endloop
  endfacet
  facet normal -0 0 -1
    outer loop
      vertex 83.4671 76.9258 25.55
      vertex 82.1983 75.3798 25.55
      vertex 82.6371 77.5414 25.55
    endloop
  endfacet
  facet normal 0 0 -1
    outer loop
      vertex 81.526 75.8784 25.55
      vertex 82.6371 77.5414 25.55
      vertex 82.1983 75.3798 25.55
    endloop
  endfacet
  facet normal -0 0 -1
    outer loop
      vertex 82.6371 77.5414 25.55
      vertex 81.526 75.8784 25.55
      vertex 81.7508 78.0726 25.55
    endloop
  endfacet
  facet normal 0 0 -1
    outer loop
      vertex 80.808 76.3088 25.55
      vertex 81.7508 78.0726 25.55
      vertex 81.526 75.8784 25.55
    endloop
  endfacet
  facet normal -0 0 -1
    outer loop
      vertex 81.7508 78.0726 25.55
      vertex 80.808 76.3088 25.55
      vertex 80.8166 78.5144 25.55
    endloop
  endfacet
  facet normal 0 0 -1
    outer loop
      vertex 80.0513 76.6667 25.55
      vertex 80.8166 78.5144 25.55
      vertex 80.808 76.3088 25.55
    endloop
  endfacet
  facet normal 0 0 -1
    outer loop
      vertex 80.0513 76.6667 25.55
      vertex 79.8437 78.8626 25.55
      vertex 80.8166 78.5144 25.55
    endloop
  endfacet
  facet normal 0 0 -1
    outer loop
      vertex 79.2631 76.9487 25.55
      vertex 79.8437 78.8626 25.55
      vertex 80.0513 76.6667 25.55
    endloop
  endfacet
  facet normal 0 0 -1
    outer loop
      vertex 79.2631 76.9487 25.55
      vertex 78.8413 79.1136 25.55
      vertex 79.8437 78.8626 25.55
    endloop
  endfacet
  facet normal 0 0 -1
    outer loop
      vertex 78.4511 77.1521 25.55
      vertex 78.8413 79.1136 25.55
      vertex 79.2631 76.9487 25.55
    endloop
  endfacet
  facet normal 0 0 -1
    outer loop
      vertex 78.4511 77.1521 25.55
      vertex 77.8191 79.2653 25.55
      vertex 78.8413 79.1136 25.55
    endloop
  endfacet
  facet normal 0 0 -1
    outer loop
      vertex 77.6231 77.2749 25.55
      vertex 77.8191 79.2653 25.55
      vertex 78.4511 77.1521 25.55
    endloop
  endfacet
  facet normal 0 0 -1
    outer loop
      vertex 76.787 77.316 25.55
      vertex 77.8191 79.2653 25.55
      vertex 77.6231 77.2749 25.55
    endloop
  endfacet
  facet normal 0 0 -1
    outer loop
      vertex 76.787 77.316 25.55
      vertex 76.787 79.316 25.55
      vertex 77.8191 79.2653 25.55
    endloop
  endfacet
  facet normal 0 0 -1
    outer loop
      vertex 8.07999 77.316 25.55
      vertex 76.787 79.316 25.55
      vertex 76.787 77.316 25.55
    endloop
  endfacet
  facet normal 0 0 -1
    outer loop
      vertex 8.07999 77.316 25.55
      vertex 8.07999 79.316 25.55
      vertex 76.787 79.316 25.55
    endloop
  endfacet
  facet normal 0 0 -1
    outer loop
      vertex 7.2439 77.2749 25.55
      vertex 8.07999 79.316 25.55
      vertex 8.07999 77.316 25.55
    endloop
  endfacet
  facet normal 0 0 -1
    outer loop
      vertex 7.2439 77.2749 25.55
      vertex 7.04787 79.2653 25.55
      vertex 8.07999 79.316 25.55
    endloop
  endfacet
  facet normal 0 0 -1
    outer loop
      vertex 6.41586 77.1521 25.55
      vertex 7.04787 79.2653 25.55
      vertex 7.2439 77.2749 25.55
    endloop
  endfacet
  facet normal 0 0 -1
    outer loop
      vertex 6.41586 77.1521 25.55
      vertex 6.02568 79.1136 25.55
      vertex 7.04787 79.2653 25.55
    endloop
  endfacet
  facet normal 0 0 -1
    outer loop
      vertex 5.60385 76.9487 25.55
      vertex 6.02568 79.1136 25.55
      vertex 6.41586 77.1521 25.55
    endloop
  endfacet
  facet normal 0 0 -1
    outer loop
      vertex 5.60385 76.9487 25.55
      vertex 5.02328 78.8626 25.55
      vertex 6.02568 79.1136 25.55
    endloop
  endfacet
  facet normal 0 0 -1
    outer loop
      vertex 4.81569 76.6667 25.55
      vertex 5.02328 78.8626 25.55
      vertex 5.60385 76.9487 25.55
    endloop
  endfacet
  facet normal 0 0 -1
    outer loop
      vertex 4.05032 78.5144 25.55
      vertex 4.81569 76.6667 25.55
      vertex 4.05896 76.3088 25.55
    endloop
  endfacet
  facet normal 0 0 -1
    outer loop
      vertex 4.81569 76.6667 25.55
      vertex 4.05032 78.5144 25.55
      vertex 5.02328 78.8626 25.55
    endloop
  endfacet
  facet normal 0 0 -1
    outer loop
      vertex 3.11617 78.0726 25.55
      vertex 4.05896 76.3088 25.55
      vertex 3.34097 75.8784 25.55
    endloop
  endfacet
  facet normal 0 0 -1
    outer loop
      vertex 4.05896 76.3088 25.55
      vertex 3.11617 78.0726 25.55
      vertex 4.05032 78.5144 25.55
    endloop
  endfacet
  facet normal 0 0 -1
    outer loop
      vertex 2.22983 77.5414 25.55
      vertex 3.34097 75.8784 25.55
      vertex 2.66861 75.3798 25.55
    endloop
  endfacet
  facet normal 0 0 -1
    outer loop
      vertex 3.34097 75.8784 25.55
      vertex 2.22983 77.5414 25.55
      vertex 3.11617 78.0726 25.55
    endloop
  endfacet
  facet normal 0 0 -1
    outer loop
      vertex 1.39983 76.9258 25.55
      vertex 2.66861 75.3798 25.55
      vertex 2.04836 74.8176 25.55
    endloop
  endfacet
  facet normal 0 0 -1
    outer loop
      vertex 0.63414 76.2318 25.55
      vertex 2.04836 74.8176 25.55
      vertex 1.48621 74.1974 25.55
    endloop
  endfacet
  facet normal 0 0 -1
    outer loop
      vertex 2.66861 75.3798 25.55
      vertex 1.39983 76.9258 25.55
      vertex 2.22983 77.5414 25.55
    endloop
  endfacet
  facet normal 0 0 -1
    outer loop
      vertex -0.0597992 75.4661 25.55
      vertex 1.48621 74.1974 25.55
      vertex 0.987549 73.525 25.55
    endloop
  endfacet
  facet normal 0 0 -1
    outer loop
      vertex 2.04836 74.8176 25.55
      vertex 0.63414 76.2318 25.55
      vertex 1.39983 76.9258 25.55
    endloop
  endfacet
  facet normal 0 0 -1
    outer loop
      vertex -0.675385 74.6361 25.55
      vertex 0.987549 73.525 25.55
      vertex 0.55719 72.807 25.55
    endloop
  endfacet
  facet normal 0 0 -1
    outer loop
      vertex -1.20663 73.7498 25.55
      vertex 0.55719 72.807 25.55
      vertex 0.199295 72.0503 25.55
    endloop
  endfacet
  facet normal 0 0 -1
    outer loop
      vertex 1.48621 74.1974 25.55
      vertex -0.0597992 75.4661 25.55
      vertex 0.63414 76.2318 25.55
    endloop
  endfacet
  facet normal 0 0 -1
    outer loop
      vertex -1.64845 72.8156 25.55
      vertex 0.199295 72.0503 25.55
      vertex -0.0827026 71.2621 25.55
    endloop
  endfacet
  facet normal 0 0 -1
    outer loop
      vertex -1.99658 71.8427 25.55
      vertex -0.0827026 71.2621 25.55
      vertex -0.286102 70.4501 25.55
    endloop
  endfacet
  facet normal 0 0 -1
    outer loop
      vertex -2.24768 70.8403 25.55
      vertex -0.286102 70.4501 25.55
      vertex -0.408936 69.6221 25.55
    endloop
  endfacet
  facet normal 0 0 -1
    outer loop
      vertex 0.987549 73.525 25.55
      vertex -0.675385 74.6361 25.55
      vertex -0.0597992 75.4661 25.55
    endloop
  endfacet
  facet normal 0 0 -1
    outer loop
      vertex -2.39931 69.8181 25.55
      vertex -0.408936 69.6221 25.55
      vertex -0.449997 68.786 25.55
    endloop
  endfacet
  facet normal 0 0 -1
    outer loop
      vertex -0.449997 8.07999 25.55
      vertex -2.45 8.07999 25.55
      vertex -0.449997 68.786 25.55
    endloop
  endfacet
  facet normal 0 0 -1
    outer loop
      vertex -2.24768 6.02568 25.55
      vertex -0.286102 6.41586 25.55
      vertex -1.99658 5.02328 25.55
    endloop
  endfacet
  facet normal 0 0 -1
    outer loop
      vertex -2.45 68.786 25.55
      vertex -0.449997 68.786 25.55
      vertex -2.45 8.07999 25.55
    endloop
  endfacet
  facet normal -0 0 -1
    outer loop
      vertex -0.286102 6.41586 25.55
      vertex -2.24768 6.02568 25.55
      vertex -0.408936 7.2439 25.55
    endloop
  endfacet
  facet normal 0 -0 -1
    outer loop
      vertex -2.39931 69.8181 25.55
      vertex -0.449997 68.786 25.55
      vertex -2.45 68.786 25.55
    endloop
  endfacet
  facet normal 0 0 -1
    outer loop
      vertex -2.39931 7.04787 25.55
      vertex -0.408936 7.2439 25.55
      vertex -2.24768 6.02568 25.55
    endloop
  endfacet
  facet normal 0 0 -1
    outer loop
      vertex 0.55719 72.807 25.55
      vertex -1.20663 73.7498 25.55
      vertex -0.675385 74.6361 25.55
    endloop
  endfacet
  facet normal -0 0 -1
    outer loop
      vertex -0.408936 7.2439 25.55
      vertex -2.39931 7.04787 25.55
      vertex -0.449997 8.07999 25.55
    endloop
  endfacet
  facet normal 0 0 -1
    outer loop
      vertex 0.199295 72.0503 25.55
      vertex -1.64845 72.8156 25.55
      vertex -1.20663 73.7498 25.55
    endloop
  endfacet
  facet normal -0 0 -1
    outer loop
      vertex -0.449997 8.07999 25.55
      vertex -2.39931 7.04787 25.55
      vertex -2.45 8.07999 25.55
    endloop
  endfacet
  facet normal 0 0 -1
    outer loop
      vertex -0.0827026 71.2621 25.55
      vertex -1.99658 71.8427 25.55
      vertex -1.64845 72.8156 25.55
    endloop
  endfacet
  facet normal 0 0 -1
    outer loop
      vertex -0.286102 70.4501 25.55
      vertex -2.24768 70.8403 25.55
      vertex -1.99658 71.8427 25.55
    endloop
  endfacet
  facet normal 0 0 -1
    outer loop
      vertex -0.408936 69.6221 25.55
      vertex -2.39931 69.8181 25.55
      vertex -2.24768 70.8403 25.55
    endloop
  endfacet
  facet normal 0.146731 -0.989176 0
    outer loop
      vertex 77.8191 -2.39931 25.55
      vertex 78.8413 -2.24768 50.55
      vertex 77.8191 -2.39931 50.55
    endloop
  endfacet
  facet normal 0.146731 -0.989176 0
    outer loop
      vertex 78.8413 -2.24768 50.55
      vertex 77.8191 -2.39931 25.55
      vertex 78.8413 -2.24768 25.55
    endloop
  endfacet
  facet normal 0.242991 -0.970029 0
    outer loop
      vertex 78.8413 -2.24768 25.55
      vertex 79.8437 -1.99658 50.55
      vertex 78.8413 -2.24768 50.55
    endloop
  endfacet
  facet normal 0.242991 -0.970029 0
    outer loop
      vertex 79.8437 -1.99658 50.55
      vertex 78.8413 -2.24768 25.55
      vertex 79.8437 -1.99658 25.55
    endloop
  endfacet
  facet normal 0.336908 -0.941538 0
    outer loop
      vertex 79.8437 -1.99658 25.55
      vertex 80.8166 -1.64845 50.55
      vertex 79.8437 -1.99658 50.55
    endloop
  endfacet
  facet normal 0.336908 -0.941538 0
    outer loop
      vertex 80.8166 -1.64845 50.55
      vertex 79.8437 -1.99658 25.55
      vertex 80.8166 -1.64845 25.55
    endloop
  endfacet
  facet normal 0.427536 -0.903998 0
    outer loop
      vertex 80.8166 -1.64845 25.55
      vertex 81.7508 -1.20663 50.55
      vertex 80.8166 -1.64845 50.55
    endloop
  endfacet
  facet normal 0.427536 -0.903998 0
    outer loop
      vertex 81.7508 -1.20663 50.55
      vertex 80.8166 -1.64845 25.55
      vertex 81.7508 -1.20663 25.55
    endloop
  endfacet
  facet normal 0.514115 -0.857721 0
    outer loop
      vertex 81.7508 -1.20663 25.55
      vertex 82.6371 -0.675385 50.55
      vertex 81.7508 -1.20663 50.55
    endloop
  endfacet
  facet normal 0.514115 -0.857721 0
    outer loop
      vertex 82.6371 -0.675385 50.55
      vertex 81.7508 -1.20663 25.55
      vertex 82.6371 -0.675385 25.55
    endloop
  endfacet
  facet normal 0.595709 -0.8032 0
    outer loop
      vertex 82.6371 -0.675385 25.55
      vertex 83.4671 -0.0597992 50.55
      vertex 82.6371 -0.675385 50.55
    endloop
  endfacet
  facet normal 0.595709 -0.8032 0
    outer loop
      vertex 83.4671 -0.0597992 50.55
      vertex 82.6371 -0.675385 25.55
      vertex 83.4671 -0.0597992 25.55
    endloop
  endfacet
  facet normal 0.671544 -0.740964 0
    outer loop
      vertex 83.4671 -0.0597992 25.55
      vertex 84.1754 0.582141 50.55
      vertex 83.4671 -0.0597992 50.55
    endloop
  endfacet
  facet normal 0.671532 -0.740976 6.37751e-07
    outer loop
      vertex 84.2328 0.63414 25.55
      vertex 84.1754 0.582141 50.55
      vertex 83.4671 -0.0597992 25.55
    endloop
  endfacet
  facet normal 0.671379 -0.741114 0
    outer loop
      vertex 84.1754 0.582141 50.55
      vertex 84.2328 0.63414 25.55
      vertex 84.2328 0.63414 50.55
    endloop
  endfacet
  facet normal 0.740939 -0.671572 0
    outer loop
      vertex 84.2328 0.634146 50.55
      vertex 84.9268 1.39983 25.55
      vertex 84.9268 1.39983 50.55
    endloop
  endfacet
  facet normal 1 0 0
    outer loop
      vertex 84.2328 0.63414 25.55
      vertex 84.2328 0.634146 50.55
      vertex 84.2328 0.63414 50.55
    endloop
  endfacet
  facet normal 0.740942 -0.671569 1.61177e-07
    outer loop
      vertex 84.2328 0.634146 50.55
      vertex 84.2328 0.63414 25.55
      vertex 84.9268 1.39983 25.55
    endloop
  endfacet
  facet normal 0.803194 -0.595718 0
    outer loop
      vertex 84.9268 1.39983 50.55
      vertex 85.5424 2.22983 25.55
      vertex 85.5424 2.22983 50.55
    endloop
  endfacet
  facet normal 0.803194 -0.595718 0
    outer loop
      vertex 85.5424 2.22983 25.55
      vertex 84.9268 1.39983 50.55
      vertex 84.9268 1.39983 25.55
    endloop
  endfacet
  facet normal 0.857751 -0.514066 0
    outer loop
      vertex 85.5424 2.22983 50.55
      vertex 86.0736 3.11617 25.55
      vertex 86.0736 3.11617 50.55
    endloop
  endfacet
  facet normal 0.857751 -0.514066 0
    outer loop
      vertex 86.0736 3.11617 25.55
      vertex 85.5424 2.22983 50.55
      vertex 85.5424 2.22983 25.55
    endloop
  endfacet
  facet normal 0.903997 -0.427539 0
    outer loop
      vertex 86.0736 3.11617 50.55
      vertex 86.5154 4.05032 25.55
      vertex 86.5154 4.05032 50.55
    endloop
  endfacet
  facet normal 0.903997 -0.427539 0
    outer loop
      vertex 86.5154 4.05032 25.55
      vertex 86.0736 3.11617 50.55
      vertex 86.0736 3.11617 25.55
    endloop
  endfacet
  facet normal 0.941523 -0.336949 0
    outer loop
      vertex 86.5154 4.05032 50.55
      vertex 86.8636 5.02328 25.55
      vertex 86.8636 5.02328 50.55
    endloop
  endfacet
  facet normal 0.941523 -0.336949 0
    outer loop
      vertex 86.8636 5.02328 25.55
      vertex 86.5154 4.05032 50.55
      vertex 86.5154 4.05032 25.55
    endloop
  endfacet
  facet normal 0.970029 -0.242991 0
    outer loop
      vertex 86.8636 5.02328 50.55
      vertex 87.1147 6.02568 25.55
      vertex 87.1147 6.02568 50.55
    endloop
  endfacet
  facet normal 0.970029 -0.242991 0
    outer loop
      vertex 87.1147 6.02568 25.55
      vertex 86.8636 5.02328 50.55
      vertex 86.8636 5.02328 25.55
    endloop
  endfacet
  facet normal 0.98918 -0.146704 0
    outer loop
      vertex 87.1147 6.02568 50.55
      vertex 87.2663 7.04787 25.55
      vertex 87.2663 7.04787 50.55
    endloop
  endfacet
  facet normal 0.98918 -0.146704 0
    outer loop
      vertex 87.2663 7.04787 25.55
      vertex 87.1147 6.02568 50.55
      vertex 87.1147 6.02568 25.55
    endloop
  endfacet
  facet normal 0.998796 -0.049063 0
    outer loop
      vertex 87.2663 7.04787 50.55
      vertex 87.317 8.07999 25.55
      vertex 87.317 8.07999 50.55
    endloop
  endfacet
  facet normal 0.998796 -0.049063 0
    outer loop
      vertex 87.317 8.07999 25.55
      vertex 87.2663 7.04787 50.55
      vertex 87.2663 7.04787 25.55
    endloop
  endfacet
  facet normal 1 -0 0
    outer loop
      vertex 87.317 8.07999 50.55
      vertex 87.317 68.786 25.55
      vertex 87.317 68.786 50.55
    endloop
  endfacet
  facet normal 1 0 0
    outer loop
      vertex 87.317 68.786 25.55
      vertex 87.317 8.07999 50.55
      vertex 87.317 8.07999 25.55
    endloop
  endfacet
  facet normal 0.998796 0.049064 0
    outer loop
      vertex 87.317 68.786 50.55
      vertex 87.2663 69.8181 25.55
      vertex 87.2663 69.8181 50.55
    endloop
  endfacet
  facet normal 0.998796 0.049064 0
    outer loop
      vertex 87.2663 69.8181 25.55
      vertex 87.317 68.786 50.55
      vertex 87.317 68.786 25.55
    endloop
  endfacet
  facet normal 0.989181 0.146703 0
    outer loop
      vertex 87.2663 69.8181 50.55
      vertex 87.1147 70.8403 25.55
      vertex 87.1147 70.8403 50.55
    endloop
  endfacet
  facet normal 0.989181 0.146703 0
    outer loop
      vertex 87.1147 70.8403 25.55
      vertex 87.2663 69.8181 50.55
      vertex 87.2663 69.8181 25.55
    endloop
  endfacet
  facet normal 0.970029 0.242991 0
    outer loop
      vertex 87.1147 70.8403 50.55
      vertex 86.8636 71.8427 25.55
      vertex 86.8636 71.8427 50.55
    endloop
  endfacet
  facet normal 0.970029 0.242991 0
    outer loop
      vertex 86.8636 71.8427 25.55
      vertex 87.1147 70.8403 50.55
      vertex 87.1147 70.8403 25.55
    endloop
  endfacet
  facet normal 0.941516 0.336968 0
    outer loop
      vertex 86.8636 71.8427 50.55
      vertex 86.5154 72.8156 25.55
      vertex 86.5154 72.8156 50.55
    endloop
  endfacet
  facet normal 0.941516 0.336968 0
    outer loop
      vertex 86.5154 72.8156 25.55
      vertex 86.8636 71.8427 50.55
      vertex 86.8636 71.8427 25.55
    endloop
  endfacet
  facet normal 0.904006 0.427521 0
    outer loop
      vertex 86.5154 72.8156 50.55
      vertex 86.0736 73.7498 25.55
      vertex 86.0736 73.7498 50.55
    endloop
  endfacet
  facet normal 0.904006 0.427521 0
    outer loop
      vertex 86.0736 73.7498 25.55
      vertex 86.5154 72.8156 50.55
      vertex 86.5154 72.8156 25.55
    endloop
  endfacet
  facet normal 0.85774 0.514083 0
    outer loop
      vertex 86.0736 73.7498 50.55
      vertex 85.5424 74.6361 25.55
      vertex 85.5424 74.6361 50.55
    endloop
  endfacet
  facet normal 0.85774 0.514083 0
    outer loop
      vertex 85.5424 74.6361 25.55
      vertex 86.0736 73.7498 50.55
      vertex 86.0736 73.7498 25.55
    endloop
  endfacet
  facet normal 0.803194 0.595718 0
    outer loop
      vertex 85.5424 74.6361 50.55
      vertex 84.9268 75.4661 25.55
      vertex 84.9268 75.4661 50.55
    endloop
  endfacet
  facet normal 0.803194 0.595718 0
    outer loop
      vertex 84.9268 75.4661 25.55
      vertex 85.5424 74.6361 50.55
      vertex 85.5424 74.6361 25.55
    endloop
  endfacet
  facet normal 0.740946 0.671564 0
    outer loop
      vertex 84.9268 75.4661 50.55
      vertex 84.2328 76.2318 25.55
      vertex 84.2328 76.2318 50.55
    endloop
  endfacet
  facet normal 0.740946 0.671564 0
    outer loop
      vertex 84.2328 76.2318 25.55
      vertex 84.9268 75.4661 50.55
      vertex 84.9268 75.4661 25.55
    endloop
  endfacet
  facet normal 0.671564 0.740946 -0
    outer loop
      vertex 84.2328 76.2318 25.55
      vertex 83.4671 76.9258 50.55
      vertex 84.2328 76.2318 50.55
    endloop
  endfacet
  facet normal 0.671564 0.740946 0
    outer loop
      vertex 83.4671 76.9258 50.55
      vertex 84.2328 76.2318 25.55
      vertex 83.4671 76.9258 25.55
    endloop
  endfacet
  facet normal 0.595718 0.803194 -0
    outer loop
      vertex 83.4671 76.9258 25.55
      vertex 82.6371 77.5414 50.55
      vertex 83.4671 76.9258 50.55
    endloop
  endfacet
  facet normal 0.595718 0.803194 0
    outer loop
      vertex 82.6371 77.5414 50.55
      vertex 83.4671 76.9258 25.55
      vertex 82.6371 77.5414 25.55
    endloop
  endfacet
  facet normal 0.514083 0.85774 -0
    outer loop
      vertex 82.6371 77.5414 25.55
      vertex 81.7508 78.0726 50.55
      vertex 82.6371 77.5414 50.55
    endloop
  endfacet
  facet normal 0.514083 0.85774 0
    outer loop
      vertex 81.7508 78.0726 50.55
      vertex 82.6371 77.5414 25.55
      vertex 81.7508 78.0726 25.55
    endloop
  endfacet
  facet normal 0.427521 0.904006 -0
    outer loop
      vertex 81.7508 78.0726 25.55
      vertex 80.8166 78.5144 50.55
      vertex 81.7508 78.0726 50.55
    endloop
  endfacet
  facet normal 0.427521 0.904006 0
    outer loop
      vertex 80.8166 78.5144 50.55
      vertex 81.7508 78.0726 25.55
      vertex 80.8166 78.5144 25.55
    endloop
  endfacet
  facet normal 0.336968 0.941516 -0
    outer loop
      vertex 80.8166 78.5144 25.55
      vertex 79.8437 78.8626 50.55
      vertex 80.8166 78.5144 50.55
    endloop
  endfacet
  facet normal 0.336968 0.941516 0
    outer loop
      vertex 79.8437 78.8626 50.55
      vertex 80.8166 78.5144 25.55
      vertex 79.8437 78.8626 25.55
    endloop
  endfacet
  facet normal 0.2429 0.970051 -0
    outer loop
      vertex 79.8437 78.8626 25.55
      vertex 78.8413 79.1136 50.55
      vertex 79.8437 78.8626 50.55
    endloop
  endfacet
  facet normal 0.2429 0.970051 0
    outer loop
      vertex 78.8413 79.1136 50.55
      vertex 79.8437 78.8626 25.55
      vertex 78.8413 79.1136 25.55
    endloop
  endfacet
  facet normal 0.146798 0.989167 -0
    outer loop
      vertex 78.8413 79.1136 25.55
      vertex 77.8191 79.2653 50.55
      vertex 78.8413 79.1136 50.55
    endloop
  endfacet
  facet normal 0.146798 0.989167 0
    outer loop
      vertex 77.8191 79.2653 50.55
      vertex 78.8413 79.1136 25.55
      vertex 77.8191 79.2653 25.55
    endloop
  endfacet
  facet normal 0.049064 0.998796 -0
    outer loop
      vertex 77.8191 79.2653 25.55
      vertex 76.787 79.316 50.55
      vertex 77.8191 79.2653 50.55
    endloop
  endfacet
  facet normal 0.049064 0.998796 0
    outer loop
      vertex 76.787 79.316 50.55
      vertex 77.8191 79.2653 25.55
      vertex 76.787 79.316 25.55
    endloop
  endfacet
  facet normal 0 1 -0
    outer loop
      vertex 76.787 79.316 25.55
      vertex 8.07999 79.316 50.55
      vertex 76.787 79.316 50.55
    endloop
  endfacet
  facet normal 0 1 0
    outer loop
      vertex 8.07999 79.316 50.55
      vertex 76.787 79.316 25.55
      vertex 8.07999 79.316 25.55
    endloop
  endfacet
  facet normal -0.049063 0.998796 0
    outer loop
      vertex 8.07999 79.316 25.55
      vertex 7.04787 79.2653 50.55
      vertex 8.07999 79.316 50.55
    endloop
  endfacet
  facet normal -0.049063 0.998796 0
    outer loop
      vertex 7.04787 79.2653 50.55
      vertex 8.07999 79.316 25.55
      vertex 7.04787 79.2653 25.55
    endloop
  endfacet
  facet normal -0.146799 0.989166 0
    outer loop
      vertex 7.04787 79.2653 25.55
      vertex 6.02568 79.1136 50.55
      vertex 7.04787 79.2653 50.55
    endloop
  endfacet
  facet normal -0.146799 0.989166 0
    outer loop
      vertex 6.02568 79.1136 50.55
      vertex 7.04787 79.2653 25.55
      vertex 6.02568 79.1136 25.55
    endloop
  endfacet
  facet normal -0.2429 0.970051 0
    outer loop
      vertex 6.02568 79.1136 25.55
      vertex 5.02328 78.8626 50.55
      vertex 6.02568 79.1136 50.55
    endloop
  endfacet
  facet normal -0.2429 0.970051 0
    outer loop
      vertex 5.02328 78.8626 50.55
      vertex 6.02568 79.1136 25.55
      vertex 5.02328 78.8626 25.55
    endloop
  endfacet
  facet normal -0.336949 0.941523 0
    outer loop
      vertex 5.02328 78.8626 25.55
      vertex 4.05032 78.5144 50.55
      vertex 5.02328 78.8626 50.55
    endloop
  endfacet
  facet normal -0.336949 0.941523 0
    outer loop
      vertex 4.05032 78.5144 50.55
      vertex 5.02328 78.8626 25.55
      vertex 4.05032 78.5144 25.55
    endloop
  endfacet
  facet normal -0.427539 0.903997 0
    outer loop
      vertex 4.05032 78.5144 25.55
      vertex 3.11617 78.0726 50.55
      vertex 4.05032 78.5144 50.55
    endloop
  endfacet
  facet normal -0.427539 0.903997 0
    outer loop
      vertex 3.11617 78.0726 50.55
      vertex 4.05032 78.5144 25.55
      vertex 3.11617 78.0726 25.55
    endloop
  endfacet
  facet normal -0.514066 0.857751 0
    outer loop
      vertex 3.11617 78.0726 25.55
      vertex 2.22983 77.5414 50.55
      vertex 3.11617 78.0726 50.55
    endloop
  endfacet
  facet normal -0.514066 0.857751 0
    outer loop
      vertex 2.22983 77.5414 50.55
      vertex 3.11617 78.0726 25.55
      vertex 2.22983 77.5414 25.55
    endloop
  endfacet
  facet normal -0.595718 0.803194 0
    outer loop
      vertex 2.22983 77.5414 25.55
      vertex 1.39983 76.9258 50.55
      vertex 2.22983 77.5414 50.55
    endloop
  endfacet
  facet normal -0.595718 0.803194 0
    outer loop
      vertex 1.39983 76.9258 50.55
      vertex 2.22983 77.5414 25.55
      vertex 1.39983 76.9258 25.55
    endloop
  endfacet
  facet normal -0.671572 0.740939 0
    outer loop
      vertex 1.39983 76.9258 25.55
      vertex 0.634146 76.2318 50.55
      vertex 1.39983 76.9258 50.55
    endloop
  endfacet
  facet normal -0.671569 0.740942 1.61177e-07
    outer loop
      vertex 0.63414 76.2318 25.55
      vertex 0.634146 76.2318 50.55
      vertex 1.39983 76.9258 25.55
    endloop
  endfacet
  facet normal 0 1 0
    outer loop
      vertex 0.634146 76.2318 50.55
      vertex 0.63414 76.2318 25.55
      vertex 0.63414 76.2318 50.55
    endloop
  endfacet
  facet normal -0.741114 0.671379 0
    outer loop
      vertex 0.63414 76.2318 25.55
      vertex 0.582141 76.1744 50.55
      vertex 0.63414 76.2318 50.55
    endloop
  endfacet
  facet normal -0.740976 0.671532 6.37751e-07
    outer loop
      vertex -0.0597992 75.4661 25.55
      vertex 0.582141 76.1744 50.55
      vertex 0.63414 76.2318 25.55
    endloop
  endfacet
  facet normal -0.740964 0.671544 0
    outer loop
      vertex 0.582141 76.1744 50.55
      vertex -0.0597992 75.4661 25.55
      vertex -0.0597992 75.4661 50.55
    endloop
  endfacet
  facet normal -0.8032 0.595709 0
    outer loop
      vertex -0.675385 74.6361 25.55
      vertex -0.0597992 75.4661 50.55
      vertex -0.0597992 75.4661 25.55
    endloop
  endfacet
  facet normal -0.8032 0.595709 0
    outer loop
      vertex -0.0597992 75.4661 50.55
      vertex -0.675385 74.6361 25.55
      vertex -0.675385 74.6361 50.55
    endloop
  endfacet
  facet normal -0.857721 0.514115 0
    outer loop
      vertex -1.20663 73.7498 25.55
      vertex -0.675385 74.6361 50.55
      vertex -0.675385 74.6361 25.55
    endloop
  endfacet
  facet normal -0.857721 0.514115 0
    outer loop
      vertex -0.675385 74.6361 50.55
      vertex -1.20663 73.7498 25.55
      vertex -1.20663 73.7498 50.55
    endloop
  endfacet
  facet normal -0.903998 0.427536 0
    outer loop
      vertex -1.64845 72.8156 25.55
      vertex -1.20663 73.7498 50.55
      vertex -1.20663 73.7498 25.55
    endloop
  endfacet
  facet normal -0.903998 0.427536 0
    outer loop
      vertex -1.20663 73.7498 50.55
      vertex -1.64845 72.8156 25.55
      vertex -1.64845 72.8156 50.55
    endloop
  endfacet
  facet normal -0.941538 0.336908 0
    outer loop
      vertex -1.99658 71.8427 25.55
      vertex -1.64845 72.8156 50.55
      vertex -1.64845 72.8156 25.55
    endloop
  endfacet
  facet normal -0.941538 0.336908 0
    outer loop
      vertex -1.64845 72.8156 50.55
      vertex -1.99658 71.8427 25.55
      vertex -1.99658 71.8427 50.55
    endloop
  endfacet
  facet normal -0.970029 0.242991 0
    outer loop
      vertex -2.24768 70.8403 25.55
      vertex -1.99658 71.8427 50.55
      vertex -1.99658 71.8427 25.55
    endloop
  endfacet
  facet normal -0.970029 0.242991 0
    outer loop
      vertex -1.99658 71.8427 50.55
      vertex -2.24768 70.8403 25.55
      vertex -2.24768 70.8403 50.55
    endloop
  endfacet
  facet normal -0.989176 0.146731 0
    outer loop
      vertex -2.39931 69.8181 25.55
      vertex -2.24768 70.8403 50.55
      vertex -2.24768 70.8403 25.55
    endloop
  endfacet
  facet normal -0.989176 0.146731 0
    outer loop
      vertex -2.24768 70.8403 50.55
      vertex -2.39931 69.8181 25.55
      vertex -2.39931 69.8181 50.55
    endloop
  endfacet
  facet normal -0.998796 0.0490543 0
    outer loop
      vertex -2.45 68.786 25.55
      vertex -2.39931 69.8181 50.55
      vertex -2.39931 69.8181 25.55
    endloop
  endfacet
  facet normal -0.998796 0.0490543 0
    outer loop
      vertex -2.39931 69.8181 50.55
      vertex -2.45 68.786 25.55
      vertex -2.45 68.786 50.55
    endloop
  endfacet
  facet normal -1 0 0
    outer loop
      vertex -2.45 8.07999 25.55
      vertex -2.45 68.786 50.55
      vertex -2.45 68.786 25.55
    endloop
  endfacet
  facet normal -1 -0 0
    outer loop
      vertex -2.45 68.786 50.55
      vertex -2.45 8.07999 25.55
      vertex -2.45 8.07999 50.55
    endloop
  endfacet
  facet normal -0.998796 -0.0490534 0
    outer loop
      vertex -2.39931 7.04787 25.55
      vertex -2.45 8.07999 50.55
      vertex -2.45 8.07999 25.55
    endloop
  endfacet
  facet normal -0.998796 -0.0490534 0
    outer loop
      vertex -2.45 8.07999 50.55
      vertex -2.39931 7.04787 25.55
      vertex -2.39931 7.04787 50.55
    endloop
  endfacet
  facet normal -0.989176 -0.146733 0
    outer loop
      vertex -2.24768 6.02568 25.55
      vertex -2.39931 7.04787 50.55
      vertex -2.39931 7.04787 25.55
    endloop
  endfacet
  facet normal -0.989176 -0.146733 0
    outer loop
      vertex -2.39931 7.04787 50.55
      vertex -2.24768 6.02568 25.55
      vertex -2.24768 6.02568 50.55
    endloop
  endfacet
  facet normal -0.970029 -0.242991 0
    outer loop
      vertex -1.99658 5.02328 25.55
      vertex -2.24768 6.02568 50.55
      vertex -2.24768 6.02568 25.55
    endloop
  endfacet
  facet normal -0.970029 -0.242991 0
    outer loop
      vertex -2.24768 6.02568 50.55
      vertex -1.99658 5.02328 25.55
      vertex -1.99658 5.02328 50.55
    endloop
  endfacet
  facet normal -0.941544 -0.336889 0
    outer loop
      vertex -1.64845 4.05032 25.55
      vertex -1.99658 5.02328 50.55
      vertex -1.99658 5.02328 25.55
    endloop
  endfacet
  facet normal -0.941544 -0.336889 0
    outer loop
      vertex -1.99658 5.02328 50.55
      vertex -1.64845 4.05032 25.55
      vertex -1.64845 4.05032 50.55
    endloop
  endfacet
  facet normal -0.903989 -0.427555 0
    outer loop
      vertex -1.20663 3.11617 25.55
      vertex -1.64845 4.05032 50.55
      vertex -1.64845 4.05032 25.55
    endloop
  endfacet
  facet normal -0.903989 -0.427555 0
    outer loop
      vertex -1.64845 4.05032 50.55
      vertex -1.20663 3.11617 25.55
      vertex -1.20663 3.11617 50.55
    endloop
  endfacet
  facet normal -0.857731 -0.514098 0
    outer loop
      vertex -0.675385 2.22983 25.55
      vertex -1.20663 3.11617 50.55
      vertex -1.20663 3.11617 25.55
    endloop
  endfacet
  facet normal -0.857731 -0.514098 0
    outer loop
      vertex -1.20663 3.11617 50.55
      vertex -0.675385 2.22983 25.55
      vertex -0.675385 2.22983 50.55
    endloop
  endfacet
  facet normal -0.8032 -0.595709 0
    outer loop
      vertex -0.0597992 1.39983 25.55
      vertex -0.675385 2.22983 50.55
      vertex -0.675385 2.22983 25.55
    endloop
  endfacet
  facet normal -0.8032 -0.595709 0
    outer loop
      vertex -0.675385 2.22983 50.55
      vertex -0.0597992 1.39983 25.55
      vertex -0.0597992 1.39983 50.55
    endloop
  endfacet
  facet normal -0.740971 -0.671537 0
    outer loop
      vertex 0.63414 0.63414 25.55
      vertex -0.0597992 1.39983 50.55
      vertex -0.0597992 1.39983 25.55
    endloop
  endfacet
  facet normal -0.740971 -0.671537 0
    outer loop
      vertex -0.0597992 1.39983 50.55
      vertex 0.63414 0.63414 25.55
      vertex 0.63414 0.63414 50.55
    endloop
  endfacet
  facet normal -0.671537 -0.740971 0
    outer loop
      vertex 0.63414 0.63414 25.55
      vertex 1.39983 -0.0597992 50.55
      vertex 0.63414 0.63414 50.55
    endloop
  endfacet
  facet normal -0.671537 -0.740971 -0
    outer loop
      vertex 1.39983 -0.0597992 50.55
      vertex 0.63414 0.63414 25.55
      vertex 1.39983 -0.0597992 25.55
    endloop
  endfacet
  facet normal -0.595709 -0.8032 0
    outer loop
      vertex 1.39983 -0.0597992 25.55
      vertex 2.22983 -0.675385 50.55
      vertex 1.39983 -0.0597992 50.55
    endloop
  endfacet
  facet normal -0.595709 -0.8032 -0
    outer loop
      vertex 2.22983 -0.675385 50.55
      vertex 1.39983 -0.0597992 25.55
      vertex 2.22983 -0.675385 25.55
    endloop
  endfacet
  facet normal -0.514098 -0.857731 0
    outer loop
      vertex 2.22983 -0.675385 25.55
      vertex 3.11617 -1.20663 50.55
      vertex 2.22983 -0.675385 50.55
    endloop
  endfacet
  facet normal -0.514098 -0.857731 -0
    outer loop
      vertex 3.11617 -1.20663 50.55
      vertex 2.22983 -0.675385 25.55
      vertex 3.11617 -1.20663 25.55
    endloop
  endfacet
  facet normal -0.427555 -0.903989 0
    outer loop
      vertex 3.11617 -1.20663 25.55
      vertex 4.05032 -1.64845 50.55
      vertex 3.11617 -1.20663 50.55
    endloop
  endfacet
  facet normal -0.427555 -0.903989 -0
    outer loop
      vertex 4.05032 -1.64845 50.55
      vertex 3.11617 -1.20663 25.55
      vertex 4.05032 -1.64845 25.55
    endloop
  endfacet
  facet normal -0.336889 -0.941544 0
    outer loop
      vertex 4.05032 -1.64845 25.55
      vertex 5.02328 -1.99658 50.55
      vertex 4.05032 -1.64845 50.55
    endloop
  endfacet
  facet normal -0.336889 -0.941544 -0
    outer loop
      vertex 5.02328 -1.99658 50.55
      vertex 4.05032 -1.64845 25.55
      vertex 5.02328 -1.99658 25.55
    endloop
  endfacet
  facet normal -0.242991 -0.970029 0
    outer loop
      vertex 5.02328 -1.99658 25.55
      vertex 6.02568 -2.24768 50.55
      vertex 5.02328 -1.99658 50.55
    endloop
  endfacet
  facet normal -0.242991 -0.970029 -0
    outer loop
      vertex 6.02568 -2.24768 50.55
      vertex 5.02328 -1.99658 25.55
      vertex 6.02568 -2.24768 25.55
    endloop
  endfacet
  facet normal -0.146733 -0.989176 0
    outer loop
      vertex 6.02568 -2.24768 25.55
      vertex 7.04787 -2.39931 50.55
      vertex 6.02568 -2.24768 50.55
    endloop
  endfacet
  facet normal -0.146733 -0.989176 -0
    outer loop
      vertex 7.04787 -2.39931 50.55
      vertex 6.02568 -2.24768 25.55
      vertex 7.04787 -2.39931 25.55
    endloop
  endfacet
  facet normal -0.0490534 -0.998796 0
    outer loop
      vertex 7.04787 -2.39931 25.55
      vertex 8.07999 -2.45 50.55
      vertex 7.04787 -2.39931 50.55
    endloop
  endfacet
  facet normal -0.0490534 -0.998796 -0
    outer loop
      vertex 8.07999 -2.45 50.55
      vertex 7.04787 -2.39931 25.55
      vertex 8.07999 -2.45 25.55
    endloop
  endfacet
  facet normal 0 -1 0
    outer loop
      vertex 8.07999 -2.45 25.55
      vertex 76.787 -2.45 50.55
      vertex 8.07999 -2.45 50.55
    endloop
  endfacet
  facet normal 0 -1 -0
    outer loop
      vertex 76.787 -2.45 50.55
      vertex 8.07999 -2.45 25.55
      vertex 76.787 -2.45 25.55
    endloop
  endfacet
  facet normal 0.0490543 -0.998796 0
    outer loop
      vertex 76.787 -2.45 25.55
      vertex 77.8191 -2.39931 50.55
      vertex 76.787 -2.45 50.55
    endloop
  endfacet
  facet normal 0.0490543 -0.998796 0
    outer loop
      vertex 77.8191 -2.39931 50.55
      vertex 76.787 -2.45 25.55
      vertex 77.8191 -2.39931 25.55
    endloop
  endfacet
  facet normal 0.0490516 0.998796 -0
    outer loop
      vertex 8.07999 -0.449997 25.55
      vertex 7.2439 -0.408936 50.55
      vertex 8.07999 -0.449997 50.55
    endloop
  endfacet
  facet normal 0.0490516 0.998796 0
    outer loop
      vertex 7.2439 -0.408936 50.55
      vertex 8.07999 -0.449997 25.55
      vertex 7.2439 -0.408936 25.55
    endloop
  endfacet
  facet normal 0.146737 0.989175 -0
    outer loop
      vertex 7.2439 -0.408936 25.55
      vertex 6.41586 -0.286102 50.55
      vertex 7.2439 -0.408936 50.55
    endloop
  endfacet
  facet normal 0.146737 0.989175 0
    outer loop
      vertex 6.41586 -0.286102 50.55
      vertex 7.2439 -0.408936 25.55
      vertex 6.41586 -0.286102 25.55
    endloop
  endfacet
  facet normal 0.242982 0.970031 -0
    outer loop
      vertex 6.41586 -0.286102 25.55
      vertex 5.60385 -0.0827026 50.55
      vertex 6.41586 -0.286102 50.55
    endloop
  endfacet
  facet normal 0.242982 0.970031 0
    outer loop
      vertex 5.60385 -0.0827026 50.55
      vertex 6.41586 -0.286102 25.55
      vertex 5.60385 -0.0827026 25.55
    endloop
  endfacet
  facet normal 0.336879 0.941548 -0
    outer loop
      vertex 5.60385 -0.0827026 25.55
      vertex 4.81569 0.199295 50.55
      vertex 5.60385 -0.0827026 50.55
    endloop
  endfacet
  facet normal 0.336879 0.941548 0
    outer loop
      vertex 4.81569 0.199295 50.55
      vertex 5.60385 -0.0827026 25.55
      vertex 4.81569 0.199295 25.55
    endloop
  endfacet
  facet normal 0.427544 0.903995 -0
    outer loop
      vertex 4.81569 0.199295 25.55
      vertex 4.05896 0.55719 50.55
      vertex 4.81569 0.199295 50.55
    endloop
  endfacet
  facet normal 0.427544 0.903995 0
    outer loop
      vertex 4.05896 0.55719 50.55
      vertex 4.81569 0.199295 25.55
      vertex 4.05896 0.55719 25.55
    endloop
  endfacet
  facet normal 0.514114 0.857722 -0
    outer loop
      vertex 4.05896 0.55719 25.55
      vertex 3.34097 0.987549 50.55
      vertex 4.05896 0.55719 50.55
    endloop
  endfacet
  facet normal 0.514114 0.857722 0
    outer loop
      vertex 3.34097 0.987549 50.55
      vertex 4.05896 0.55719 25.55
      vertex 3.34097 0.987549 25.55
    endloop
  endfacet
  facet normal 0.595703 0.803205 -0
    outer loop
      vertex 3.34097 0.987549 25.55
      vertex 2.66861 1.48621 50.55
      vertex 3.34097 0.987549 50.55
    endloop
  endfacet
  facet normal 0.595703 0.803205 0
    outer loop
      vertex 2.66861 1.48621 50.55
      vertex 3.34097 0.987549 25.55
      vertex 2.66861 1.48621 25.55
    endloop
  endfacet
  facet normal 0.671551 0.740958 -0
    outer loop
      vertex 2.66861 1.48621 25.55
      vertex 2.04836 2.04836 50.55
      vertex 2.66861 1.48621 50.55
    endloop
  endfacet
  facet normal 0.671551 0.740958 0
    outer loop
      vertex 2.04836 2.04836 50.55
      vertex 2.66861 1.48621 25.55
      vertex 2.04836 2.04836 25.55
    endloop
  endfacet
  facet normal 0.740958 0.671551 0
    outer loop
      vertex 2.04836 2.04836 50.55
      vertex 1.48621 2.66861 25.55
      vertex 1.48621 2.66861 50.55
    endloop
  endfacet
  facet normal 0.740958 0.671551 0
    outer loop
      vertex 1.48621 2.66861 25.55
      vertex 2.04836 2.04836 50.55
      vertex 2.04836 2.04836 25.55
    endloop
  endfacet
  facet normal 0.803205 0.595703 0
    outer loop
      vertex 1.48621 2.66861 50.55
      vertex 0.987549 3.34097 25.55
      vertex 0.987549 3.34097 50.55
    endloop
  endfacet
  facet normal 0.803205 0.595703 0
    outer loop
      vertex 0.987549 3.34097 25.55
      vertex 1.48621 2.66861 50.55
      vertex 1.48621 2.66861 25.55
    endloop
  endfacet
  facet normal 0.857722 0.514114 0
    outer loop
      vertex 0.987549 3.34097 50.55
      vertex 0.55719 4.05896 25.55
      vertex 0.55719 4.05896 50.55
    endloop
  endfacet
  facet normal 0.857722 0.514114 0
    outer loop
      vertex 0.55719 4.05896 25.55
      vertex 0.987549 3.34097 50.55
      vertex 0.987549 3.34097 25.55
    endloop
  endfacet
  facet normal 0.903995 0.427544 0
    outer loop
      vertex 0.55719 4.05896 50.55
      vertex 0.199295 4.81569 25.55
      vertex 0.199295 4.81569 50.55
    endloop
  endfacet
  facet normal 0.903995 0.427544 0
    outer loop
      vertex 0.199295 4.81569 25.55
      vertex 0.55719 4.05896 50.55
      vertex 0.55719 4.05896 25.55
    endloop
  endfacet
  facet normal 0.941548 0.336879 0
    outer loop
      vertex 0.199295 4.81569 50.55
      vertex -0.0827026 5.60385 25.55
      vertex -0.0827026 5.60385 50.55
    endloop
  endfacet
  facet normal 0.941548 0.336879 0
    outer loop
      vertex -0.0827026 5.60385 25.55
      vertex 0.199295 4.81569 50.55
      vertex 0.199295 4.81569 25.55
    endloop
  endfacet
  facet normal 0.970031 0.242982 0
    outer loop
      vertex -0.0827026 5.60385 50.55
      vertex -0.286102 6.41586 25.55
      vertex -0.286102 6.41586 50.55
    endloop
  endfacet
  facet normal 0.970031 0.242982 0
    outer loop
      vertex -0.286102 6.41586 25.55
      vertex -0.0827026 5.60385 50.55
      vertex -0.0827026 5.60385 25.55
    endloop
  endfacet
  facet normal 0.989175 0.146737 0
    outer loop
      vertex -0.286102 6.41586 50.55
      vertex -0.408936 7.2439 25.55
      vertex -0.408936 7.2439 50.55
    endloop
  endfacet
  facet normal 0.989175 0.146737 0
    outer loop
      vertex -0.408936 7.2439 25.55
      vertex -0.286102 6.41586 50.55
      vertex -0.286102 6.41586 25.55
    endloop
  endfacet
  facet normal 0.998796 0.0490516 0
    outer loop
      vertex -0.408936 7.2439 50.55
      vertex -0.449997 8.07999 25.55
      vertex -0.449997 8.07999 50.55
    endloop
  endfacet
  facet normal 0.998796 0.0490516 0
    outer loop
      vertex -0.449997 8.07999 25.55
      vertex -0.408936 7.2439 50.55
      vertex -0.408936 7.2439 25.55
    endloop
  endfacet
  facet normal 1 -0 0
    outer loop
      vertex -0.449997 8.07999 50.55
      vertex -0.449997 68.786 25.55
      vertex -0.449997 68.786 50.55
    endloop
  endfacet
  facet normal 1 0 0
    outer loop
      vertex -0.449997 68.786 25.55
      vertex -0.449997 8.07999 50.55
      vertex -0.449997 8.07999 25.55
    endloop
  endfacet
  facet normal 0.998796 -0.049051 0
    outer loop
      vertex -0.449997 68.786 50.55
      vertex -0.408936 69.6221 25.55
      vertex -0.408936 69.6221 50.55
    endloop
  endfacet
  facet normal 0.998796 -0.049051 0
    outer loop
      vertex -0.408936 69.6221 25.55
      vertex -0.449997 68.786 50.55
      vertex -0.449997 68.786 25.55
    endloop
  endfacet
  facet normal 0.989174 -0.146744 0
    outer loop
      vertex -0.408936 69.6221 50.55
      vertex -0.286102 70.4501 25.55
      vertex -0.286102 70.4501 50.55
    endloop
  endfacet
  facet normal 0.989174 -0.146744 0
    outer loop
      vertex -0.286102 70.4501 25.55
      vertex -0.408936 69.6221 50.55
      vertex -0.408936 69.6221 25.55
    endloop
  endfacet
  facet normal 0.97003 -0.242985 0
    outer loop
      vertex -0.286102 70.4501 50.55
      vertex -0.0827026 71.2621 25.55
      vertex -0.0827026 71.2621 50.55
    endloop
  endfacet
  facet normal 0.97003 -0.242985 0
    outer loop
      vertex -0.0827026 71.2621 25.55
      vertex -0.286102 70.4501 50.55
      vertex -0.286102 70.4501 25.55
    endloop
  endfacet
  facet normal 0.941553 -0.336864 0
    outer loop
      vertex -0.0827026 71.2621 50.55
      vertex 0.199295 72.0503 25.55
      vertex 0.199295 72.0503 50.55
    endloop
  endfacet
  facet normal 0.941553 -0.336864 0
    outer loop
      vertex 0.199295 72.0503 25.55
      vertex -0.0827026 71.2621 50.55
      vertex -0.0827026 71.2621 25.55
    endloop
  endfacet
  facet normal 0.903988 -0.427558 0
    outer loop
      vertex 0.199295 72.0503 50.55
      vertex 0.55719 72.807 25.55
      vertex 0.55719 72.807 50.55
    endloop
  endfacet
  facet normal 0.903988 -0.427558 0
    outer loop
      vertex 0.55719 72.807 25.55
      vertex 0.199295 72.0503 50.55
      vertex 0.199295 72.0503 25.55
    endloop
  endfacet
  facet normal 0.857725 -0.514108 0
    outer loop
      vertex 0.55719 72.807 50.55
      vertex 0.987549 73.525 25.55
      vertex 0.987549 73.525 50.55
    endloop
  endfacet
  facet normal 0.857725 -0.514108 0
    outer loop
      vertex 0.987549 73.525 25.55
      vertex 0.55719 72.807 50.55
      vertex 0.55719 72.807 25.55
    endloop
  endfacet
  facet normal 0.803222 -0.59568 0
    outer loop
      vertex 0.987549 73.525 50.55
      vertex 1.48621 74.1974 25.55
      vertex 1.48621 74.1974 50.55
    endloop
  endfacet
  facet normal 0.803222 -0.59568 0
    outer loop
      vertex 1.48621 74.1974 25.55
      vertex 0.987549 73.525 50.55
      vertex 0.987549 73.525 25.55
    endloop
  endfacet
  facet normal 0.740931 -0.671581 0
    outer loop
      vertex 1.48621 74.1974 50.55
      vertex 2.04836 74.8176 25.55
      vertex 2.04836 74.8176 50.55
    endloop
  endfacet
  facet normal 0.740931 -0.671581 0
    outer loop
      vertex 2.04836 74.8176 25.55
      vertex 1.48621 74.1974 50.55
      vertex 1.48621 74.1974 25.55
    endloop
  endfacet
  facet normal 0.671584 -0.740928 0
    outer loop
      vertex 2.04836 74.8176 25.55
      vertex 2.66861 75.3798 50.55
      vertex 2.04836 74.8176 50.55
    endloop
  endfacet
  facet normal 0.671584 -0.740928 0
    outer loop
      vertex 2.66861 75.3798 50.55
      vertex 2.04836 74.8176 25.55
      vertex 2.66861 75.3798 25.55
    endloop
  endfacet
  facet normal 0.595656 -0.80324 0
    outer loop
      vertex 2.66861 75.3798 25.55
      vertex 3.34097 75.8784 50.55
      vertex 2.66861 75.3798 50.55
    endloop
  endfacet
  facet normal 0.595656 -0.80324 0
    outer loop
      vertex 3.34097 75.8784 50.55
      vertex 2.66861 75.3798 25.55
      vertex 3.34097 75.8784 25.55
    endloop
  endfacet
  facet normal 0.51415 -0.857701 0
    outer loop
      vertex 3.34097 75.8784 25.55
      vertex 4.05896 76.3088 50.55
      vertex 3.34097 75.8784 50.55
    endloop
  endfacet
  facet normal 0.51415 -0.857701 0
    outer loop
      vertex 4.05896 76.3088 50.55
      vertex 3.34097 75.8784 25.55
      vertex 4.05896 76.3088 25.55
    endloop
  endfacet
  facet normal 0.427549 -0.903992 0
    outer loop
      vertex 4.05896 76.3088 25.55
      vertex 4.81569 76.6667 50.55
      vertex 4.05896 76.3088 50.55
    endloop
  endfacet
  facet normal 0.427549 -0.903992 0
    outer loop
      vertex 4.81569 76.6667 50.55
      vertex 4.05896 76.3088 25.55
      vertex 4.81569 76.6667 25.55
    endloop
  endfacet
  facet normal 0.336881 -0.941547 0
    outer loop
      vertex 4.81569 76.6667 25.55
      vertex 5.60385 76.9487 50.55
      vertex 4.81569 76.6667 50.55
    endloop
  endfacet
  facet normal 0.336881 -0.941547 0
    outer loop
      vertex 5.60385 76.9487 50.55
      vertex 4.81569 76.6667 25.55
      vertex 5.60385 76.9487 25.55
    endloop
  endfacet
  facet normal 0.242983 -0.970031 0
    outer loop
      vertex 5.60385 76.9487 25.55
      vertex 6.41586 77.1521 50.55
      vertex 5.60385 76.9487 50.55
    endloop
  endfacet
  facet normal 0.242983 -0.970031 0
    outer loop
      vertex 6.41586 77.1521 50.55
      vertex 5.60385 76.9487 25.55
      vertex 6.41586 77.1521 25.55
    endloop
  endfacet
  facet normal 0.146698 -0.989181 0
    outer loop
      vertex 6.41586 77.1521 25.55
      vertex 7.2439 77.2749 50.55
      vertex 6.41586 77.1521 50.55
    endloop
  endfacet
  facet normal 0.146698 -0.989181 0
    outer loop
      vertex 7.2439 77.2749 50.55
      vertex 6.41586 77.1521 25.55
      vertex 7.2439 77.2749 25.55
    endloop
  endfacet
  facet normal 0.0490981 -0.998794 0
    outer loop
      vertex 7.2439 77.2749 25.55
      vertex 8.07999 77.316 50.55
      vertex 7.2439 77.2749 50.55
    endloop
  endfacet
  facet normal 0.0490981 -0.998794 0
    outer loop
      vertex 8.07999 77.316 50.55
      vertex 7.2439 77.2749 25.55
      vertex 8.07999 77.316 25.55
    endloop
  endfacet
  facet normal 0 -1 0
    outer loop
      vertex 8.07999 77.316 25.55
      vertex 76.787 77.316 50.55
      vertex 8.07999 77.316 50.55
    endloop
  endfacet
  facet normal 0 -1 -0
    outer loop
      vertex 76.787 77.316 50.55
      vertex 8.07999 77.316 25.55
      vertex 76.787 77.316 25.55
    endloop
  endfacet
  facet normal -0.0490975 -0.998794 0
    outer loop
      vertex 76.787 77.316 25.55
      vertex 77.6231 77.2749 50.55
      vertex 76.787 77.316 50.55
    endloop
  endfacet
  facet normal -0.0490975 -0.998794 -0
    outer loop
      vertex 77.6231 77.2749 50.55
      vertex 76.787 77.316 25.55
      vertex 77.6231 77.2749 25.55
    endloop
  endfacet
  facet normal -0.146705 -0.98918 0
    outer loop
      vertex 77.6231 77.2749 25.55
      vertex 78.4511 77.1521 50.55
      vertex 77.6231 77.2749 50.55
    endloop
  endfacet
  facet normal -0.146705 -0.98918 -0
    outer loop
      vertex 78.4511 77.1521 50.55
      vertex 77.6231 77.2749 25.55
      vertex 78.4511 77.1521 25.55
    endloop
  endfacet
  facet normal -0.242985 -0.97003 0
    outer loop
      vertex 78.4511 77.1521 25.55
      vertex 79.2631 76.9487 50.55
      vertex 78.4511 77.1521 50.55
    endloop
  endfacet
  facet normal -0.242985 -0.97003 -0
    outer loop
      vertex 79.2631 76.9487 50.55
      vertex 78.4511 77.1521 25.55
      vertex 79.2631 76.9487 25.55
    endloop
  endfacet
  facet normal -0.336866 -0.941553 0
    outer loop
      vertex 79.2631 76.9487 25.55
      vertex 80.0513 76.6667 50.55
      vertex 79.2631 76.9487 50.55
    endloop
  endfacet
  facet normal -0.336866 -0.941553 -0
    outer loop
      vertex 80.0513 76.6667 50.55
      vertex 79.2631 76.9487 25.55
      vertex 80.0513 76.6667 25.55
    endloop
  endfacet
  facet normal -0.427562 -0.903986 0
    outer loop
      vertex 80.0513 76.6667 25.55
      vertex 80.808 76.3088 50.55
      vertex 80.0513 76.6667 50.55
    endloop
  endfacet
  facet normal -0.427562 -0.903986 -0
    outer loop
      vertex 80.808 76.3088 50.55
      vertex 80.0513 76.6667 25.55
      vertex 80.808 76.3088 25.55
    endloop
  endfacet
  facet normal -0.514144 -0.857704 0
    outer loop
      vertex 80.808 76.3088 25.55
      vertex 81.526 75.8784 50.55
      vertex 80.808 76.3088 50.55
    endloop
  endfacet
  facet normal -0.514144 -0.857704 -0
    outer loop
      vertex 81.526 75.8784 50.55
      vertex 80.808 76.3088 25.55
      vertex 81.526 75.8784 25.55
    endloop
  endfacet
  facet normal -0.59569 -0.803214 0
    outer loop
      vertex 81.526 75.8784 25.55
      vertex 82.1983 75.3798 50.55
      vertex 81.526 75.8784 50.55
    endloop
  endfacet
  facet normal -0.59569 -0.803214 -0
    outer loop
      vertex 82.1983 75.3798 50.55
      vertex 81.526 75.8784 25.55
      vertex 82.1983 75.3798 25.55
    endloop
  endfacet
  facet normal -0.671554 -0.740955 0
    outer loop
      vertex 82.1983 75.3798 25.55
      vertex 82.8186 74.8176 50.55
      vertex 82.1983 75.3798 50.55
    endloop
  endfacet
  facet normal -0.671554 -0.740955 -0
    outer loop
      vertex 82.8186 74.8176 50.55
      vertex 82.1983 75.3798 25.55
      vertex 82.8186 74.8176 25.55
    endloop
  endfacet
  facet normal -0.740901 -0.671614 0
    outer loop
      vertex 83.3808 74.1974 25.55
      vertex 82.8186 74.8176 50.55
      vertex 82.8186 74.8176 25.55
    endloop
  endfacet
  facet normal -0.740901 -0.671614 0
    outer loop
      vertex 82.8186 74.8176 50.55
      vertex 83.3808 74.1974 25.55
      vertex 83.3808 74.1974 50.55
    endloop
  endfacet
  facet normal -0.803257 -0.595633 0
    outer loop
      vertex 83.8794 73.525 25.55
      vertex 83.3808 74.1974 50.55
      vertex 83.3808 74.1974 25.55
    endloop
  endfacet
  facet normal -0.803257 -0.595633 0
    outer loop
      vertex 83.3808 74.1974 50.55
      vertex 83.8794 73.525 25.55
      vertex 83.8794 73.525 50.55
    endloop
  endfacet
  facet normal -0.857704 -0.514144 0
    outer loop
      vertex 84.3098 72.807 25.55
      vertex 83.8794 73.525 50.55
      vertex 83.8794 73.525 25.55
    endloop
  endfacet
  facet normal -0.857704 -0.514144 0
    outer loop
      vertex 83.8794 73.525 50.55
      vertex 84.3098 72.807 25.55
      vertex 84.3098 72.807 50.55
    endloop
  endfacet
  facet normal -0.903986 -0.427562 0
    outer loop
      vertex 84.6677 72.0503 25.55
      vertex 84.3098 72.807 50.55
      vertex 84.3098 72.807 25.55
    endloop
  endfacet
  facet normal -0.903986 -0.427562 0
    outer loop
      vertex 84.3098 72.807 50.55
      vertex 84.6677 72.0503 25.55
      vertex 84.6677 72.0503 50.55
    endloop
  endfacet
  facet normal -0.941553 -0.336866 0
    outer loop
      vertex 84.9497 71.2621 25.55
      vertex 84.6677 72.0503 50.55
      vertex 84.6677 72.0503 25.55
    endloop
  endfacet
  facet normal -0.941553 -0.336866 0
    outer loop
      vertex 84.6677 72.0503 50.55
      vertex 84.9497 71.2621 25.55
      vertex 84.9497 71.2621 50.55
    endloop
  endfacet
  facet normal -0.97003 -0.242985 0
    outer loop
      vertex 85.1531 70.4501 25.55
      vertex 84.9497 71.2621 50.55
      vertex 84.9497 71.2621 25.55
    endloop
  endfacet
  facet normal -0.97003 -0.242985 0
    outer loop
      vertex 84.9497 71.2621 50.55
      vertex 85.1531 70.4501 25.55
      vertex 85.1531 70.4501 50.55
    endloop
  endfacet
  facet normal -0.98918 -0.146705 0
    outer loop
      vertex 85.2759 69.6221 25.55
      vertex 85.1531 70.4501 50.55
      vertex 85.1531 70.4501 25.55
    endloop
  endfacet
  facet normal -0.98918 -0.146705 0
    outer loop
      vertex 85.1531 70.4501 50.55
      vertex 85.2759 69.6221 25.55
      vertex 85.2759 69.6221 50.55
    endloop
  endfacet
  facet normal -0.998794 -0.0490975 0
    outer loop
      vertex 85.317 68.786 25.55
      vertex 85.2759 69.6221 50.55
      vertex 85.2759 69.6221 25.55
    endloop
  endfacet
  facet normal -0.998794 -0.0490975 0
    outer loop
      vertex 85.2759 69.6221 50.55
      vertex 85.317 68.786 25.55
      vertex 85.317 68.786 50.55
    endloop
  endfacet
  facet normal -1 0 0
    outer loop
      vertex 85.317 8.07999 25.55
      vertex 85.317 68.786 50.55
      vertex 85.317 68.786 25.55
    endloop
  endfacet
  facet normal -1 -0 0
    outer loop
      vertex 85.317 68.786 50.55
      vertex 85.317 8.07999 25.55
      vertex 85.317 8.07999 50.55
    endloop
  endfacet
  facet normal -0.998794 0.0490981 0
    outer loop
      vertex 85.2759 7.2439 25.55
      vertex 85.317 8.07999 50.55
      vertex 85.317 8.07999 25.55
    endloop
  endfacet
  facet normal -0.998794 0.0490981 0
    outer loop
      vertex 85.317 8.07999 50.55
      vertex 85.2759 7.2439 25.55
      vertex 85.2759 7.2439 50.55
    endloop
  endfacet
  facet normal -0.989181 0.146698 0
    outer loop
      vertex 85.1531 6.41586 25.55
      vertex 85.2759 7.2439 50.55
      vertex 85.2759 7.2439 25.55
    endloop
  endfacet
  facet normal -0.989181 0.146698 0
    outer loop
      vertex 85.2759 7.2439 50.55
      vertex 85.1531 6.41586 25.55
      vertex 85.1531 6.41586 50.55
    endloop
  endfacet
  facet normal -0.970031 0.242983 0
    outer loop
      vertex 84.9497 5.60385 25.55
      vertex 85.1531 6.41586 50.55
      vertex 85.1531 6.41586 25.55
    endloop
  endfacet
  facet normal -0.970031 0.242983 0
    outer loop
      vertex 85.1531 6.41586 50.55
      vertex 84.9497 5.60385 25.55
      vertex 84.9497 5.60385 50.55
    endloop
  endfacet
  facet normal -0.941547 0.336881 0
    outer loop
      vertex 84.6677 4.81569 25.55
      vertex 84.9497 5.60385 50.55
      vertex 84.9497 5.60385 25.55
    endloop
  endfacet
  facet normal -0.941547 0.336881 0
    outer loop
      vertex 84.9497 5.60385 50.55
      vertex 84.6677 4.81569 25.55
      vertex 84.6677 4.81569 50.55
    endloop
  endfacet
  facet normal -0.903992 0.427549 0
    outer loop
      vertex 84.3098 4.05896 25.55
      vertex 84.6677 4.81569 50.55
      vertex 84.6677 4.81569 25.55
    endloop
  endfacet
  facet normal -0.903992 0.427549 0
    outer loop
      vertex 84.6677 4.81569 50.55
      vertex 84.3098 4.05896 25.55
      vertex 84.3098 4.05896 50.55
    endloop
  endfacet
  facet normal -0.857701 0.51415 0
    outer loop
      vertex 83.8794 3.34097 25.55
      vertex 84.3098 4.05896 50.55
      vertex 84.3098 4.05896 25.55
    endloop
  endfacet
  facet normal -0.857701 0.51415 0
    outer loop
      vertex 84.3098 4.05896 50.55
      vertex 83.8794 3.34097 25.55
      vertex 83.8794 3.34097 50.55
    endloop
  endfacet
  facet normal -0.80324 0.595656 0
    outer loop
      vertex 83.3808 2.66861 25.55
      vertex 83.8794 3.34097 50.55
      vertex 83.8794 3.34097 25.55
    endloop
  endfacet
  facet normal -0.80324 0.595656 0
    outer loop
      vertex 83.8794 3.34097 50.55
      vertex 83.3808 2.66861 25.55
      vertex 83.3808 2.66861 50.55
    endloop
  endfacet
  facet normal -0.740928 0.671584 0
    outer loop
      vertex 82.8186 2.04836 25.55
      vertex 83.3808 2.66861 50.55
      vertex 83.3808 2.66861 25.55
    endloop
  endfacet
  facet normal -0.740928 0.671584 0
    outer loop
      vertex 83.3808 2.66861 50.55
      vertex 82.8186 2.04836 25.55
      vertex 82.8186 2.04836 50.55
    endloop
  endfacet
  facet normal -0.671521 0.740985 0
    outer loop
      vertex 82.8186 2.04836 25.55
      vertex 82.1983 1.48621 50.55
      vertex 82.8186 2.04836 50.55
    endloop
  endfacet
  facet normal -0.671521 0.740985 0
    outer loop
      vertex 82.1983 1.48621 50.55
      vertex 82.8186 2.04836 25.55
      vertex 82.1983 1.48621 25.55
    endloop
  endfacet
  facet normal -0.595737 0.803179 0
    outer loop
      vertex 82.1983 1.48621 25.55
      vertex 81.526 0.987549 50.55
      vertex 82.1983 1.48621 50.55
    endloop
  endfacet
  facet normal -0.595737 0.803179 0
    outer loop
      vertex 81.526 0.987549 50.55
      vertex 82.1983 1.48621 25.55
      vertex 81.526 0.987549 25.55
    endloop
  endfacet
  facet normal -0.514108 0.857725 0
    outer loop
      vertex 81.526 0.987549 25.55
      vertex 80.808 0.55719 50.55
      vertex 81.526 0.987549 50.55
    endloop
  endfacet
  facet normal -0.514108 0.857725 0
    outer loop
      vertex 80.808 0.55719 50.55
      vertex 81.526 0.987549 25.55
      vertex 80.808 0.55719 25.55
    endloop
  endfacet
  facet normal -0.427558 0.903988 0
    outer loop
      vertex 80.808 0.55719 25.55
      vertex 80.0513 0.199295 50.55
      vertex 80.808 0.55719 50.55
    endloop
  endfacet
  facet normal -0.427558 0.903988 0
    outer loop
      vertex 80.0513 0.199295 50.55
      vertex 80.808 0.55719 25.55
      vertex 80.0513 0.199295 25.55
    endloop
  endfacet
  facet normal -0.336864 0.941553 0
    outer loop
      vertex 80.0513 0.199295 25.55
      vertex 79.2631 -0.0827026 50.55
      vertex 80.0513 0.199295 50.55
    endloop
  endfacet
  facet normal -0.336864 0.941553 0
    outer loop
      vertex 79.2631 -0.0827026 50.55
      vertex 80.0513 0.199295 25.55
      vertex 79.2631 -0.0827026 25.55
    endloop
  endfacet
  facet normal -0.242985 0.97003 0
    outer loop
      vertex 79.2631 -0.0827026 25.55
      vertex 78.4511 -0.286102 50.55
      vertex 79.2631 -0.0827026 50.55
    endloop
  endfacet
  facet normal -0.242985 0.97003 0
    outer loop
      vertex 78.4511 -0.286102 50.55
      vertex 79.2631 -0.0827026 25.55
      vertex 78.4511 -0.286102 25.55
    endloop
  endfacet
  facet normal -0.146744 0.989174 0
    outer loop
      vertex 78.4511 -0.286102 25.55
      vertex 77.6231 -0.408936 50.55
      vertex 78.4511 -0.286102 50.55
    endloop
  endfacet
  facet normal -0.146744 0.989174 0
    outer loop
      vertex 77.6231 -0.408936 50.55
      vertex 78.4511 -0.286102 25.55
      vertex 77.6231 -0.408936 25.55
    endloop
  endfacet
  facet normal -0.049051 0.998796 0
    outer loop
      vertex 77.6231 -0.408936 25.55
      vertex 76.787 -0.449997 50.55
      vertex 77.6231 -0.408936 50.55
    endloop
  endfacet
  facet normal -0.049051 0.998796 0
    outer loop
      vertex 76.787 -0.449997 50.55
      vertex 77.6231 -0.408936 25.55
      vertex 76.787 -0.449997 25.55
    endloop
  endfacet
  facet normal 0 1 -0
    outer loop
      vertex 76.787 -0.449997 25.55
      vertex 8.07999 -0.449997 50.55
      vertex 76.787 -0.449997 50.55
    endloop
  endfacet
  facet normal 0 1 0
    outer loop
      vertex 8.07999 -0.449997 50.55
      vertex 76.787 -0.449997 25.55
      vertex 8.07999 -0.449997 25.55
    endloop
  endfacet
  facet normal 1 -0 0
    outer loop
      vertex 8.15 38.63 50.75
      vertex 8.15 74.32 50.55
      vertex 8.15 74.32 50.75
    endloop
  endfacet
  facet normal 1 0 0
    outer loop
      vertex 8.15 74.32 50.55
      vertex 8.15 38.63 50.75
      vertex 8.15 38.63 50.55
    endloop
  endfacet
  facet normal 0 0 -1
    outer loop
      vertex 8.15 38.63 50.75
      vertex 48.65 74.32 50.75
      vertex 48.65 38.63 50.75
    endloop
  endfacet
  facet normal -0 0 -1
    outer loop
      vertex 48.65 74.32 50.75
      vertex 8.15 38.63 50.75
      vertex 8.15 74.32 50.75
    endloop
  endfacet
  facet normal -1 0 0
    outer loop
      vertex 48.65 38.63 50.55
      vertex 48.65 74.32 50.75
      vertex 48.65 74.32 50.55
    endloop
  endfacet
  facet normal -1 -0 0
    outer loop
      vertex 48.65 74.32 50.75
      vertex 48.65 38.63 50.55
      vertex 48.65 38.63 50.75
    endloop
  endfacet
  facet normal 0 1 -0
    outer loop
      vertex 48.65 38.63 50.55
      vertex 8.15 38.63 50.75
      vertex 48.65 38.63 50.75
    endloop
  endfacet
  facet normal 0 1 0
    outer loop
      vertex 8.15 38.63 50.75
      vertex 48.65 38.63 50.55
      vertex 8.15 38.63 50.55
    endloop
  endfacet
  facet normal 0 -1 0
    outer loop
      vertex 8.15 74.32 50.55
      vertex 48.65 74.32 50.75
      vertex 8.15 74.32 50.75
    endloop
  endfacet
  facet normal 0 -1 -0
    outer loop
      vertex 48.65 74.32 50.75
      vertex 8.15 74.32 50.55
      vertex 48.65 74.32 50.55
    endloop
  endfacet
  facet normal 1 -0 0
    outer loop
      vertex 50.18 41.48 50.75
      vertex 50.18 74.73 50.55
      vertex 50.18 74.73 50.75
    endloop
  endfacet
  facet normal 1 0 0
    outer loop
      vertex 50.18 74.73 50.55
      vertex 50.18 41.48 50.75
      vertex 50.18 41.48 50.55
    endloop
  endfacet
  facet normal 0 0 -1
    outer loop
      vertex 50.18 41.48 50.75
      vertex 79.78 74.73 50.75
      vertex 79.78 41.48 50.75
    endloop
  endfacet
  facet normal -0 0 -1
    outer loop
      vertex 79.78 74.73 50.75
      vertex 50.18 41.48 50.75
      vertex 50.18 74.73 50.75
    endloop
  endfacet
  facet normal -1 0 0
    outer loop
      vertex 79.78 41.48 50.55
      vertex 79.78 74.73 50.75
      vertex 79.78 74.73 50.55
    endloop
  endfacet
  facet normal -1 -0 0
    outer loop
      vertex 79.78 74.73 50.75
      vertex 79.78 41.48 50.55
      vertex 79.78 41.48 50.75
    endloop
  endfacet
  facet normal 0 1 -0
    outer loop
      vertex 79.78 41.48 50.55
      vertex 50.18 41.48 50.75
      vertex 79.78 41.48 50.75
    endloop
  endfacet
  facet normal 0 1 0
    outer loop
      vertex 50.18 41.48 50.75
      vertex 79.78 41.48 50.55
      vertex 50.18 41.48 50.55
    endloop
  endfacet
  facet normal 0 -1 0
    outer loop
      vertex 50.18 74.73 50.55
      vertex 79.78 74.73 50.75
      vertex 50.18 74.73 50.75
    endloop
  endfacet
  facet normal 0 -1 -0
    outer loop
      vertex 79.78 74.73 50.75
      vertex 50.18 74.73 50.55
      vertex 79.78 74.73 50.55
    endloop
  endfacet
  facet normal 1 -0 0
    outer loop
      vertex 8.02 31.26 50.75
      vertex 8.02 36.2 50.55
      vertex 8.02 36.2 50.75
    endloop
  endfacet
  facet normal 1 0 0
    outer loop
      vertex 8.02 36.2 50.55
      vertex 8.02 31.26 50.75
      vertex 8.02 31.26 50.55
    endloop
  endfacet
  facet normal 0 0 -1
    outer loop
      vertex 8.02 31.26 50.75
      vertex 30.74 36.2 50.75
      vertex 30.74 31.26 50.75
    endloop
  endfacet
  facet normal -0 0 -1
    outer loop
      vertex 30.74 36.2 50.75
      vertex 8.02 31.26 50.75
      vertex 8.02 36.2 50.75
    endloop
  endfacet
  facet normal -1 0 0
    outer loop
      vertex 30.74 31.26 50.55
      vertex 30.74 36.2 50.75
      vertex 30.74 36.2 50.55
    endloop
  endfacet
  facet normal -1 -0 0
    outer loop
      vertex 30.74 36.2 50.75
      vertex 30.74 31.26 50.55
      vertex 30.74 31.26 50.75
    endloop
  endfacet
  facet normal 0 -1 0
    outer loop
      vertex 8.02 36.2 50.55
      vertex 30.74 36.2 50.75
      vertex 8.02 36.2 50.75
    endloop
  endfacet
  facet normal 0 -1 -0
    outer loop
      vertex 30.74 36.2 50.75
      vertex 8.02 36.2 50.55
      vertex 30.74 36.2 50.55
    endloop
  endfacet
  facet normal 0 1 -0
    outer loop
      vertex 30.74 31.26 50.55
      vertex 8.02 31.26 50.75
      vertex 30.74 31.26 50.75
    endloop
  endfacet
  facet normal 0 1 0
    outer loop
      vertex 8.02 31.26 50.75
      vertex 30.74 31.26 50.55
      vertex 8.02 31.26 50.55
    endloop
  endfacet
  facet normal 1 -0 0
    outer loop
      vertex 42.31 31.39 50.75
      vertex 42.31 36.33 50.55
      vertex 42.31 36.33 50.75
    endloop
  endfacet
  facet normal 1 0 0
    outer loop
      vertex 42.31 36.33 50.55
      vertex 42.31 31.39 50.75
      vertex 42.31 31.39 50.55
    endloop
  endfacet
  facet normal 0 0 -1
    outer loop
      vertex 42.31 31.39 50.75
      vertex 57.41 36.33 50.75
      vertex 57.41 31.39 50.75
    endloop
  endfacet
  facet normal -0 0 -1
    outer loop
      vertex 57.41 36.33 50.75
      vertex 42.31 31.39 50.75
      vertex 42.31 36.33 50.75
    endloop
  endfacet
  facet normal -1 0 0
    outer loop
      vertex 57.41 31.39 50.55
      vertex 57.41 36.33 50.75
      vertex 57.41 36.33 50.55
    endloop
  endfacet
  facet normal -1 -0 0
    outer loop
      vertex 57.41 36.33 50.75
      vertex 57.41 31.39 50.55
      vertex 57.41 31.39 50.75
    endloop
  endfacet
  facet normal 0 -1 0
    outer loop
      vertex 42.31 36.33 50.55
      vertex 57.41 36.33 50.75
      vertex 42.31 36.33 50.75
    endloop
  endfacet
  facet normal 0 -1 -0
    outer loop
      vertex 57.41 36.33 50.75
      vertex 42.31 36.33 50.55
      vertex 57.41 36.33 50.55
    endloop
  endfacet
  facet normal 0 1 -0
    outer loop
      vertex 57.41 31.39 50.55
      vertex 42.31 31.39 50.75
      vertex 57.41 31.39 50.75
    endloop
  endfacet
  facet normal 0 1 0
    outer loop
      vertex 42.31 31.39 50.75
      vertex 57.41 31.39 50.55
      vertex 42.31 31.39 50.55
    endloop
  endfacet
  facet normal 1 -0 0
    outer loop
      vertex 11.2 26.18 50.75
      vertex 11.2 31.12 50.55
      vertex 11.2 31.12 50.75
    endloop
  endfacet
  facet normal 1 0 0
    outer loop
      vertex 11.2 31.12 50.55
      vertex 11.2 26.18 50.75
      vertex 11.2 26.18 50.55
    endloop
  endfacet
  facet normal 0 0 -1
    outer loop
      vertex 11.2 26.18 50.75
      vertex 28.84 31.12 50.75
      vertex 28.84 26.18 50.75
    endloop
  endfacet
  facet normal -0 0 -1
    outer loop
      vertex 28.84 31.12 50.75
      vertex 11.2 26.18 50.75
      vertex 11.2 31.12 50.75
    endloop
  endfacet
  facet normal -1 0 0
    outer loop
      vertex 28.84 26.18 50.55
      vertex 28.84 31.12 50.75
      vertex 28.84 31.12 50.55
    endloop
  endfacet
  facet normal -1 -0 0
    outer loop
      vertex 28.84 31.12 50.75
      vertex 28.84 26.18 50.55
      vertex 28.84 26.18 50.75
    endloop
  endfacet
  facet normal 0 1 -0
    outer loop
      vertex 28.84 26.18 50.55
      vertex 11.2 26.18 50.75
      vertex 28.84 26.18 50.75
    endloop
  endfacet
  facet normal 0 1 0
    outer loop
      vertex 11.2 26.18 50.75
      vertex 28.84 26.18 50.55
      vertex 11.2 26.18 50.55
    endloop
  endfacet
  facet normal 0 -1 0
    outer loop
      vertex 11.2 31.12 50.55
      vertex 28.84 31.12 50.75
      vertex 11.2 31.12 50.75
    endloop
  endfacet
  facet normal 0 -1 -0
    outer loop
      vertex 28.84 31.12 50.75
      vertex 11.2 31.12 50.55
      vertex 28.84 31.12 50.55
    endloop
  endfacet
  facet normal 0 0 -1
    outer loop
      vertex 76.787 3 5.4
      vertex 81.867 8.07999 5.4
      vertex 81.8425 7.58206 5.4
    endloop
  endfacet
  facet normal -0 0 -1
    outer loop
      vertex 81.867 8.07999 5.4
      vertex 76.787 3 5.4
      vertex 81.867 68.786 5.4
    endloop
  endfacet
  facet normal 0 0 -1
    outer loop
      vertex 76.787 3 5.4
      vertex 81.8425 7.58206 5.4
      vertex 81.7694 7.08893 5.4
    endloop
  endfacet
  facet normal 0 0 -1
    outer loop
      vertex 76.787 73.866 5.4
      vertex 81.867 68.786 5.4
      vertex 76.787 3 5.4
    endloop
  endfacet
  facet normal 0 0 -1
    outer loop
      vertex 76.787 3 5.4
      vertex 81.7694 7.08893 5.4
      vertex 81.6483 6.60535 5.4
    endloop
  endfacet
  facet normal 0 0 -1
    outer loop
      vertex 81.867 68.786 5.4
      vertex 76.787 73.866 5.4
      vertex 81.8425 69.2839 5.4
    endloop
  endfacet
  facet normal 0 0 -1
    outer loop
      vertex 76.787 3 5.4
      vertex 81.6483 6.60535 5.4
      vertex 81.4803 6.13596 5.4
    endloop
  endfacet
  facet normal 0 0 -1
    outer loop
      vertex 81.8425 69.2839 5.4
      vertex 76.787 73.866 5.4
      vertex 81.7694 69.7771 5.4
    endloop
  endfacet
  facet normal 0 0 -1
    outer loop
      vertex 76.787 3 5.4
      vertex 81.4803 6.13596 5.4
      vertex 81.2672 5.6853 5.4
    endloop
  endfacet
  facet normal 0 0 -1
    outer loop
      vertex 81.7694 69.7771 5.4
      vertex 76.787 73.866 5.4
      vertex 81.6483 70.2606 5.4
    endloop
  endfacet
  facet normal 0 0 -1
    outer loop
      vertex 76.787 3 5.4
      vertex 81.2672 5.6853 5.4
      vertex 81.0109 5.25769 5.4
    endloop
  endfacet
  facet normal 0 0 -1
    outer loop
      vertex 81.6483 70.2606 5.4
      vertex 76.787 73.866 5.4
      vertex 81.4803 70.73 5.4
    endloop
  endfacet
  facet normal 0 0 -1
    outer loop
      vertex 76.787 3 5.4
      vertex 81.0109 5.25769 5.4
      vertex 80.7139 4.85727 5.4
    endloop
  endfacet
  facet normal 0 0 -1
    outer loop
      vertex 81.4803 70.73 5.4
      vertex 76.787 73.866 5.4
      vertex 81.2672 71.1807 5.4
    endloop
  endfacet
  facet normal 0 0 -1
    outer loop
      vertex 76.787 3 5.4
      vertex 80.7139 4.85727 5.4
      vertex 80.3791 4.48788 5.4
    endloop
  endfacet
  facet normal 0 0 -1
    outer loop
      vertex 81.2672 71.1807 5.4
      vertex 76.787 73.866 5.4
      vertex 81.0109 71.6083 5.4
    endloop
  endfacet
  facet normal 0 0 -1
    outer loop
      vertex 76.787 3 5.4
      vertex 80.3791 4.48788 5.4
      vertex 80.0097 4.15311 5.4
    endloop
  endfacet
  facet normal 0 0 -1
    outer loop
      vertex 81.0109 71.6083 5.4
      vertex 76.787 73.866 5.4
      vertex 80.7139 72.0087 5.4
    endloop
  endfacet
  facet normal 0 0 -1
    outer loop
      vertex 76.787 3 5.4
      vertex 80.0097 4.15311 5.4
      vertex 79.6093 3.85612 5.4
    endloop
  endfacet
  facet normal 0 0 -1
    outer loop
      vertex 80.7139 72.0087 5.4
      vertex 76.787 73.866 5.4
      vertex 80.3791 72.3781 5.4
    endloop
  endfacet
  facet normal 0 0 -1
    outer loop
      vertex 76.787 3 5.4
      vertex 79.6093 3.85612 5.4
      vertex 79.1817 3.59984 5.4
    endloop
  endfacet
  facet normal 0 0 -1
    outer loop
      vertex 80.3791 72.3781 5.4
      vertex 76.787 73.866 5.4
      vertex 80.0097 72.7129 5.4
    endloop
  endfacet
  facet normal 0 0 -1
    outer loop
      vertex 76.787 3 5.4
      vertex 79.1817 3.59984 5.4
      vertex 78.731 3.38669 5.4
    endloop
  endfacet
  facet normal 0 0 -1
    outer loop
      vertex 80.0097 72.7129 5.4
      vertex 76.787 73.866 5.4
      vertex 79.6093 73.0099 5.4
    endloop
  endfacet
  facet normal 0 0 -1
    outer loop
      vertex 76.787 3 5.4
      vertex 78.731 3.38669 5.4
      vertex 78.2616 3.21873 5.4
    endloop
  endfacet
  facet normal 0 0 -1
    outer loop
      vertex 79.6093 73.0099 5.4
      vertex 76.787 73.866 5.4
      vertex 79.1817 73.2662 5.4
    endloop
  endfacet
  facet normal 0 0 -1
    outer loop
      vertex 76.787 3 5.4
      vertex 78.2616 3.21873 5.4
      vertex 77.778 3.09761 5.4
    endloop
  endfacet
  facet normal 0 0 -1
    outer loop
      vertex 79.1817 73.2662 5.4
      vertex 76.787 73.866 5.4
      vertex 78.731 73.4793 5.4
    endloop
  endfacet
  facet normal 0 0 -1
    outer loop
      vertex 76.787 3 5.4
      vertex 77.778 3.09761 5.4
      vertex 77.2849 3.02446 5.4
    endloop
  endfacet
  facet normal 0 0 -1
    outer loop
      vertex 78.731 73.4793 5.4
      vertex 76.787 73.866 5.4
      vertex 78.2616 73.6472 5.4
    endloop
  endfacet
  facet normal 0 0 -1
    outer loop
      vertex 78.2616 73.6472 5.4
      vertex 76.787 73.866 5.4
      vertex 77.778 73.7684 5.4
    endloop
  endfacet
  facet normal 0 0 -1
    outer loop
      vertex 77.778 73.7684 5.4
      vertex 76.787 73.866 5.4
      vertex 77.2849 73.8415 5.4
    endloop
  endfacet
  facet normal 0 0 -1
    outer loop
      vertex 8.07999 3 5.4
      vertex 76.787 73.866 5.4
      vertex 76.787 3 5.4
    endloop
  endfacet
  facet normal 0 0 -1
    outer loop
      vertex 8.07999 3 5.4
      vertex 8.07999 73.866 5.4
      vertex 76.787 73.866 5.4
    endloop
  endfacet
  facet normal 0 0 -1
    outer loop
      vertex 3 8.07999 5.4
      vertex 8.07999 3 5.4
      vertex 7.58206 3.02446 5.4
    endloop
  endfacet
  facet normal 0 0 -1
    outer loop
      vertex 8.07999 3 5.4
      vertex 3 8.07999 5.4
      vertex 8.07999 73.866 5.4
    endloop
  endfacet
  facet normal 0 0 -1
    outer loop
      vertex 3 8.07999 5.4
      vertex 7.58206 3.02446 5.4
      vertex 7.08893 3.09761 5.4
    endloop
  endfacet
  facet normal 0 0 -1
    outer loop
      vertex 3 68.786 5.4
      vertex 8.07999 73.866 5.4
      vertex 3 8.07999 5.4
    endloop
  endfacet
  facet normal 0 0 -1
    outer loop
      vertex 3 8.07999 5.4
      vertex 7.08893 3.09761 5.4
      vertex 6.60535 3.21873 5.4
    endloop
  endfacet
  facet normal 0 0 -1
    outer loop
      vertex 8.07999 73.866 5.4
      vertex 3 68.786 5.4
      vertex 7.58206 73.8415 5.4
    endloop
  endfacet
  facet normal 0 0 -1
    outer loop
      vertex 3 8.07999 5.4
      vertex 6.60535 3.21873 5.4
      vertex 6.13596 3.38669 5.4
    endloop
  endfacet
  facet normal 0 0 -1
    outer loop
      vertex 7.58206 73.8415 5.4
      vertex 3 68.786 5.4
      vertex 7.08893 73.7684 5.4
    endloop
  endfacet
  facet normal 0 0 -1
    outer loop
      vertex 3 8.07999 5.4
      vertex 6.13596 3.38669 5.4
      vertex 5.6853 3.59984 5.4
    endloop
  endfacet
  facet normal 0 0 -1
    outer loop
      vertex 7.08893 73.7684 5.4
      vertex 3 68.786 5.4
      vertex 6.60535 73.6472 5.4
    endloop
  endfacet
  facet normal 0 0 -1
    outer loop
      vertex 3 8.07999 5.4
      vertex 5.6853 3.59984 5.4
      vertex 5.25769 3.85612 5.4
    endloop
  endfacet
  facet normal 0 0 -1
    outer loop
      vertex 6.60535 73.6472 5.4
      vertex 3 68.786 5.4
      vertex 6.13596 73.4793 5.4
    endloop
  endfacet
  facet normal 0 0 -1
    outer loop
      vertex 3 8.07999 5.4
      vertex 5.25769 3.85612 5.4
      vertex 4.85727 4.15311 5.4
    endloop
  endfacet
  facet normal 0 0 -1
    outer loop
      vertex 6.13596 73.4793 5.4
      vertex 3 68.786 5.4
      vertex 5.6853 73.2662 5.4
    endloop
  endfacet
  facet normal 0 0 -1
    outer loop
      vertex 3 8.07999 5.4
      vertex 4.85727 4.15311 5.4
      vertex 4.48788 4.48788 5.4
    endloop
  endfacet
  facet normal 0 0 -1
    outer loop
      vertex 5.6853 73.2662 5.4
      vertex 3 68.786 5.4
      vertex 5.25769 73.0099 5.4
    endloop
  endfacet
  facet normal 0 0 -1
    outer loop
      vertex 3 8.07999 5.4
      vertex 4.48788 4.48788 5.4
      vertex 4.15311 4.85727 5.4
    endloop
  endfacet
  facet normal 0 0 -1
    outer loop
      vertex 5.25769 73.0099 5.4
      vertex 3 68.786 5.4
      vertex 4.85727 72.7129 5.4
    endloop
  endfacet
  facet normal 0 0 -1
    outer loop
      vertex 3 8.07999 5.4
      vertex 4.15311 4.85727 5.4
      vertex 3.85612 5.25769 5.4
    endloop
  endfacet
  facet normal 0 0 -1
    outer loop
      vertex 4.85727 72.7129 5.4
      vertex 3 68.786 5.4
      vertex 4.48788 72.3781 5.4
    endloop
  endfacet
  facet normal 0 0 -1
    outer loop
      vertex 3 8.07999 5.4
      vertex 3.85612 5.25769 5.4
      vertex 3.59984 5.6853 5.4
    endloop
  endfacet
  facet normal 0 0 -1
    outer loop
      vertex 4.48788 72.3781 5.4
      vertex 3 68.786 5.4
      vertex 4.15311 72.0087 5.4
    endloop
  endfacet
  facet normal 0 0 -1
    outer loop
      vertex 3 8.07999 5.4
      vertex 3.59984 5.6853 5.4
      vertex 3.38669 6.13596 5.4
    endloop
  endfacet
  facet normal 0 0 -1
    outer loop
      vertex 4.15311 72.0087 5.4
      vertex 3 68.786 5.4
      vertex 3.85612 71.6083 5.4
    endloop
  endfacet
  facet normal 0 0 -1
    outer loop
      vertex 3 8.07999 5.4
      vertex 3.38669 6.13596 5.4
      vertex 3.21873 6.60535 5.4
    endloop
  endfacet
  facet normal 0 0 -1
    outer loop
      vertex 3.85612 71.6083 5.4
      vertex 3 68.786 5.4
      vertex 3.59984 71.1807 5.4
    endloop
  endfacet
  facet normal 0 0 -1
    outer loop
      vertex 3 8.07999 5.4
      vertex 3.21873 6.60535 5.4
      vertex 3.09761 7.08893 5.4
    endloop
  endfacet
  facet normal 0 0 -1
    outer loop
      vertex 3.59984 71.1807 5.4
      vertex 3 68.786 5.4
      vertex 3.38669 70.73 5.4
    endloop
  endfacet
  facet normal 0 0 -1
    outer loop
      vertex 3 8.07999 5.4
      vertex 3.09761 7.08893 5.4
      vertex 3.02446 7.58206 5.4
    endloop
  endfacet
  facet normal 0 0 -1
    outer loop
      vertex 3.38669 70.73 5.4
      vertex 3 68.786 5.4
      vertex 3.21873 70.2606 5.4
    endloop
  endfacet
  facet normal 0 0 -1
    outer loop
      vertex 3.21873 70.2606 5.4
      vertex 3 68.786 5.4
      vertex 3.09761 69.7771 5.4
    endloop
  endfacet
  facet normal 0 0 -1
    outer loop
      vertex 3.09761 69.7771 5.4
      vertex 3 68.786 5.4
      vertex 3.02446 69.2839 5.4
    endloop
  endfacet
  facet normal -0.989176 -0.146733 0
    outer loop
      vertex 3.09761 7.08893 5.4
      vertex 3.02446 7.58206 7
      vertex 3.02446 7.58206 5.4
    endloop
  endfacet
  facet normal -0.989176 -0.146733 0
    outer loop
      vertex 3.02446 7.58206 7
      vertex 3.09761 7.08893 5.4
      vertex 3.09761 7.08893 7
    endloop
  endfacet
  facet normal -1 0 0
    outer loop
      vertex 3 8.07999 5.4
      vertex 3 68.786 7
      vertex 3 68.786 5.4
    endloop
  endfacet
  facet normal -1 -0 0
    outer loop
      vertex 3 68.786 7
      vertex 3 8.07999 5.4
      vertex 3 8.07999 7
    endloop
  endfacet
  facet normal 0.998792 0.0491472 0
    outer loop
      vertex 81.867 68.786 7
      vertex 81.8425 69.2839 5.4
      vertex 81.8425 69.2839 7
    endloop
  endfacet
  facet normal 0.998792 0.0491472 0
    outer loop
      vertex 81.8425 69.2839 5.4
      vertex 81.867 68.786 7
      vertex 81.867 68.786 5.4
    endloop
  endfacet
  facet normal -0.998796 -0.0490642 0
    outer loop
      vertex 3.02446 7.58206 5.4
      vertex 3 8.07999 7
      vertex 3 8.07999 5.4
    endloop
  endfacet
  facet normal -0.998796 -0.0490642 0
    outer loop
      vertex 3 8.07999 7
      vertex 3.02446 7.58206 5.4
      vertex 3.02446 7.58206 7
    endloop
  endfacet
  facet normal -0.595736 0.80318 0
    outer loop
      vertex 5.25769 73.0099 5.4
      vertex 4.85727 72.7129 7
      vertex 5.25769 73.0099 7
    endloop
  endfacet
  facet normal -0.595736 0.80318 0
    outer loop
      vertex 4.85727 72.7129 7
      vertex 5.25769 73.0099 5.4
      vertex 4.85727 72.7129 5.4
    endloop
  endfacet
  facet normal -0.0490642 -0.998796 0
    outer loop
      vertex 7.58206 3.02446 5.4
      vertex 8.07999 3 7
      vertex 7.58206 3.02446 7
    endloop
  endfacet
  facet normal -0.0490642 -0.998796 -0
    outer loop
      vertex 8.07999 3 7
      vertex 7.58206 3.02446 5.4
      vertex 8.07999 3 5.4
    endloop
  endfacet
  facet normal 0.0491472 0.998792 -0
    outer loop
      vertex 77.2849 73.8415 5.4
      vertex 76.787 73.866 7
      vertex 77.2849 73.8415 7
    endloop
  endfacet
  facet normal 0.0491472 0.998792 0
    outer loop
      vertex 76.787 73.866 7
      vertex 77.2849 73.8415 5.4
      vertex 76.787 73.866 5.4
    endloop
  endfacet
  facet normal 0 1 -0
    outer loop
      vertex 76.787 73.866 5.4
      vertex 8.07999 73.866 7
      vertex 76.787 73.866 7
    endloop
  endfacet
  facet normal 0 1 0
    outer loop
      vertex 8.07999 73.866 7
      vertex 76.787 73.866 5.4
      vertex 8.07999 73.866 5.4
    endloop
  endfacet
  facet normal -0.998795 0.0490672 0
    outer loop
      vertex 3 68.786 5.4
      vertex 3.02446 69.2839 7
      vertex 3.02446 69.2839 5.4
    endloop
  endfacet
  facet normal -0.998795 0.0490672 0
    outer loop
      vertex 3.02446 69.2839 7
      vertex 3 68.786 5.4
      vertex 3 68.786 7
    endloop
  endfacet
  facet normal 0.998792 -0.0491443 0
    outer loop
      vertex 81.8425 7.58206 7
      vertex 81.867 8.07999 5.4
      vertex 81.867 8.07999 7
    endloop
  endfacet
  facet normal 0.998792 -0.0491443 0
    outer loop
      vertex 81.867 8.07999 5.4
      vertex 81.8425 7.58206 7
      vertex 81.8425 7.58206 5.4
    endloop
  endfacet
  facet normal 1 -0 0
    outer loop
      vertex 81.867 8.07999 7
      vertex 81.867 68.786 5.4
      vertex 81.867 68.786 7
    endloop
  endfacet
  facet normal 1 0 0
    outer loop
      vertex 81.867 68.786 5.4
      vertex 81.867 8.07999 7
      vertex 81.867 8.07999 5.4
    endloop
  endfacet
  facet normal 0 -1 0
    outer loop
      vertex 8.07999 3 5.4
      vertex 76.787 3 7
      vertex 8.07999 3 7
    endloop
  endfacet
  facet normal 0 -1 -0
    outer loop
      vertex 76.787 3 7
      vertex 8.07999 3 5.4
      vertex 76.787 3 5.4
    endloop
  endfacet
  facet normal 0.671554 0.740956 -0
    outer loop
      vertex 80.3791 72.3781 5.4
      vertex 80.0097 72.7129 7
      vertex 80.3791 72.3781 7
    endloop
  endfacet
  facet normal 0.671554 0.740956 0
    outer loop
      vertex 80.0097 72.7129 7
      vertex 80.3791 72.3781 5.4
      vertex 80.0097 72.7129 5.4
    endloop
  endfacet
  facet normal -0.904001 0.42753 0
    outer loop
      vertex 3.38669 70.73 5.4
      vertex 3.59984 71.1807 7
      vertex 3.59984 71.1807 5.4
    endloop
  endfacet
  facet normal -0.904001 0.42753 0
    outer loop
      vertex 3.59984 71.1807 7
      vertex 3.38669 70.73 5.4
      vertex 3.38669 70.73 7
    endloop
  endfacet
  facet normal 0.90404 0.427448 0
    outer loop
      vertex 81.4803 70.73 7
      vertex 81.2672 71.1807 5.4
      vertex 81.2672 71.1807 7
    endloop
  endfacet
  facet normal 0.90404 0.427448 0
    outer loop
      vertex 81.2672 71.1807 5.4
      vertex 81.4803 70.73 7
      vertex 81.4803 70.73 5.4
    endloop
  endfacet
  facet normal 0.336794 0.941578 -0
    outer loop
      vertex 78.731 73.4793 5.4
      vertex 78.2616 73.6472 7
      vertex 78.731 73.4793 7
    endloop
  endfacet
  facet normal 0.336794 0.941578 0
    outer loop
      vertex 78.2616 73.6472 7
      vertex 78.731 73.4793 5.4
      vertex 78.2616 73.6472 5.4
    endloop
  endfacet
  facet normal 0.243102 0.970001 -0
    outer loop
      vertex 78.2616 73.6472 5.4
      vertex 77.778 73.7684 7
      vertex 78.2616 73.6472 7
    endloop
  endfacet
  facet normal 0.243102 0.970001 0
    outer loop
      vertex 77.778 73.7684 7
      vertex 78.2616 73.6472 5.4
      vertex 77.778 73.7684 5.4
    endloop
  endfacet
  facet normal 0.514112 0.857723 -0
    outer loop
      vertex 79.6093 73.0099 5.4
      vertex 79.1817 73.2662 7
      vertex 79.6093 73.0099 7
    endloop
  endfacet
  facet normal 0.514112 0.857723 0
    outer loop
      vertex 79.1817 73.2662 7
      vertex 79.6093 73.0099 5.4
      vertex 79.1817 73.2662 5.4
    endloop
  endfacet
  facet normal -0.243111 0.969998 0
    outer loop
      vertex 7.08893 73.7684 5.4
      vertex 6.60535 73.6472 7
      vertex 7.08893 73.7684 7
    endloop
  endfacet
  facet normal -0.243111 0.969998 0
    outer loop
      vertex 6.60535 73.6472 7
      vertex 7.08893 73.7684 5.4
      vertex 6.60535 73.6472 5.4
    endloop
  endfacet
  facet normal -0.803176 0.595742 0
    outer loop
      vertex 3.85612 71.6083 5.4
      vertex 4.15311 72.0087 7
      vertex 4.15311 72.0087 5.4
    endloop
  endfacet
  facet normal -0.803176 0.595742 0
    outer loop
      vertex 4.15311 72.0087 7
      vertex 3.85612 71.6083 5.4
      vertex 3.85612 71.6083 7
    endloop
  endfacet
  facet normal -0.671564 0.740947 0
    outer loop
      vertex 4.85727 72.7129 5.4
      vertex 4.48788 72.3781 7
      vertex 4.85727 72.7129 7
    endloop
  endfacet
  facet normal -0.671564 0.740947 0
    outer loop
      vertex 4.48788 72.3781 7
      vertex 4.85727 72.7129 5.4
      vertex 4.48788 72.3781 5.4
    endloop
  endfacet
  facet normal -0.857741 0.514083 0
    outer loop
      vertex 3.59984 71.1807 5.4
      vertex 3.85612 71.6083 7
      vertex 3.85612 71.6083 5.4
    endloop
  endfacet
  facet normal -0.857741 0.514083 0
    outer loop
      vertex 3.85612 71.6083 7
      vertex 3.59984 71.1807 5.4
      vertex 3.59984 71.1807 7
    endloop
  endfacet
  facet normal -0.970027 0.242998 0
    outer loop
      vertex 3.09761 69.7771 5.4
      vertex 3.21873 70.2606 7
      vertex 3.21873 70.2606 5.4
    endloop
  endfacet
  facet normal -0.970027 0.242998 0
    outer loop
      vertex 3.21873 70.2606 7
      vertex 3.09761 69.7771 5.4
      vertex 3.09761 69.7771 7
    endloop
  endfacet
  facet normal -0.989179 0.146712 0
    outer loop
      vertex 3.02446 69.2839 5.4
      vertex 3.09761 69.7771 7
      vertex 3.09761 69.7771 5.4
    endloop
  endfacet
  facet normal -0.989179 0.146712 0
    outer loop
      vertex 3.09761 69.7771 7
      vertex 3.02446 69.2839 5.4
      vertex 3.02446 69.2839 7
    endloop
  endfacet
  facet normal -0.94154 0.336901 0
    outer loop
      vertex 3.21873 70.2606 5.4
      vertex 3.38669 70.73 7
      vertex 3.38669 70.73 5.4
    endloop
  endfacet
  facet normal -0.94154 0.336901 0
    outer loop
      vertex 3.38669 70.73 7
      vertex 3.21873 70.2606 5.4
      vertex 3.21873 70.2606 7
    endloop
  endfacet
  facet normal 0.671521 -0.740986 0
    outer loop
      vertex 80.0097 4.15311 5.4
      vertex 80.3791 4.48788 7
      vertex 80.0097 4.15311 7
    endloop
  endfacet
  facet normal 0.671521 -0.740986 0
    outer loop
      vertex 80.3791 4.48788 7
      vertex 80.0097 4.15311 5.4
      vertex 80.3791 4.48788 5.4
    endloop
  endfacet
  facet normal 0.857728 -0.514103 0
    outer loop
      vertex 81.0109 5.25769 7
      vertex 81.2672 5.6853 5.4
      vertex 81.2672 5.6853 7
    endloop
  endfacet
  facet normal 0.857728 -0.514103 0
    outer loop
      vertex 81.2672 5.6853 5.4
      vertex 81.0109 5.25769 7
      vertex 81.0109 5.25769 5.4
    endloop
  endfacet
  facet normal 0.989191 -0.146634 0
    outer loop
      vertex 81.7694 7.08893 7
      vertex 81.8425 7.58206 5.4
      vertex 81.8425 7.58206 7
    endloop
  endfacet
  facet normal 0.989191 -0.146634 0
    outer loop
      vertex 81.8425 7.58206 5.4
      vertex 81.7694 7.08893 7
      vertex 81.7694 7.08893 5.4
    endloop
  endfacet
  facet normal 0.941513 -0.336978 0
    outer loop
      vertex 81.4803 6.13596 7
      vertex 81.6483 6.60535 5.4
      vertex 81.6483 6.60535 7
    endloop
  endfacet
  facet normal 0.941513 -0.336978 0
    outer loop
      vertex 81.6483 6.60535 5.4
      vertex 81.4803 6.13596 7
      vertex 81.4803 6.13596 5.4
    endloop
  endfacet
  facet normal 0.0490672 -0.998795 0
    outer loop
      vertex 76.787 3 5.4
      vertex 77.2849 3.02446 7
      vertex 76.787 3 7
    endloop
  endfacet
  facet normal 0.0490672 -0.998795 0
    outer loop
      vertex 77.2849 3.02446 7
      vertex 76.787 3 5.4
      vertex 77.2849 3.02446 5.4
    endloop
  endfacet
  facet normal 0.970036 0.24296 0
    outer loop
      vertex 81.7694 69.7771 7
      vertex 81.6483 70.2606 5.4
      vertex 81.6483 70.2606 7
    endloop
  endfacet
  facet normal 0.970036 0.24296 0
    outer loop
      vertex 81.6483 70.2606 5.4
      vertex 81.7694 69.7771 7
      vertex 81.7694 69.7771 5.4
    endloop
  endfacet
  facet normal 0.989194 0.146614 0
    outer loop
      vertex 81.8425 69.2839 7
      vertex 81.7694 69.7771 5.4
      vertex 81.7694 69.7771 7
    endloop
  endfacet
  facet normal 0.989194 0.146614 0
    outer loop
      vertex 81.7694 69.7771 5.4
      vertex 81.8425 69.2839 7
      vertex 81.8425 69.2839 5.4
    endloop
  endfacet
  facet normal 0.941515 0.336972 0
    outer loop
      vertex 81.6483 70.2606 7
      vertex 81.4803 70.73 5.4
      vertex 81.4803 70.73 7
    endloop
  endfacet
  facet normal 0.941515 0.336972 0
    outer loop
      vertex 81.4803 70.73 5.4
      vertex 81.6483 70.2606 7
      vertex 81.6483 70.2606 5.4
    endloop
  endfacet
  facet normal 0.803166 0.595755 0
    outer loop
      vertex 81.0109 71.6083 7
      vertex 80.7139 72.0087 5.4
      vertex 80.7139 72.0087 7
    endloop
  endfacet
  facet normal 0.803166 0.595755 0
    outer loop
      vertex 80.7139 72.0087 5.4
      vertex 81.0109 71.6083 7
      vertex 81.0109 71.6083 5.4
    endloop
  endfacet
  facet normal 0.740956 0.671554 0
    outer loop
      vertex 80.7139 72.0087 7
      vertex 80.3791 72.3781 5.4
      vertex 80.3791 72.3781 7
    endloop
  endfacet
  facet normal 0.740956 0.671554 0
    outer loop
      vertex 80.3791 72.3781 5.4
      vertex 80.7139 72.0087 7
      vertex 80.7139 72.0087 5.4
    endloop
  endfacet
  facet normal 0.857723 0.514112 0
    outer loop
      vertex 81.2672 71.1807 7
      vertex 81.0109 71.6083 5.4
      vertex 81.0109 71.6083 7
    endloop
  endfacet
  facet normal 0.857723 0.514112 0
    outer loop
      vertex 81.0109 71.6083 5.4
      vertex 81.2672 71.1807 7
      vertex 81.2672 71.1807 5.4
    endloop
  endfacet
  facet normal 0.146643 0.989189 -0
    outer loop
      vertex 77.778 73.7684 5.4
      vertex 77.2849 73.8415 7
      vertex 77.778 73.7684 7
    endloop
  endfacet
  facet normal 0.146643 0.989189 0
    outer loop
      vertex 77.2849 73.8415 7
      vertex 77.778 73.7684 5.4
      vertex 77.2849 73.8415 5.4
    endloop
  endfacet
  facet normal 0.427448 0.90404 -0
    outer loop
      vertex 79.1817 73.2662 5.4
      vertex 78.731 73.4793 7
      vertex 79.1817 73.2662 7
    endloop
  endfacet
  facet normal 0.427448 0.90404 0
    outer loop
      vertex 78.731 73.4793 7
      vertex 79.1817 73.2662 5.4
      vertex 78.731 73.4793 5.4
    endloop
  endfacet
  facet normal 0.595755 0.803166 -0
    outer loop
      vertex 80.0097 72.7129 5.4
      vertex 79.6093 73.0099 7
      vertex 80.0097 72.7129 7
    endloop
  endfacet
  facet normal 0.595755 0.803166 0
    outer loop
      vertex 79.6093 73.0099 7
      vertex 80.0097 72.7129 5.4
      vertex 79.6093 73.0099 5.4
    endloop
  endfacet
  facet normal -0.427479 0.904025 0
    outer loop
      vertex 6.13596 73.4793 5.4
      vertex 5.6853 73.2662 7
      vertex 6.13596 73.4793 7
    endloop
  endfacet
  facet normal -0.427479 0.904025 0
    outer loop
      vertex 5.6853 73.2662 7
      vertex 6.13596 73.4793 5.4
      vertex 5.6853 73.2662 5.4
    endloop
  endfacet
  facet normal -0.146634 0.989191 0
    outer loop
      vertex 7.58206 73.8415 5.4
      vertex 7.08893 73.7684 7
      vertex 7.58206 73.8415 7
    endloop
  endfacet
  facet normal -0.146634 0.989191 0
    outer loop
      vertex 7.08893 73.7684 7
      vertex 7.58206 73.8415 5.4
      vertex 7.08893 73.7684 5.4
    endloop
  endfacet
  facet normal -0.0491443 0.998792 0
    outer loop
      vertex 8.07999 73.866 5.4
      vertex 7.58206 73.8415 7
      vertex 8.07999 73.866 7
    endloop
  endfacet
  facet normal -0.0491443 0.998792 0
    outer loop
      vertex 7.58206 73.8415 7
      vertex 8.07999 73.866 5.4
      vertex 7.58206 73.8415 5.4
    endloop
  endfacet
  facet normal -0.3368 0.941576 0
    outer loop
      vertex 6.60535 73.6472 5.4
      vertex 6.13596 73.4793 7
      vertex 6.60535 73.6472 7
    endloop
  endfacet
  facet normal -0.3368 0.941576 0
    outer loop
      vertex 6.13596 73.4793 7
      vertex 6.60535 73.6472 5.4
      vertex 6.13596 73.4793 5.4
    endloop
  endfacet
  facet normal -0.514103 0.857728 0
    outer loop
      vertex 5.6853 73.2662 5.4
      vertex 5.25769 73.0099 7
      vertex 5.6853 73.2662 7
    endloop
  endfacet
  facet normal -0.514103 0.857728 0
    outer loop
      vertex 5.25769 73.0099 7
      vertex 5.6853 73.2662 5.4
      vertex 5.25769 73.0099 5.4
    endloop
  endfacet
  facet normal -0.740986 0.671521 0
    outer loop
      vertex 4.15311 72.0087 5.4
      vertex 4.48788 72.3781 7
      vertex 4.48788 72.3781 5.4
    endloop
  endfacet
  facet normal -0.740986 0.671521 0
    outer loop
      vertex 4.48788 72.3781 7
      vertex 4.15311 72.0087 5.4
      vertex 4.15311 72.0087 7
    endloop
  endfacet
  facet normal 0.740947 -0.671564 0
    outer loop
      vertex 80.3791 4.48788 7
      vertex 80.7139 4.85727 5.4
      vertex 80.7139 4.85727 7
    endloop
  endfacet
  facet normal 0.740947 -0.671564 0
    outer loop
      vertex 80.7139 4.85727 5.4
      vertex 80.3791 4.48788 7
      vertex 80.3791 4.48788 5.4
    endloop
  endfacet
  facet normal 0.904025 -0.427479 0
    outer loop
      vertex 81.2672 5.6853 7
      vertex 81.4803 6.13596 5.4
      vertex 81.4803 6.13596 7
    endloop
  endfacet
  facet normal 0.904025 -0.427479 0
    outer loop
      vertex 81.4803 6.13596 5.4
      vertex 81.2672 5.6853 7
      vertex 81.2672 5.6853 5.4
    endloop
  endfacet
  facet normal 0.970046 -0.242923 0
    outer loop
      vertex 81.6483 6.60535 7
      vertex 81.7694 7.08893 5.4
      vertex 81.7694 7.08893 7
    endloop
  endfacet
  facet normal 0.970046 -0.242923 0
    outer loop
      vertex 81.7694 7.08893 5.4
      vertex 81.6483 6.60535 7
      vertex 81.6483 6.60535 5.4
    endloop
  endfacet
  facet normal 0.146741 -0.989175 0
    outer loop
      vertex 77.2849 3.02446 5.4
      vertex 77.778 3.09761 7
      vertex 77.2849 3.02446 7
    endloop
  endfacet
  facet normal 0.146741 -0.989175 0
    outer loop
      vertex 77.778 3.09761 7
      vertex 77.2849 3.02446 5.4
      vertex 77.778 3.09761 5.4
    endloop
  endfacet
  facet normal 0.336901 -0.94154 0
    outer loop
      vertex 78.2616 3.21873 5.4
      vertex 78.731 3.38669 7
      vertex 78.2616 3.21873 7
    endloop
  endfacet
  facet normal 0.336901 -0.94154 0
    outer loop
      vertex 78.731 3.38669 7
      vertex 78.2616 3.21873 5.4
      vertex 78.731 3.38669 5.4
    endloop
  endfacet
  facet normal 0.514083 -0.857741 0
    outer loop
      vertex 79.1817 3.59984 5.4
      vertex 79.6093 3.85612 7
      vertex 79.1817 3.59984 7
    endloop
  endfacet
  facet normal 0.514083 -0.857741 0
    outer loop
      vertex 79.6093 3.85612 7
      vertex 79.1817 3.59984 5.4
      vertex 79.6093 3.85612 5.4
    endloop
  endfacet
  facet normal -0.595723 -0.80319 0
    outer loop
      vertex 4.85727 4.15311 5.4
      vertex 5.25769 3.85612 7
      vertex 4.85727 4.15311 7
    endloop
  endfacet
  facet normal -0.595723 -0.80319 -0
    outer loop
      vertex 5.25769 3.85612 7
      vertex 4.85727 4.15311 5.4
      vertex 5.25769 3.85612 5.4
    endloop
  endfacet
  facet normal -0.427561 -0.903986 0
    outer loop
      vertex 5.6853 3.59984 5.4
      vertex 6.13596 3.38669 7
      vertex 5.6853 3.59984 7
    endloop
  endfacet
  facet normal -0.427561 -0.903986 -0
    outer loop
      vertex 6.13596 3.38669 7
      vertex 5.6853 3.59984 5.4
      vertex 6.13596 3.38669 5.4
    endloop
  endfacet
  facet normal -0.24296 -0.970036 0
    outer loop
      vertex 6.60535 3.21873 5.4
      vertex 7.08893 3.09761 7
      vertex 6.60535 3.21873 7
    endloop
  endfacet
  facet normal -0.24296 -0.970036 -0
    outer loop
      vertex 7.08893 3.09761 7
      vertex 6.60535 3.21873 5.4
      vertex 7.08893 3.09761 5.4
    endloop
  endfacet
  facet normal -0.80319 -0.595723 0
    outer loop
      vertex 4.15311 4.85727 5.4
      vertex 3.85612 5.25769 7
      vertex 3.85612 5.25769 5.4
    endloop
  endfacet
  facet normal -0.80319 -0.595723 0
    outer loop
      vertex 3.85612 5.25769 7
      vertex 4.15311 4.85727 5.4
      vertex 4.15311 4.85727 7
    endloop
  endfacet
  facet normal -0.671531 -0.740977 0
    outer loop
      vertex 4.48788 4.48788 5.4
      vertex 4.85727 4.15311 7
      vertex 4.48788 4.48788 7
    endloop
  endfacet
  facet normal -0.671531 -0.740977 -0
    outer loop
      vertex 4.85727 4.15311 7
      vertex 4.48788 4.48788 5.4
      vertex 4.85727 4.15311 5.4
    endloop
  endfacet
  facet normal -0.903986 -0.427561 0
    outer loop
      vertex 3.59984 5.6853 5.4
      vertex 3.38669 6.13596 7
      vertex 3.38669 6.13596 5.4
    endloop
  endfacet
  facet normal -0.903986 -0.427561 0
    outer loop
      vertex 3.38669 6.13596 7
      vertex 3.59984 5.6853 5.4
      vertex 3.59984 5.6853 7
    endloop
  endfacet
  facet normal -0.970036 -0.24296 0
    outer loop
      vertex 3.21873 6.60535 5.4
      vertex 3.09761 7.08893 7
      vertex 3.09761 7.08893 5.4
    endloop
  endfacet
  facet normal -0.970036 -0.24296 0
    outer loop
      vertex 3.09761 7.08893 7
      vertex 3.21873 6.60535 5.4
      vertex 3.21873 6.60535 7
    endloop
  endfacet
  facet normal 0.80318 -0.595736 0
    outer loop
      vertex 80.7139 4.85727 7
      vertex 81.0109 5.25769 5.4
      vertex 81.0109 5.25769 7
    endloop
  endfacet
  facet normal 0.80318 -0.595736 0
    outer loop
      vertex 81.0109 5.25769 5.4
      vertex 80.7139 4.85727 7
      vertex 80.7139 4.85727 5.4
    endloop
  endfacet
  facet normal 0.242951 -0.970039 0
    outer loop
      vertex 77.778 3.09761 5.4
      vertex 78.2616 3.21873 7
      vertex 77.778 3.09761 7
    endloop
  endfacet
  facet normal 0.242951 -0.970039 0
    outer loop
      vertex 78.2616 3.21873 7
      vertex 77.778 3.09761 5.4
      vertex 78.2616 3.21873 5.4
    endloop
  endfacet
  facet normal 0.42753 -0.904001 0
    outer loop
      vertex 78.731 3.38669 5.4
      vertex 79.1817 3.59984 7
      vertex 78.731 3.38669 7
    endloop
  endfacet
  facet normal 0.42753 -0.904001 0
    outer loop
      vertex 79.1817 3.59984 7
      vertex 78.731 3.38669 5.4
      vertex 79.1817 3.59984 5.4
    endloop
  endfacet
  facet normal 0.595742 -0.803176 0
    outer loop
      vertex 79.6093 3.85612 5.4
      vertex 80.0097 4.15311 7
      vertex 79.6093 3.85612 7
    endloop
  endfacet
  facet normal 0.595742 -0.803176 0
    outer loop
      vertex 80.0097 4.15311 7
      vertex 79.6093 3.85612 5.4
      vertex 80.0097 4.15311 5.4
    endloop
  endfacet
  facet normal -0.514074 -0.857746 0
    outer loop
      vertex 5.25769 3.85612 5.4
      vertex 5.6853 3.59984 7
      vertex 5.25769 3.85612 7
    endloop
  endfacet
  facet normal -0.514074 -0.857746 -0
    outer loop
      vertex 5.6853 3.59984 7
      vertex 5.25769 3.85612 5.4
      vertex 5.6853 3.59984 5.4
    endloop
  endfacet
  facet normal -0.336907 -0.941538 0
    outer loop
      vertex 6.13596 3.38669 5.4
      vertex 6.60535 3.21873 7
      vertex 6.13596 3.38669 7
    endloop
  endfacet
  facet normal -0.336907 -0.941538 -0
    outer loop
      vertex 6.60535 3.21873 7
      vertex 6.13596 3.38669 5.4
      vertex 6.60535 3.21873 5.4
    endloop
  endfacet
  facet normal -0.146733 -0.989176 0
    outer loop
      vertex 7.08893 3.09761 5.4
      vertex 7.58206 3.02446 7
      vertex 7.08893 3.09761 7
    endloop
  endfacet
  facet normal -0.146733 -0.989176 -0
    outer loop
      vertex 7.58206 3.02446 7
      vertex 7.08893 3.09761 5.4
      vertex 7.58206 3.02446 5.4
    endloop
  endfacet
  facet normal -0.740977 -0.671531 0
    outer loop
      vertex 4.48788 4.48788 5.4
      vertex 4.15311 4.85727 7
      vertex 4.15311 4.85727 5.4
    endloop
  endfacet
  facet normal -0.740977 -0.671531 0
    outer loop
      vertex 4.15311 4.85727 7
      vertex 4.48788 4.48788 5.4
      vertex 4.48788 4.48788 7
    endloop
  endfacet
  facet normal -0.857746 -0.514074 0
    outer loop
      vertex 3.85612 5.25769 5.4
      vertex 3.59984 5.6853 7
      vertex 3.59984 5.6853 5.4
    endloop
  endfacet
  facet normal -0.857746 -0.514074 0
    outer loop
      vertex 3.59984 5.6853 7
      vertex 3.85612 5.25769 5.4
      vertex 3.85612 5.25769 7
    endloop
  endfacet
  facet normal -0.941538 -0.336907 0
    outer loop
      vertex 3.38669 6.13596 5.4
      vertex 3.21873 6.60535 7
      vertex 3.21873 6.60535 5.4
    endloop
  endfacet
  facet normal -0.941538 -0.336907 0
    outer loop
      vertex 3.21873 6.60535 7
      vertex 3.38669 6.13596 5.4
      vertex 3.38669 6.13596 7
    endloop
  endfacet
endsolid OpenSCAD_Model
