solid OpenSCAD_Model
  facet normal 0.998791 0.0491626 0
    outer loop
      vertex 21.2 17.2 25
      vertex 21.1807 17.5921 23.5
      vertex 21.1807 17.5921 25
    endloop
  endfacet
  facet normal 0.998791 0.0491626 0
    outer loop
      vertex 21.1807 17.5921 23.5
      vertex 21.2 17.2 25
      vertex 21.2 17.2 23.5
    endloop
  endfacet
  facet normal -0.0491626 0.998791 0
    outer loop
      vertex 17.2 21.2 23.5
      vertex 16.8079 21.1807 25
      vertex 17.2 21.2 25
    endloop
  endfacet
  facet normal -0.0491626 0.998791 0
    outer loop
      vertex 16.8079 21.1807 25
      vertex 17.2 21.2 23.5
      vertex 16.8079 21.1807 23.5
    endloop
  endfacet
  facet normal 0.671607 0.740908 -0
    outer loop
      vertex 20.0284 20.0284 23.5
      vertex 19.7376 20.292 25
      vertex 20.0284 20.0284 25
    endloop
  endfacet
  facet normal 0.671607 0.740908 0
    outer loop
      vertex 19.7376 20.292 25
      vertex 20.0284 20.0284 23.5
      vertex 19.7376 20.292 23.5
    endloop
  endfacet
  facet normal -0.740908 0.671607 0
    outer loop
      vertex 14.108 19.7376 23.5
      vertex 14.3716 20.0284 25
      vertex 14.3716 20.0284 23.5
    endloop
  endfacet
  facet normal -0.740908 0.671607 0
    outer loop
      vertex 14.3716 20.0284 25
      vertex 14.108 19.7376 23.5
      vertex 14.108 19.7376 25
    endloop
  endfacet
  facet normal -0.42744 0.904044 0
    outer loop
      vertex 15.6693 20.8955 23.5
      vertex 15.3144 20.7277 25
      vertex 15.6693 20.8955 25
    endloop
  endfacet
  facet normal -0.42744 0.904044 0
    outer loop
      vertex 15.3144 20.7277 25
      vertex 15.6693 20.8955 23.5
      vertex 15.3144 20.7277 23.5
    endloop
  endfacet
  facet normal 0.904044 0.42744 0
    outer loop
      vertex 20.8955 18.7307 25
      vertex 20.7277 19.0856 23.5
      vertex 20.7277 19.0856 25
    endloop
  endfacet
  facet normal 0.904044 0.42744 0
    outer loop
      vertex 20.7277 19.0856 23.5
      vertex 20.8955 18.7307 25
      vertex 20.8955 18.7307 23.5
    endloop
  endfacet
  facet normal 0.337014 0.9415 -0
    outer loop
      vertex 18.7307 20.8955 23.5
      vertex 18.3611 21.0278 25
      vertex 18.7307 20.8955 25
    endloop
  endfacet
  facet normal 0.337014 0.9415 0
    outer loop
      vertex 18.3611 21.0278 25
      vertex 18.7307 20.8955 23.5
      vertex 18.3611 21.0278 23.5
    endloop
  endfacet
  facet normal 0.514084 0.85774 -0
    outer loop
      vertex 19.4223 20.5259 23.5
      vertex 19.0856 20.7277 25
      vertex 19.4223 20.5259 25
    endloop
  endfacet
  facet normal 0.514084 0.85774 0
    outer loop
      vertex 19.0856 20.7277 25
      vertex 19.4223 20.5259 23.5
      vertex 19.0856 20.7277 23.5
    endloop
  endfacet
  facet normal -0.9415 0.337014 0
    outer loop
      vertex 13.3722 18.3611 23.5
      vertex 13.5045 18.7307 25
      vertex 13.5045 18.7307 23.5
    endloop
  endfacet
  facet normal -0.9415 0.337014 0
    outer loop
      vertex 13.5045 18.7307 25
      vertex 13.3722 18.3611 23.5
      vertex 13.3722 18.3611 25
    endloop
  endfacet
  facet normal -0.242835 0.970068 0
    outer loop
      vertex 16.4196 21.1231 23.5
      vertex 16.0389 21.0278 25
      vertex 16.4196 21.1231 25
    endloop
  endfacet
  facet normal -0.242835 0.970068 0
    outer loop
      vertex 16.0389 21.0278 25
      vertex 16.4196 21.1231 23.5
      vertex 16.0389 21.0278 23.5
    endloop
  endfacet
  facet normal 0.970068 0.242835 0
    outer loop
      vertex 21.1231 17.9804 25
      vertex 21.0278 18.3611 23.5
      vertex 21.0278 18.3611 25
    endloop
  endfacet
  facet normal 0.970068 0.242835 0
    outer loop
      vertex 21.0278 18.3611 23.5
      vertex 21.1231 17.9804 25
      vertex 21.1231 17.9804 23.5
    endloop
  endfacet
  facet normal 0.989176 0.146733 0
    outer loop
      vertex 21.1807 17.5921 25
      vertex 21.1231 17.9804 23.5
      vertex 21.1231 17.9804 25
    endloop
  endfacet
  facet normal 0.989176 0.146733 0
    outer loop
      vertex 21.1231 17.9804 23.5
      vertex 21.1807 17.5921 25
      vertex 21.1807 17.5921 23.5
    endloop
  endfacet
  facet normal 0.9415 0.337014 0
    outer loop
      vertex 21.0278 18.3611 25
      vertex 20.8955 18.7307 23.5
      vertex 20.8955 18.7307 25
    endloop
  endfacet
  facet normal 0.9415 0.337014 0
    outer loop
      vertex 20.8955 18.7307 23.5
      vertex 21.0278 18.3611 25
      vertex 21.0278 18.3611 23.5
    endloop
  endfacet
  facet normal 0.803137 0.595794 0
    outer loop
      vertex 20.5259 19.4223 25
      vertex 20.292 19.7376 23.5
      vertex 20.292 19.7376 25
    endloop
  endfacet
  facet normal 0.803137 0.595794 0
    outer loop
      vertex 20.292 19.7376 23.5
      vertex 20.5259 19.4223 25
      vertex 20.5259 19.4223 23.5
    endloop
  endfacet
  facet normal 0.740908 0.671607 0
    outer loop
      vertex 20.292 19.7376 25
      vertex 20.0284 20.0284 23.5
      vertex 20.0284 20.0284 25
    endloop
  endfacet
  facet normal 0.740908 0.671607 0
    outer loop
      vertex 20.0284 20.0284 23.5
      vertex 20.292 19.7376 25
      vertex 20.292 19.7376 23.5
    endloop
  endfacet
  facet normal 0.85774 0.514084 0
    outer loop
      vertex 20.7277 19.0856 25
      vertex 20.5259 19.4223 23.5
      vertex 20.5259 19.4223 25
    endloop
  endfacet
  facet normal 0.85774 0.514084 0
    outer loop
      vertex 20.5259 19.4223 23.5
      vertex 20.7277 19.0856 25
      vertex 20.7277 19.0856 23.5
    endloop
  endfacet
  facet normal 0.146733 0.989176 -0
    outer loop
      vertex 17.9804 21.1231 23.5
      vertex 17.5921 21.1807 25
      vertex 17.9804 21.1231 25
    endloop
  endfacet
  facet normal 0.146733 0.989176 0
    outer loop
      vertex 17.5921 21.1807 25
      vertex 17.9804 21.1231 23.5
      vertex 17.5921 21.1807 23.5
    endloop
  endfacet
  facet normal 0.242835 0.970068 -0
    outer loop
      vertex 18.3611 21.0278 23.5
      vertex 17.9804 21.1231 25
      vertex 18.3611 21.0278 25
    endloop
  endfacet
  facet normal 0.242835 0.970068 0
    outer loop
      vertex 17.9804 21.1231 25
      vertex 18.3611 21.0278 23.5
      vertex 17.9804 21.1231 23.5
    endloop
  endfacet
  facet normal 0.0491626 0.998791 -0
    outer loop
      vertex 17.5921 21.1807 23.5
      vertex 17.2 21.2 25
      vertex 17.5921 21.1807 25
    endloop
  endfacet
  facet normal 0.0491626 0.998791 0
    outer loop
      vertex 17.2 21.2 25
      vertex 17.5921 21.1807 23.5
      vertex 17.2 21.2 23.5
    endloop
  endfacet
  facet normal 0.42744 0.904044 -0
    outer loop
      vertex 19.0856 20.7277 23.5
      vertex 18.7307 20.8955 25
      vertex 19.0856 20.7277 25
    endloop
  endfacet
  facet normal 0.42744 0.904044 0
    outer loop
      vertex 18.7307 20.8955 25
      vertex 19.0856 20.7277 23.5
      vertex 18.7307 20.8955 23.5
    endloop
  endfacet
  facet normal 0.595794 0.803137 -0
    outer loop
      vertex 19.7376 20.292 23.5
      vertex 19.4223 20.5259 25
      vertex 19.7376 20.292 25
    endloop
  endfacet
  facet normal 0.595794 0.803137 0
    outer loop
      vertex 19.4223 20.5259 25
      vertex 19.7376 20.292 23.5
      vertex 19.4223 20.5259 23.5
    endloop
  endfacet
  facet normal -0.989176 0.146733 0
    outer loop
      vertex 13.2193 17.5921 23.5
      vertex 13.2769 17.9804 25
      vertex 13.2769 17.9804 23.5
    endloop
  endfacet
  facet normal -0.989176 0.146733 0
    outer loop
      vertex 13.2769 17.9804 25
      vertex 13.2193 17.5921 23.5
      vertex 13.2193 17.5921 25
    endloop
  endfacet
  facet normal 0 0 -1
    outer loop
      vertex 21.1807 16.8079 23.5
      vertex 21.1807 17.5921 23.5
      vertex 21.2 17.2 23.5
    endloop
  endfacet
  facet normal 0 0 -1
    outer loop
      vertex 21.1231 16.4196 23.5
      vertex 21.1807 17.5921 23.5
      vertex 21.1807 16.8079 23.5
    endloop
  endfacet
  facet normal 0 0 -1
    outer loop
      vertex 21.1231 16.4196 23.5
      vertex 21.1231 17.9804 23.5
      vertex 21.1807 17.5921 23.5
    endloop
  endfacet
  facet normal 0 0 -1
    outer loop
      vertex 21.0278 16.0389 23.5
      vertex 21.1231 17.9804 23.5
      vertex 21.1231 16.4196 23.5
    endloop
  endfacet
  facet normal 0 0 -1
    outer loop
      vertex 21.0278 16.0389 23.5
      vertex 21.0278 18.3611 23.5
      vertex 21.1231 17.9804 23.5
    endloop
  endfacet
  facet normal 0 0 -1
    outer loop
      vertex 20.8955 15.6693 23.5
      vertex 21.0278 18.3611 23.5
      vertex 21.0278 16.0389 23.5
    endloop
  endfacet
  facet normal 0 0 -1
    outer loop
      vertex 20.8955 15.6693 23.5
      vertex 20.8955 18.7307 23.5
      vertex 21.0278 18.3611 23.5
    endloop
  endfacet
  facet normal 0 0 -1
    outer loop
      vertex 20.7277 15.3144 23.5
      vertex 20.8955 18.7307 23.5
      vertex 20.8955 15.6693 23.5
    endloop
  endfacet
  facet normal 0 0 -1
    outer loop
      vertex 20.7277 15.3144 23.5
      vertex 20.7277 19.0856 23.5
      vertex 20.8955 18.7307 23.5
    endloop
  endfacet
  facet normal 0 0 -1
    outer loop
      vertex 20.5259 14.9777 23.5
      vertex 20.7277 19.0856 23.5
      vertex 20.7277 15.3144 23.5
    endloop
  endfacet
  facet normal 0 0 -1
    outer loop
      vertex 20.5259 14.9777 23.5
      vertex 20.5259 19.4223 23.5
      vertex 20.7277 19.0856 23.5
    endloop
  endfacet
  facet normal 0 0 -1
    outer loop
      vertex 20.292 14.6624 23.5
      vertex 20.5259 19.4223 23.5
      vertex 20.5259 14.9777 23.5
    endloop
  endfacet
  facet normal 0 0 -1
    outer loop
      vertex 20.292 14.6624 23.5
      vertex 20.292 19.7376 23.5
      vertex 20.5259 19.4223 23.5
    endloop
  endfacet
  facet normal 0 0 -1
    outer loop
      vertex 20.0284 14.3716 23.5
      vertex 20.292 19.7376 23.5
      vertex 20.292 14.6624 23.5
    endloop
  endfacet
  facet normal 0 0 -1
    outer loop
      vertex 20.0284 14.3716 23.5
      vertex 20.0284 20.0284 23.5
      vertex 20.292 19.7376 23.5
    endloop
  endfacet
  facet normal 0 0 -1
    outer loop
      vertex 19.7376 14.108 23.5
      vertex 20.0284 20.0284 23.5
      vertex 20.0284 14.3716 23.5
    endloop
  endfacet
  facet normal 0 0 -1
    outer loop
      vertex 19.7376 14.108 23.5
      vertex 19.7376 20.292 23.5
      vertex 20.0284 20.0284 23.5
    endloop
  endfacet
  facet normal 0 0 -1
    outer loop
      vertex 19.4223 13.8741 23.5
      vertex 19.7376 20.292 23.5
      vertex 19.7376 14.108 23.5
    endloop
  endfacet
  facet normal 0 0 -1
    outer loop
      vertex 19.4223 13.8741 23.5
      vertex 19.4223 20.5259 23.5
      vertex 19.7376 20.292 23.5
    endloop
  endfacet
  facet normal 0 0 -1
    outer loop
      vertex 19.0856 13.6723 23.5
      vertex 19.4223 20.5259 23.5
      vertex 19.4223 13.8741 23.5
    endloop
  endfacet
  facet normal 0 0 -1
    outer loop
      vertex 19.0856 13.6723 23.5
      vertex 19.0856 20.7277 23.5
      vertex 19.4223 20.5259 23.5
    endloop
  endfacet
  facet normal 0 0 -1
    outer loop
      vertex 18.7307 13.5045 23.5
      vertex 19.0856 20.7277 23.5
      vertex 19.0856 13.6723 23.5
    endloop
  endfacet
  facet normal 0 0 -1
    outer loop
      vertex 18.7307 13.5045 23.5
      vertex 18.7307 20.8955 23.5
      vertex 19.0856 20.7277 23.5
    endloop
  endfacet
  facet normal 0 0 -1
    outer loop
      vertex 18.3611 13.3722 23.5
      vertex 18.7307 20.8955 23.5
      vertex 18.7307 13.5045 23.5
    endloop
  endfacet
  facet normal 0 0 -1
    outer loop
      vertex 18.3611 13.3722 23.5
      vertex 18.3611 21.0278 23.5
      vertex 18.7307 20.8955 23.5
    endloop
  endfacet
  facet normal 0 0 -1
    outer loop
      vertex 17.9804 13.2769 23.5
      vertex 18.3611 21.0278 23.5
      vertex 18.3611 13.3722 23.5
    endloop
  endfacet
  facet normal 0 0 -1
    outer loop
      vertex 17.9804 13.2769 23.5
      vertex 17.9804 21.1231 23.5
      vertex 18.3611 21.0278 23.5
    endloop
  endfacet
  facet normal 0 0 -1
    outer loop
      vertex 17.5921 13.2193 23.5
      vertex 17.9804 21.1231 23.5
      vertex 17.9804 13.2769 23.5
    endloop
  endfacet
  facet normal 0 0 -1
    outer loop
      vertex 17.5921 13.2193 23.5
      vertex 17.5921 21.1807 23.5
      vertex 17.9804 21.1231 23.5
    endloop
  endfacet
  facet normal 0 0 -1
    outer loop
      vertex 17.2 13.2 23.5
      vertex 17.5921 21.1807 23.5
      vertex 17.5921 13.2193 23.5
    endloop
  endfacet
  facet normal 0 0 -1
    outer loop
      vertex 17.2 13.2 23.5
      vertex 17.2 21.2 23.5
      vertex 17.5921 21.1807 23.5
    endloop
  endfacet
  facet normal 0 0 -1
    outer loop
      vertex 16.8079 13.2193 23.5
      vertex 17.2 21.2 23.5
      vertex 17.2 13.2 23.5
    endloop
  endfacet
  facet normal 0 0 -1
    outer loop
      vertex 16.8079 13.2193 23.5
      vertex 16.8079 21.1807 23.5
      vertex 17.2 21.2 23.5
    endloop
  endfacet
  facet normal 0 0 -1
    outer loop
      vertex 16.4196 13.2769 23.5
      vertex 16.8079 21.1807 23.5
      vertex 16.8079 13.2193 23.5
    endloop
  endfacet
  facet normal 0 0 -1
    outer loop
      vertex 16.4196 13.2769 23.5
      vertex 16.4196 21.1231 23.5
      vertex 16.8079 21.1807 23.5
    endloop
  endfacet
  facet normal 0 0 -1
    outer loop
      vertex 16.0389 13.3722 23.5
      vertex 16.4196 21.1231 23.5
      vertex 16.4196 13.2769 23.5
    endloop
  endfacet
  facet normal 0 0 -1
    outer loop
      vertex 16.0389 13.3722 23.5
      vertex 16.0389 21.0278 23.5
      vertex 16.4196 21.1231 23.5
    endloop
  endfacet
  facet normal 0 0 -1
    outer loop
      vertex 15.6693 13.5045 23.5
      vertex 16.0389 21.0278 23.5
      vertex 16.0389 13.3722 23.5
    endloop
  endfacet
  facet normal 0 0 -1
    outer loop
      vertex 15.6693 13.5045 23.5
      vertex 15.6693 20.8955 23.5
      vertex 16.0389 21.0278 23.5
    endloop
  endfacet
  facet normal 0 0 -1
    outer loop
      vertex 15.3144 13.6723 23.5
      vertex 15.6693 20.8955 23.5
      vertex 15.6693 13.5045 23.5
    endloop
  endfacet
  facet normal 0 0 -1
    outer loop
      vertex 15.3144 13.6723 23.5
      vertex 15.3144 20.7277 23.5
      vertex 15.6693 20.8955 23.5
    endloop
  endfacet
  facet normal 0 0 -1
    outer loop
      vertex 14.9777 13.8741 23.5
      vertex 15.3144 20.7277 23.5
      vertex 15.3144 13.6723 23.5
    endloop
  endfacet
  facet normal 0 0 -1
    outer loop
      vertex 14.9777 13.8741 23.5
      vertex 14.9777 20.5259 23.5
      vertex 15.3144 20.7277 23.5
    endloop
  endfacet
  facet normal 0 0 -1
    outer loop
      vertex 14.6624 14.108 23.5
      vertex 14.9777 20.5259 23.5
      vertex 14.9777 13.8741 23.5
    endloop
  endfacet
  facet normal 0 0 -1
    outer loop
      vertex 14.6624 14.108 23.5
      vertex 14.6624 20.292 23.5
      vertex 14.9777 20.5259 23.5
    endloop
  endfacet
  facet normal 0 0 -1
    outer loop
      vertex 14.3716 14.3716 23.5
      vertex 14.6624 20.292 23.5
      vertex 14.6624 14.108 23.5
    endloop
  endfacet
  facet normal 0 0 -1
    outer loop
      vertex 14.3716 14.3716 23.5
      vertex 14.3716 20.0284 23.5
      vertex 14.6624 20.292 23.5
    endloop
  endfacet
  facet normal 0 0 -1
    outer loop
      vertex 14.108 14.6624 23.5
      vertex 14.3716 20.0284 23.5
      vertex 14.3716 14.3716 23.5
    endloop
  endfacet
  facet normal 0 0 -1
    outer loop
      vertex 14.108 14.6624 23.5
      vertex 14.108 19.7376 23.5
      vertex 14.3716 20.0284 23.5
    endloop
  endfacet
  facet normal 0 0 -1
    outer loop
      vertex 13.8741 14.9777 23.5
      vertex 14.108 19.7376 23.5
      vertex 14.108 14.6624 23.5
    endloop
  endfacet
  facet normal 0 0 -1
    outer loop
      vertex 13.8741 14.9777 23.5
      vertex 13.8741 19.4223 23.5
      vertex 14.108 19.7376 23.5
    endloop
  endfacet
  facet normal 0 0 -1
    outer loop
      vertex 13.6723 15.3144 23.5
      vertex 13.8741 19.4223 23.5
      vertex 13.8741 14.9777 23.5
    endloop
  endfacet
  facet normal 0 0 -1
    outer loop
      vertex 13.6723 15.3144 23.5
      vertex 13.6723 19.0856 23.5
      vertex 13.8741 19.4223 23.5
    endloop
  endfacet
  facet normal 0 0 -1
    outer loop
      vertex 13.5045 15.6693 23.5
      vertex 13.6723 19.0856 23.5
      vertex 13.6723 15.3144 23.5
    endloop
  endfacet
  facet normal 0 0 -1
    outer loop
      vertex 13.5045 15.6693 23.5
      vertex 13.5045 18.7307 23.5
      vertex 13.6723 19.0856 23.5
    endloop
  endfacet
  facet normal 0 0 -1
    outer loop
      vertex 13.3722 16.0389 23.5
      vertex 13.5045 18.7307 23.5
      vertex 13.5045 15.6693 23.5
    endloop
  endfacet
  facet normal 0 0 -1
    outer loop
      vertex 13.3722 16.0389 23.5
      vertex 13.3722 18.3611 23.5
      vertex 13.5045 18.7307 23.5
    endloop
  endfacet
  facet normal 0 0 -1
    outer loop
      vertex 13.2769 16.4196 23.5
      vertex 13.3722 18.3611 23.5
      vertex 13.3722 16.0389 23.5
    endloop
  endfacet
  facet normal 0 0 -1
    outer loop
      vertex 13.2769 16.4196 23.5
      vertex 13.2769 17.9804 23.5
      vertex 13.3722 18.3611 23.5
    endloop
  endfacet
  facet normal 0 0 -1
    outer loop
      vertex 13.2193 16.8079 23.5
      vertex 13.2769 17.9804 23.5
      vertex 13.2769 16.4196 23.5
    endloop
  endfacet
  facet normal 0 0 -1
    outer loop
      vertex 13.2193 16.8079 23.5
      vertex 13.2193 17.5921 23.5
      vertex 13.2769 17.9804 23.5
    endloop
  endfacet
  facet normal 0 -0 -1
    outer loop
      vertex 13.2193 17.5921 23.5
      vertex 13.2193 16.8079 23.5
      vertex 13.2 17.2 23.5
    endloop
  endfacet
  facet normal -0.85774 0.514084 0
    outer loop
      vertex 13.6723 19.0856 23.5
      vertex 13.8741 19.4223 25
      vertex 13.8741 19.4223 23.5
    endloop
  endfacet
  facet normal -0.85774 0.514084 0
    outer loop
      vertex 13.8741 19.4223 25
      vertex 13.6723 19.0856 23.5
      vertex 13.6723 19.0856 25
    endloop
  endfacet
  facet normal -0.803137 0.595794 0
    outer loop
      vertex 13.8741 19.4223 23.5
      vertex 14.108 19.7376 25
      vertex 14.108 19.7376 23.5
    endloop
  endfacet
  facet normal -0.803137 0.595794 0
    outer loop
      vertex 14.108 19.7376 25
      vertex 13.8741 19.4223 23.5
      vertex 13.8741 19.4223 25
    endloop
  endfacet
  facet normal -0.904044 0.42744 0
    outer loop
      vertex 13.5045 18.7307 23.5
      vertex 13.6723 19.0856 25
      vertex 13.6723 19.0856 23.5
    endloop
  endfacet
  facet normal -0.904044 0.42744 0
    outer loop
      vertex 13.6723 19.0856 25
      vertex 13.5045 18.7307 23.5
      vertex 13.5045 18.7307 25
    endloop
  endfacet
  facet normal -0.970068 0.242835 0
    outer loop
      vertex 13.2769 17.9804 23.5
      vertex 13.3722 18.3611 25
      vertex 13.3722 18.3611 23.5
    endloop
  endfacet
  facet normal -0.970068 0.242835 0
    outer loop
      vertex 13.3722 18.3611 25
      vertex 13.2769 17.9804 23.5
      vertex 13.2769 17.9804 25
    endloop
  endfacet
  facet normal -0.998791 0.0491626 0
    outer loop
      vertex 13.2 17.2 23.5
      vertex 13.2193 17.5921 25
      vertex 13.2193 17.5921 23.5
    endloop
  endfacet
  facet normal -0.998791 0.0491626 0
    outer loop
      vertex 13.2193 17.5921 25
      vertex 13.2 17.2 23.5
      vertex 13.2 17.2 25
    endloop
  endfacet
  facet normal 0 0 -1
    outer loop
      vertex 85.717 8.27998 25
      vertex 72.0477 16.8079 25
      vertex 72.067 17.2 25
    endloop
  endfacet
  facet normal 0 0 -1
    outer loop
      vertex 77.8427 -0.407974 25
      vertex 71.9901 16.4196 25
      vertex 72.0477 16.8079 25
    endloop
  endfacet
  facet normal 0 0 -1
    outer loop
      vertex 77.8427 -0.407974 25
      vertex 71.8948 16.0389 25
      vertex 71.9901 16.4196 25
    endloop
  endfacet
  facet normal 0 0 -1
    outer loop
      vertex 77.8427 -0.407974 25
      vertex 71.7625 15.6693 25
      vertex 71.8948 16.0389 25
    endloop
  endfacet
  facet normal 0 0 -1
    outer loop
      vertex 77.8427 -0.407974 25
      vertex 71.5947 15.3144 25
      vertex 71.7625 15.6693 25
    endloop
  endfacet
  facet normal 0 0 -1
    outer loop
      vertex 77.8427 -0.407974 25
      vertex 71.3929 14.9777 25
      vertex 71.5947 15.3144 25
    endloop
  endfacet
  facet normal 0 0 -1
    outer loop
      vertex 77.8427 -0.407974 25
      vertex 71.159 14.6624 25
      vertex 71.3929 14.9777 25
    endloop
  endfacet
  facet normal 0 0 -1
    outer loop
      vertex 77.8427 -0.407974 25
      vertex 70.8954 14.3716 25
      vertex 71.159 14.6624 25
    endloop
  endfacet
  facet normal 0 0 -1
    outer loop
      vertex 76.987 -0.449997 25
      vertex 70.6046 14.108 25
      vertex 70.8954 14.3716 25
    endloop
  endfacet
  facet normal 0 0 -1
    outer loop
      vertex 76.987 -0.449997 25
      vertex 70.2893 13.8741 25
      vertex 70.6046 14.108 25
    endloop
  endfacet
  facet normal 0 0 -1
    outer loop
      vertex 76.987 -0.449997 25
      vertex 69.9526 13.6723 25
      vertex 70.2893 13.8741 25
    endloop
  endfacet
  facet normal 0 0 -1
    outer loop
      vertex 76.987 -0.449997 25
      vertex 69.5977 13.5045 25
      vertex 69.9526 13.6723 25
    endloop
  endfacet
  facet normal 0 0 -1
    outer loop
      vertex 76.987 -0.449997 25
      vertex 69.2281 13.3722 25
      vertex 69.5977 13.5045 25
    endloop
  endfacet
  facet normal 0 0 -1
    outer loop
      vertex 76.987 -0.449997 25
      vertex 68.8474 13.2769 25
      vertex 69.2281 13.3722 25
    endloop
  endfacet
  facet normal 0 0 -1
    outer loop
      vertex 76.987 -0.449997 25
      vertex 68.4591 13.2193 25
      vertex 68.8474 13.2769 25
    endloop
  endfacet
  facet normal 0 0 -1
    outer loop
      vertex 76.987 -0.449997 25
      vertex 68.067 13.2 25
      vertex 68.4591 13.2193 25
    endloop
  endfacet
  facet normal 0 0 -1
    outer loop
      vertex 76.987 -0.449997 25
      vertex 67.6749 13.2193 25
      vertex 68.067 13.2 25
    endloop
  endfacet
  facet normal 0 0 -1
    outer loop
      vertex 76.987 -0.449997 25
      vertex 67.2866 13.2769 25
      vertex 67.6749 13.2193 25
    endloop
  endfacet
  facet normal 0 0 -1
    outer loop
      vertex 76.987 -0.449997 25
      vertex 66.9059 13.3722 25
      vertex 67.2866 13.2769 25
    endloop
  endfacet
  facet normal 0 0 -1
    outer loop
      vertex 76.987 -0.449997 25
      vertex 66.5363 13.5045 25
      vertex 66.9059 13.3722 25
    endloop
  endfacet
  facet normal 0 0 -1
    outer loop
      vertex 76.987 -0.449997 25
      vertex 66.1814 13.6723 25
      vertex 66.5363 13.5045 25
    endloop
  endfacet
  facet normal 0 0 -1
    outer loop
      vertex 76.987 -0.449997 25
      vertex 65.8447 13.8741 25
      vertex 66.1814 13.6723 25
    endloop
  endfacet
  facet normal 0 0 -1
    outer loop
      vertex 76.987 -0.449997 25
      vertex 65.5294 14.108 25
      vertex 65.8447 13.8741 25
    endloop
  endfacet
  facet normal 0 0 -1
    outer loop
      vertex 19.7376 14.108 25
      vertex 65.5294 14.108 25
      vertex 76.987 -0.449997 25
    endloop
  endfacet
  facet normal 0 0 -1
    outer loop
      vertex 65.5294 14.108 25
      vertex 19.7376 14.108 25
      vertex 65.2386 14.3716 25
    endloop
  endfacet
  facet normal 0 0 -1
    outer loop
      vertex 42.51 31.59 25
      vertex 64.067 17.2 25
      vertex 64.0863 16.8079 25
    endloop
  endfacet
  facet normal 0 0 -1
    outer loop
      vertex 42.51 31.59 25
      vertex 64.0863 16.8079 25
      vertex 64.1439 16.4196 25
    endloop
  endfacet
  facet normal 0 0 -1
    outer loop
      vertex 42.51 31.59 25
      vertex 64.1439 16.4196 25
      vertex 64.2392 16.0389 25
    endloop
  endfacet
  facet normal 0 0 -1
    outer loop
      vertex 29.04 26.38 25
      vertex 64.2392 16.0389 25
      vertex 64.3715 15.6693 25
    endloop
  endfacet
  facet normal 0 0 -1
    outer loop
      vertex 64.067 17.2 25
      vertex 42.51 31.59 25
      vertex 57.61 31.59 25
    endloop
  endfacet
  facet normal 0 0 -1
    outer loop
      vertex 20.8955 15.6693 25
      vertex 64.3715 15.6693 25
      vertex 64.5393 15.3144 25
    endloop
  endfacet
  facet normal 0 0 -1
    outer loop
      vertex 20.7277 15.3144 25
      vertex 64.5393 15.3144 25
      vertex 64.7411 14.9777 25
    endloop
  endfacet
  facet normal 0 0 -1
    outer loop
      vertex 20.5259 14.9777 25
      vertex 64.7411 14.9777 25
      vertex 64.975 14.6624 25
    endloop
  endfacet
  facet normal 0 -0 -1
    outer loop
      vertex 20.0284 14.3716 25
      vertex 65.2386 14.3716 25
      vertex 19.7376 14.108 25
    endloop
  endfacet
  facet normal 0 0 -1
    outer loop
      vertex 30.94 36.4 25
      vertex 42.51 31.59 25
      vertex 30.94 31.46 25
    endloop
  endfacet
  facet normal 0 0 -1
    outer loop
      vertex 64.5393 15.3144 25
      vertex 20.7277 15.3144 25
      vertex 20.8955 15.6693 25
    endloop
  endfacet
  facet normal 0 0 -1
    outer loop
      vertex 42.51 31.59 25
      vertex 29.04 26.38 25
      vertex 30.94 31.46 25
    endloop
  endfacet
  facet normal 0 0 -1
    outer loop
      vertex 64.2392 16.0389 25
      vertex 29.04 26.38 25
      vertex 42.51 31.59 25
    endloop
  endfacet
  facet normal 0 0 -1
    outer loop
      vertex 29.04 26.38 25
      vertex 21.1807 16.8079 25
      vertex 21.2 17.2 25
    endloop
  endfacet
  facet normal 0 0 -1
    outer loop
      vertex 29.04 26.38 25
      vertex 21.1231 16.4196 25
      vertex 21.1807 16.8079 25
    endloop
  endfacet
  facet normal 0 0 -1
    outer loop
      vertex 29.04 26.38 25
      vertex 21.0278 16.0389 25
      vertex 21.1231 16.4196 25
    endloop
  endfacet
  facet normal 0 0 -1
    outer loop
      vertex 29.04 26.38 25
      vertex 20.8955 15.6693 25
      vertex 21.0278 16.0389 25
    endloop
  endfacet
  facet normal 0 0 -1
    outer loop
      vertex 64.3715 15.6693 25
      vertex 20.8955 15.6693 25
      vertex 29.04 26.38 25
    endloop
  endfacet
  facet normal 0 0 -1
    outer loop
      vertex 64.7411 14.9777 25
      vertex 20.5259 14.9777 25
      vertex 20.7277 15.3144 25
    endloop
  endfacet
  facet normal 0 0 -1
    outer loop
      vertex 64.975 14.6624 25
      vertex 20.292 14.6624 25
      vertex 20.5259 14.9777 25
    endloop
  endfacet
  facet normal -0 0 -1
    outer loop
      vertex 64.975 14.6624 25
      vertex 20.0284 14.3716 25
      vertex 20.292 14.6624 25
    endloop
  endfacet
  facet normal 0 0 -1
    outer loop
      vertex 65.2386 14.3716 25
      vertex 20.0284 14.3716 25
      vertex 64.975 14.6624 25
    endloop
  endfacet
  facet normal 0 0 -1
    outer loop
      vertex 8.27998 -0.449997 25
      vertex 19.7376 14.108 25
      vertex 76.987 -0.449997 25
    endloop
  endfacet
  facet normal 0 0 -1
    outer loop
      vertex 19.7376 14.108 25
      vertex 8.27998 -0.449997 25
      vertex 19.4223 13.8741 25
    endloop
  endfacet
  facet normal 0 0 -1
    outer loop
      vertex 19.4223 13.8741 25
      vertex 8.27998 -0.449997 25
      vertex 19.0856 13.6723 25
    endloop
  endfacet
  facet normal 0 0 -1
    outer loop
      vertex 19.0856 13.6723 25
      vertex 8.27998 -0.449997 25
      vertex 18.7307 13.5045 25
    endloop
  endfacet
  facet normal 0 0 -1
    outer loop
      vertex 18.7307 13.5045 25
      vertex 8.27998 -0.449997 25
      vertex 18.3611 13.3722 25
    endloop
  endfacet
  facet normal 0 0 -1
    outer loop
      vertex 18.3611 13.3722 25
      vertex 8.27998 -0.449997 25
      vertex 17.9804 13.2769 25
    endloop
  endfacet
  facet normal 0 0 -1
    outer loop
      vertex 17.9804 13.2769 25
      vertex 8.27998 -0.449997 25
      vertex 17.5921 13.2193 25
    endloop
  endfacet
  facet normal 0 0 -1
    outer loop
      vertex 17.5921 13.2193 25
      vertex 8.27998 -0.449997 25
      vertex 17.2 13.2 25
    endloop
  endfacet
  facet normal -0 0 -1
    outer loop
      vertex 17.2 13.2 25
      vertex 8.27998 -0.449997 25
      vertex 16.8079 13.2193 25
    endloop
  endfacet
  facet normal 0 0 -1
    outer loop
      vertex -0.449997 8.27998 25
      vertex 13.2 17.2 25
      vertex 13.2193 16.8079 25
    endloop
  endfacet
  facet normal 0 0 -1
    outer loop
      vertex -0.449997 8.27998 25
      vertex 13.2193 16.8079 25
      vertex 13.2769 16.4196 25
    endloop
  endfacet
  facet normal -0 0 -1
    outer loop
      vertex 13.2 17.2 25
      vertex -0.449997 8.27998 25
      vertex 11.4 26.38 25
    endloop
  endfacet
  facet normal -0 0 -1
    outer loop
      vertex 13.3722 16.0389 25
      vertex -0.449997 8.27998 25
      vertex 13.2769 16.4196 25
    endloop
  endfacet
  facet normal -0 0 -1
    outer loop
      vertex 13.5045 15.6693 25
      vertex -0.449997 8.27998 25
      vertex 13.3722 16.0389 25
    endloop
  endfacet
  facet normal -0 0 -1
    outer loop
      vertex 13.6723 15.3144 25
      vertex -0.449997 8.27998 25
      vertex 13.5045 15.6693 25
    endloop
  endfacet
  facet normal -0 0 -1
    outer loop
      vertex 13.8741 14.9777 25
      vertex -0.449997 8.27998 25
      vertex 13.6723 15.3144 25
    endloop
  endfacet
  facet normal -0 0 -1
    outer loop
      vertex 14.108 14.6624 25
      vertex -0.449997 8.27998 25
      vertex 13.8741 14.9777 25
    endloop
  endfacet
  facet normal -0 0 -1
    outer loop
      vertex 14.3716 14.3716 25
      vertex -0.449997 8.27998 25
      vertex 14.108 14.6624 25
    endloop
  endfacet
  facet normal 0 0 -1
    outer loop
      vertex -0.449997 8.27998 25
      vertex 14.3716 14.3716 25
      vertex 8.27998 -0.449997 25
    endloop
  endfacet
  facet normal -0 0 -1
    outer loop
      vertex 14.6624 14.108 25
      vertex 8.27998 -0.449997 25
      vertex 14.3716 14.3716 25
    endloop
  endfacet
  facet normal -0 0 -1
    outer loop
      vertex 14.9777 13.8741 25
      vertex 8.27998 -0.449997 25
      vertex 14.6624 14.108 25
    endloop
  endfacet
  facet normal -0 0 -1
    outer loop
      vertex 15.3144 13.6723 25
      vertex 8.27998 -0.449997 25
      vertex 14.9777 13.8741 25
    endloop
  endfacet
  facet normal -0 0 -1
    outer loop
      vertex 15.6693 13.5045 25
      vertex 8.27998 -0.449997 25
      vertex 15.3144 13.6723 25
    endloop
  endfacet
  facet normal -0 0 -1
    outer loop
      vertex 16.0389 13.3722 25
      vertex 8.27998 -0.449997 25
      vertex 15.6693 13.5045 25
    endloop
  endfacet
  facet normal -0 0 -1
    outer loop
      vertex 16.4196 13.2769 25
      vertex 8.27998 -0.449997 25
      vertex 16.0389 13.3722 25
    endloop
  endfacet
  facet normal -0 0 -1
    outer loop
      vertex 16.8079 13.2193 25
      vertex 8.27998 -0.449997 25
      vertex 16.4196 13.2769 25
    endloop
  endfacet
  facet normal 0 0 -1
    outer loop
      vertex 72.0477 16.8079 25
      vertex 85.717 8.27998 25
      vertex 85.6749 7.42429 25
    endloop
  endfacet
  facet normal 0 0 -1
    outer loop
      vertex 85.717 8.27998 25
      vertex 79.98 41.68 25
      vertex 85.717 68.986 25
    endloop
  endfacet
  facet normal 0 0 -1
    outer loop
      vertex 72.0477 16.8079 25
      vertex 85.6749 7.42429 25
      vertex 85.5492 6.57684 25
    endloop
  endfacet
  facet normal 0 0 -1
    outer loop
      vertex 79.98 74.93 25
      vertex 85.717 68.986 25
      vertex 79.98 41.68 25
    endloop
  endfacet
  facet normal 0 0 -1
    outer loop
      vertex 72.0477 16.8079 25
      vertex 85.5492 6.57684 25
      vertex 85.3411 5.74579 25
    endloop
  endfacet
  facet normal 0 0 -1
    outer loop
      vertex 85.717 68.986 25
      vertex 79.98 74.93 25
      vertex 85.6749 69.8417 25
    endloop
  endfacet
  facet normal 0 0 -1
    outer loop
      vertex 72.0477 16.8079 25
      vertex 85.3411 5.74579 25
      vertex 85.0524 4.93915 25
    endloop
  endfacet
  facet normal 0 0 -1
    outer loop
      vertex 85.6749 69.8417 25
      vertex 79.98 74.93 25
      vertex 85.5492 70.6891 25
    endloop
  endfacet
  facet normal 0 0 -1
    outer loop
      vertex 72.0477 16.8079 25
      vertex 85.0524 4.93915 25
      vertex 84.6862 4.16469 25
    endloop
  endfacet
  facet normal 0 0 -1
    outer loop
      vertex 85.5492 70.6891 25
      vertex 79.98 74.93 25
      vertex 85.3411 71.5202 25
    endloop
  endfacet
  facet normal 0 0 -1
    outer loop
      vertex 72.0477 16.8079 25
      vertex 84.6862 4.16469 25
      vertex 84.2457 3.42986 25
    endloop
  endfacet
  facet normal 0 0 -1
    outer loop
      vertex 85.3411 71.5202 25
      vertex 79.98 74.93 25
      vertex 85.0524 72.3268 25
    endloop
  endfacet
  facet normal 0 0 -1
    outer loop
      vertex 72.0477 16.8079 25
      vertex 84.2457 3.42986 25
      vertex 83.7354 2.74173 25
    endloop
  endfacet
  facet normal 0 0 -1
    outer loop
      vertex 85.0524 72.3268 25
      vertex 79.98 74.93 25
      vertex 84.6862 73.1013 25
    endloop
  endfacet
  facet normal 0 0 -1
    outer loop
      vertex 72.0477 16.8079 25
      vertex 83.7354 2.74173 25
      vertex 83.16 2.10693 25
    endloop
  endfacet
  facet normal 0 0 -1
    outer loop
      vertex 84.6862 73.1013 25
      vertex 79.98 74.93 25
      vertex 84.2457 73.8361 25
    endloop
  endfacet
  facet normal 0 0 -1
    outer loop
      vertex 72.0477 16.8079 25
      vertex 83.16 2.10693 25
      vertex 82.5252 1.5316 25
    endloop
  endfacet
  facet normal 0 0 -1
    outer loop
      vertex 84.2457 73.8361 25
      vertex 79.98 74.93 25
      vertex 83.7354 74.5242 25
    endloop
  endfacet
  facet normal 0 0 -1
    outer loop
      vertex 72.0477 16.8079 25
      vertex 82.5252 1.5316 25
      vertex 81.8371 1.02126 25
    endloop
  endfacet
  facet normal 0 0 -1
    outer loop
      vertex 83.7354 74.5242 25
      vertex 79.98 74.93 25
      vertex 83.16 75.159 25
    endloop
  endfacet
  facet normal 0 0 -1
    outer loop
      vertex 72.0477 16.8079 25
      vertex 81.8371 1.02126 25
      vertex 81.1023 0.580811 25
    endloop
  endfacet
  facet normal -0 0 -1
    outer loop
      vertex 83.16 75.159 25
      vertex 79.98 74.93 25
      vertex 82.5252 75.7344 25
    endloop
  endfacet
  facet normal 0 0 -1
    outer loop
      vertex 72.0477 16.8079 25
      vertex 81.1023 0.580811 25
      vertex 80.3278 0.214508 25
    endloop
  endfacet
  facet normal -0 0 -1
    outer loop
      vertex 82.5252 75.7344 25
      vertex 79.98 74.93 25
      vertex 81.8371 76.2447 25
    endloop
  endfacet
  facet normal -0 0 -1
    outer loop
      vertex 81.8371 76.2447 25
      vertex 79.98 74.93 25
      vertex 81.1023 76.6852 25
    endloop
  endfacet
  facet normal 0 0 -1
    outer loop
      vertex 72.0477 16.8079 25
      vertex 80.3278 0.214508 25
      vertex 79.5212 -0.0740967 25
    endloop
  endfacet
  facet normal 0 0 -1
    outer loop
      vertex 72.0477 16.8079 25
      vertex 79.5212 -0.0740967 25
      vertex 78.6901 -0.282257 25
    endloop
  endfacet
  facet normal 0 0 -1
    outer loop
      vertex 72.0477 16.8079 25
      vertex 78.6901 -0.282257 25
      vertex 77.8427 -0.407974 25
    endloop
  endfacet
  facet normal 0 0 -1
    outer loop
      vertex 70.8954 14.3716 25
      vertex 77.8427 -0.407974 25
      vertex 76.987 -0.449997 25
    endloop
  endfacet
  facet normal 0 0 -1
    outer loop
      vertex 85.717 8.27998 25
      vertex 72.067 17.2 25
      vertex 72.0477 17.5921 25
    endloop
  endfacet
  facet normal 0 0 -1
    outer loop
      vertex 85.717 8.27998 25
      vertex 72.0477 17.5921 25
      vertex 71.9901 17.9804 25
    endloop
  endfacet
  facet normal 0 0 -1
    outer loop
      vertex 85.717 8.27998 25
      vertex 71.9901 17.9804 25
      vertex 71.8948 18.3611 25
    endloop
  endfacet
  facet normal 0 0 -1
    outer loop
      vertex 85.717 8.27998 25
      vertex 71.8948 18.3611 25
      vertex 71.7625 18.7307 25
    endloop
  endfacet
  facet normal 0 0 -1
    outer loop
      vertex 85.717 8.27998 25
      vertex 71.7625 18.7307 25
      vertex 79.98 41.68 25
    endloop
  endfacet
  facet normal 0 0 -1
    outer loop
      vertex 71.5947 19.0856 25
      vertex 79.98 41.68 25
      vertex 71.7625 18.7307 25
    endloop
  endfacet
  facet normal 0 0 -1
    outer loop
      vertex 71.3929 19.4223 25
      vertex 79.98 41.68 25
      vertex 71.5947 19.0856 25
    endloop
  endfacet
  facet normal 0 0 -1
    outer loop
      vertex 71.159 19.7376 25
      vertex 79.98 41.68 25
      vertex 71.3929 19.4223 25
    endloop
  endfacet
  facet normal 0 0 -1
    outer loop
      vertex 70.8954 20.0284 25
      vertex 79.98 41.68 25
      vertex 71.159 19.7376 25
    endloop
  endfacet
  facet normal 0 0 -1
    outer loop
      vertex 70.6046 20.292 25
      vertex 79.98 41.68 25
      vertex 70.8954 20.0284 25
    endloop
  endfacet
  facet normal 0 0 -1
    outer loop
      vertex 70.2893 20.5259 25
      vertex 79.98 41.68 25
      vertex 70.6046 20.292 25
    endloop
  endfacet
  facet normal 0 0 -1
    outer loop
      vertex 69.9526 20.7277 25
      vertex 79.98 41.68 25
      vertex 70.2893 20.5259 25
    endloop
  endfacet
  facet normal 0 0 -1
    outer loop
      vertex 69.5977 20.8955 25
      vertex 79.98 41.68 25
      vertex 69.9526 20.7277 25
    endloop
  endfacet
  facet normal 0 0 -1
    outer loop
      vertex 69.2281 21.0278 25
      vertex 79.98 41.68 25
      vertex 69.5977 20.8955 25
    endloop
  endfacet
  facet normal 0 0 -1
    outer loop
      vertex 68.8474 21.1231 25
      vertex 79.98 41.68 25
      vertex 69.2281 21.0278 25
    endloop
  endfacet
  facet normal 0 0 -1
    outer loop
      vertex 68.4591 21.1807 25
      vertex 79.98 41.68 25
      vertex 68.8474 21.1231 25
    endloop
  endfacet
  facet normal 0 0 -1
    outer loop
      vertex 57.61 31.59 25
      vertex 68.4591 21.1807 25
      vertex 68.067 21.2 25
    endloop
  endfacet
  facet normal 0 0 -1
    outer loop
      vertex 57.61 31.59 25
      vertex 68.067 21.2 25
      vertex 67.6749 21.1807 25
    endloop
  endfacet
  facet normal 0 0 -1
    outer loop
      vertex 57.61 31.59 25
      vertex 67.6749 21.1807 25
      vertex 67.2866 21.1231 25
    endloop
  endfacet
  facet normal 0 0 -1
    outer loop
      vertex 57.61 31.59 25
      vertex 67.2866 21.1231 25
      vertex 66.9059 21.0278 25
    endloop
  endfacet
  facet normal 0 0 -1
    outer loop
      vertex 57.61 31.59 25
      vertex 66.9059 21.0278 25
      vertex 66.5363 20.8955 25
    endloop
  endfacet
  facet normal 0 0 -1
    outer loop
      vertex 57.61 31.59 25
      vertex 66.5363 20.8955 25
      vertex 66.1814 20.7277 25
    endloop
  endfacet
  facet normal 0 0 -1
    outer loop
      vertex 57.61 31.59 25
      vertex 66.1814 20.7277 25
      vertex 65.8447 20.5259 25
    endloop
  endfacet
  facet normal 0 0 -1
    outer loop
      vertex 57.61 31.59 25
      vertex 65.8447 20.5259 25
      vertex 65.5294 20.292 25
    endloop
  endfacet
  facet normal 0 0 -1
    outer loop
      vertex 57.61 31.59 25
      vertex 65.5294 20.292 25
      vertex 65.2386 20.0284 25
    endloop
  endfacet
  facet normal 0 0 -1
    outer loop
      vertex 57.61 31.59 25
      vertex 65.2386 20.0284 25
      vertex 64.975 19.7376 25
    endloop
  endfacet
  facet normal 0 0 -1
    outer loop
      vertex 57.61 31.59 25
      vertex 64.975 19.7376 25
      vertex 64.7411 19.4223 25
    endloop
  endfacet
  facet normal 0 0 -1
    outer loop
      vertex 57.61 31.59 25
      vertex 64.0863 17.5921 25
      vertex 64.067 17.2 25
    endloop
  endfacet
  facet normal 0 0 -1
    outer loop
      vertex 57.61 31.59 25
      vertex 64.1439 17.9804 25
      vertex 64.0863 17.5921 25
    endloop
  endfacet
  facet normal 0 0 -1
    outer loop
      vertex 57.61 31.59 25
      vertex 64.2392 18.3611 25
      vertex 64.1439 17.9804 25
    endloop
  endfacet
  facet normal 0 0 -1
    outer loop
      vertex 57.61 31.59 25
      vertex 64.3715 18.7307 25
      vertex 64.2392 18.3611 25
    endloop
  endfacet
  facet normal 0 0 -1
    outer loop
      vertex 57.61 31.59 25
      vertex 64.5393 19.0856 25
      vertex 64.3715 18.7307 25
    endloop
  endfacet
  facet normal 0 0 -1
    outer loop
      vertex 57.61 31.59 25
      vertex 64.7411 19.4223 25
      vertex 64.5393 19.0856 25
    endloop
  endfacet
  facet normal 0 0 -1
    outer loop
      vertex 68.4591 21.1807 25
      vertex 57.61 31.59 25
      vertex 79.98 41.68 25
    endloop
  endfacet
  facet normal 0 0 -1
    outer loop
      vertex 57.61 36.53 25
      vertex 79.98 41.68 25
      vertex 57.61 31.59 25
    endloop
  endfacet
  facet normal 0 0 -1
    outer loop
      vertex 57.61 36.53 25
      vertex 50.38 41.68 25
      vertex 79.98 41.68 25
    endloop
  endfacet
  facet normal 0 0 -1
    outer loop
      vertex 48.85 74.52 25
      vertex 50.38 41.68 25
      vertex 48.85 38.83 25
    endloop
  endfacet
  facet normal 0 0 -1
    outer loop
      vertex 57.61 36.53 25
      vertex 48.85 38.83 25
      vertex 50.38 41.68 25
    endloop
  endfacet
  facet normal 0 0 -1
    outer loop
      vertex 42.51 36.53 25
      vertex 48.85 38.83 25
      vertex 57.61 36.53 25
    endloop
  endfacet
  facet normal 0 0 -1
    outer loop
      vertex 42.51 31.59 25
      vertex 30.94 36.4 25
      vertex 42.51 36.53 25
    endloop
  endfacet
  facet normal 0 0 -1
    outer loop
      vertex 30.94 36.4 25
      vertex 48.85 38.83 25
      vertex 42.51 36.53 25
    endloop
  endfacet
  facet normal 0 0 -1
    outer loop
      vertex 30.94 36.4 25
      vertex 8.35 38.83 25
      vertex 48.85 38.83 25
    endloop
  endfacet
  facet normal 0 0 -1
    outer loop
      vertex -0.449997 68.986 25
      vertex 8.35 74.52 25
      vertex 8.35 38.83 25
    endloop
  endfacet
  facet normal 0 0 -1
    outer loop
      vertex 8.22 36.4 25
      vertex 8.35 38.83 25
      vertex 30.94 36.4 25
    endloop
  endfacet
  facet normal 0 0 -1
    outer loop
      vertex -0.449997 68.986 25
      vertex 8.35 38.83 25
      vertex 8.22 36.4 25
    endloop
  endfacet
  facet normal -0 0 -1
    outer loop
      vertex 8.22 31.46 25
      vertex -0.449997 8.27998 25
      vertex 8.22 36.4 25
    endloop
  endfacet
  facet normal 0 0 -1
    outer loop
      vertex -0.449997 68.986 25
      vertex 8.22 36.4 25
      vertex -0.449997 8.27998 25
    endloop
  endfacet
  facet normal 0 0 -1
    outer loop
      vertex -0.449997 8.27998 25
      vertex 7.42429 -0.407974 25
      vertex 6.57684 -0.282257 25
    endloop
  endfacet
  facet normal 0 -0 -1
    outer loop
      vertex -0.407974 69.8417 25
      vertex 8.35 74.52 25
      vertex -0.449997 68.986 25
    endloop
  endfacet
  facet normal 0 0 -1
    outer loop
      vertex -0.449997 8.27998 25
      vertex 6.57684 -0.282257 25
      vertex 5.74579 -0.0740967 25
    endloop
  endfacet
  facet normal 0 0 -1
    outer loop
      vertex 8.35 74.52 25
      vertex 7.42429 77.674 25
      vertex 8.27998 77.716 25
    endloop
  endfacet
  facet normal 0 0 -1
    outer loop
      vertex -0.449997 8.27998 25
      vertex 5.74579 -0.0740967 25
      vertex 4.93915 0.214508 25
    endloop
  endfacet
  facet normal 0 0 -1
    outer loop
      vertex 8.35 74.52 25
      vertex 6.57684 77.5482 25
      vertex 7.42429 77.674 25
    endloop
  endfacet
  facet normal 0 0 -1
    outer loop
      vertex -0.449997 8.27998 25
      vertex 4.93915 0.214508 25
      vertex 4.16469 0.580811 25
    endloop
  endfacet
  facet normal 0 0 -1
    outer loop
      vertex 8.35 74.52 25
      vertex 5.74579 77.3401 25
      vertex 6.57684 77.5482 25
    endloop
  endfacet
  facet normal 0 0 -1
    outer loop
      vertex -0.449997 8.27998 25
      vertex 4.16469 0.580811 25
      vertex 3.42986 1.02126 25
    endloop
  endfacet
  facet normal 0 0 -1
    outer loop
      vertex 8.35 74.52 25
      vertex 4.93915 77.0515 25
      vertex 5.74579 77.3401 25
    endloop
  endfacet
  facet normal 0 0 -1
    outer loop
      vertex -0.449997 8.27998 25
      vertex 3.42986 1.02126 25
      vertex 2.74173 1.5316 25
    endloop
  endfacet
  facet normal 0 0 -1
    outer loop
      vertex 8.35 74.52 25
      vertex 4.16469 76.6852 25
      vertex 4.93915 77.0515 25
    endloop
  endfacet
  facet normal 0 0 -1
    outer loop
      vertex -0.449997 8.27998 25
      vertex 2.74173 1.5316 25
      vertex 2.10693 2.10693 25
    endloop
  endfacet
  facet normal 0 0 -1
    outer loop
      vertex 8.35 74.52 25
      vertex 3.42986 76.2447 25
      vertex 4.16469 76.6852 25
    endloop
  endfacet
  facet normal 0 0 -1
    outer loop
      vertex -0.449997 8.27998 25
      vertex 2.10693 2.10693 25
      vertex 1.5316 2.74173 25
    endloop
  endfacet
  facet normal 0 0 -1
    outer loop
      vertex 8.35 74.52 25
      vertex 2.74173 75.7344 25
      vertex 3.42986 76.2447 25
    endloop
  endfacet
  facet normal 0 0 -1
    outer loop
      vertex -0.449997 8.27998 25
      vertex 1.5316 2.74173 25
      vertex 1.02126 3.42986 25
    endloop
  endfacet
  facet normal 0 0 -1
    outer loop
      vertex 8.35 74.52 25
      vertex 2.10693 75.159 25
      vertex 2.74173 75.7344 25
    endloop
  endfacet
  facet normal 0 0 -1
    outer loop
      vertex -0.449997 8.27998 25
      vertex 1.02126 3.42986 25
      vertex 0.580811 4.16469 25
    endloop
  endfacet
  facet normal 0 0 -1
    outer loop
      vertex 8.35 74.52 25
      vertex 1.5316 74.5242 25
      vertex 2.10693 75.159 25
    endloop
  endfacet
  facet normal 0 0 -1
    outer loop
      vertex -0.449997 8.27998 25
      vertex 0.580811 4.16469 25
      vertex 0.214508 4.93915 25
    endloop
  endfacet
  facet normal -0 0 -1
    outer loop
      vertex 8.35 74.52 25
      vertex 1.02126 73.8361 25
      vertex 1.5316 74.5242 25
    endloop
  endfacet
  facet normal 0 0 -1
    outer loop
      vertex -0.449997 8.27998 25
      vertex 0.214508 4.93915 25
      vertex -0.0740967 5.74579 25
    endloop
  endfacet
  facet normal 0 0 -1
    outer loop
      vertex 8.35 74.52 25
      vertex 0.580811 73.1013 25
      vertex 1.02126 73.8361 25
    endloop
  endfacet
  facet normal 0 0 -1
    outer loop
      vertex -0.449997 8.27998 25
      vertex -0.0740967 5.74579 25
      vertex -0.282257 6.57684 25
    endloop
  endfacet
  facet normal 0 0 -1
    outer loop
      vertex 8.35 74.52 25
      vertex 0.214508 72.3268 25
      vertex 0.580811 73.1013 25
    endloop
  endfacet
  facet normal 0 0 -1
    outer loop
      vertex -0.449997 8.27998 25
      vertex -0.282257 6.57684 25
      vertex -0.407974 7.42429 25
    endloop
  endfacet
  facet normal 0 0 -1
    outer loop
      vertex 8.35 74.52 25
      vertex -0.0740967 71.5202 25
      vertex 0.214508 72.3268 25
    endloop
  endfacet
  facet normal 0 0 -1
    outer loop
      vertex 8.35 74.52 25
      vertex -0.282257 70.6891 25
      vertex -0.0740967 71.5202 25
    endloop
  endfacet
  facet normal 0 0 -1
    outer loop
      vertex 8.35 74.52 25
      vertex -0.407974 69.8417 25
      vertex -0.282257 70.6891 25
    endloop
  endfacet
  facet normal -0 0 -1
    outer loop
      vertex 81.1023 76.6852 25
      vertex 79.98 74.93 25
      vertex 80.3278 77.0515 25
    endloop
  endfacet
  facet normal 0 0 -1
    outer loop
      vertex 79.98 74.93 25
      vertex 79.5212 77.3401 25
      vertex 80.3278 77.0515 25
    endloop
  endfacet
  facet normal 0 0 -1
    outer loop
      vertex 79.98 74.93 25
      vertex 78.6901 77.5482 25
      vertex 79.5212 77.3401 25
    endloop
  endfacet
  facet normal 0 0 -1
    outer loop
      vertex 79.98 74.93 25
      vertex 77.8427 77.674 25
      vertex 78.6901 77.5482 25
    endloop
  endfacet
  facet normal 0 0 -1
    outer loop
      vertex 79.98 74.93 25
      vertex 76.987 77.716 25
      vertex 77.8427 77.674 25
    endloop
  endfacet
  facet normal 0 0 -1
    outer loop
      vertex 50.38 74.93 25
      vertex 76.987 77.716 25
      vertex 79.98 74.93 25
    endloop
  endfacet
  facet normal 0 0 -1
    outer loop
      vertex 50.38 41.68 25
      vertex 48.85 74.52 25
      vertex 50.38 74.93 25
    endloop
  endfacet
  facet normal 0 0 -1
    outer loop
      vertex 8.27998 77.716 25
      vertex 48.85 74.52 25
      vertex 8.35 74.52 25
    endloop
  endfacet
  facet normal 0 0 -1
    outer loop
      vertex 48.85 74.52 25
      vertex 8.27998 77.716 25
      vertex 50.38 74.93 25
    endloop
  endfacet
  facet normal 0 0 -1
    outer loop
      vertex 50.38 74.93 25
      vertex 8.27998 77.716 25
      vertex 76.987 77.716 25
    endloop
  endfacet
  facet normal 0 0 -1
    outer loop
      vertex 29.04 31.32 25
      vertex 30.94 31.46 25
      vertex 29.04 26.38 25
    endloop
  endfacet
  facet normal 0 0 -1
    outer loop
      vertex 11.4 31.32 25
      vertex 30.94 31.46 25
      vertex 29.04 31.32 25
    endloop
  endfacet
  facet normal 0 0 -1
    outer loop
      vertex 11.4 31.32 25
      vertex 8.22 31.46 25
      vertex 30.94 31.46 25
    endloop
  endfacet
  facet normal 0 -0 -1
    outer loop
      vertex 8.22 31.46 25
      vertex 11.4 26.38 25
      vertex -0.449997 8.27998 25
    endloop
  endfacet
  facet normal 0 0 -1
    outer loop
      vertex 11.4 26.38 25
      vertex 8.22 31.46 25
      vertex 11.4 31.32 25
    endloop
  endfacet
  facet normal 0 0 -1
    outer loop
      vertex -0.449997 8.27998 25
      vertex 8.27998 -0.449997 25
      vertex 7.42429 -0.407974 25
    endloop
  endfacet
  facet normal 0 0 -1
    outer loop
      vertex 21.1807 17.5921 25
      vertex 29.04 26.38 25
      vertex 21.2 17.2 25
    endloop
  endfacet
  facet normal 0 0 -1
    outer loop
      vertex 21.1231 17.9804 25
      vertex 29.04 26.38 25
      vertex 21.1807 17.5921 25
    endloop
  endfacet
  facet normal 0 0 -1
    outer loop
      vertex 21.0278 18.3611 25
      vertex 29.04 26.38 25
      vertex 21.1231 17.9804 25
    endloop
  endfacet
  facet normal 0 0 -1
    outer loop
      vertex 20.8955 18.7307 25
      vertex 29.04 26.38 25
      vertex 21.0278 18.3611 25
    endloop
  endfacet
  facet normal 0 0 -1
    outer loop
      vertex 20.7277 19.0856 25
      vertex 29.04 26.38 25
      vertex 20.8955 18.7307 25
    endloop
  endfacet
  facet normal 0 0 -1
    outer loop
      vertex 20.5259 19.4223 25
      vertex 29.04 26.38 25
      vertex 20.7277 19.0856 25
    endloop
  endfacet
  facet normal 0 0 -1
    outer loop
      vertex 20.292 19.7376 25
      vertex 29.04 26.38 25
      vertex 20.5259 19.4223 25
    endloop
  endfacet
  facet normal 0 0 -1
    outer loop
      vertex 20.0284 20.0284 25
      vertex 29.04 26.38 25
      vertex 20.292 19.7376 25
    endloop
  endfacet
  facet normal 0 0 -1
    outer loop
      vertex 19.7376 20.292 25
      vertex 29.04 26.38 25
      vertex 20.0284 20.0284 25
    endloop
  endfacet
  facet normal 0 0 -1
    outer loop
      vertex 19.4223 20.5259 25
      vertex 29.04 26.38 25
      vertex 19.7376 20.292 25
    endloop
  endfacet
  facet normal 0 0 -1
    outer loop
      vertex 19.0856 20.7277 25
      vertex 29.04 26.38 25
      vertex 19.4223 20.5259 25
    endloop
  endfacet
  facet normal 0 0 -1
    outer loop
      vertex 18.7307 20.8955 25
      vertex 29.04 26.38 25
      vertex 19.0856 20.7277 25
    endloop
  endfacet
  facet normal 0 0 -1
    outer loop
      vertex 18.3611 21.0278 25
      vertex 29.04 26.38 25
      vertex 18.7307 20.8955 25
    endloop
  endfacet
  facet normal 0 0 -1
    outer loop
      vertex 17.9804 21.1231 25
      vertex 29.04 26.38 25
      vertex 18.3611 21.0278 25
    endloop
  endfacet
  facet normal 0 0 -1
    outer loop
      vertex 11.4 26.38 25
      vertex 17.9804 21.1231 25
      vertex 17.5921 21.1807 25
    endloop
  endfacet
  facet normal 0 0 -1
    outer loop
      vertex 11.4 26.38 25
      vertex 17.5921 21.1807 25
      vertex 17.2 21.2 25
    endloop
  endfacet
  facet normal 0 0 -1
    outer loop
      vertex 11.4 26.38 25
      vertex 17.2 21.2 25
      vertex 16.8079 21.1807 25
    endloop
  endfacet
  facet normal 0 0 -1
    outer loop
      vertex 11.4 26.38 25
      vertex 16.8079 21.1807 25
      vertex 16.4196 21.1231 25
    endloop
  endfacet
  facet normal 0 0 -1
    outer loop
      vertex 11.4 26.38 25
      vertex 16.4196 21.1231 25
      vertex 16.0389 21.0278 25
    endloop
  endfacet
  facet normal 0 0 -1
    outer loop
      vertex 11.4 26.38 25
      vertex 16.0389 21.0278 25
      vertex 15.6693 20.8955 25
    endloop
  endfacet
  facet normal 0 0 -1
    outer loop
      vertex 17.9804 21.1231 25
      vertex 11.4 26.38 25
      vertex 29.04 26.38 25
    endloop
  endfacet
  facet normal 0 0 -1
    outer loop
      vertex 15.3144 20.7277 25
      vertex 11.4 26.38 25
      vertex 15.6693 20.8955 25
    endloop
  endfacet
  facet normal 0 0 -1
    outer loop
      vertex 14.9777 20.5259 25
      vertex 11.4 26.38 25
      vertex 15.3144 20.7277 25
    endloop
  endfacet
  facet normal 0 0 -1
    outer loop
      vertex 14.6624 20.292 25
      vertex 11.4 26.38 25
      vertex 14.9777 20.5259 25
    endloop
  endfacet
  facet normal 0 0 -1
    outer loop
      vertex 14.3716 20.0284 25
      vertex 11.4 26.38 25
      vertex 14.6624 20.292 25
    endloop
  endfacet
  facet normal 0 0 -1
    outer loop
      vertex 14.108 19.7376 25
      vertex 11.4 26.38 25
      vertex 14.3716 20.0284 25
    endloop
  endfacet
  facet normal 0 0 -1
    outer loop
      vertex 13.8741 19.4223 25
      vertex 11.4 26.38 25
      vertex 14.108 19.7376 25
    endloop
  endfacet
  facet normal 0 0 -1
    outer loop
      vertex 13.6723 19.0856 25
      vertex 11.4 26.38 25
      vertex 13.8741 19.4223 25
    endloop
  endfacet
  facet normal 0 0 -1
    outer loop
      vertex 13.5045 18.7307 25
      vertex 11.4 26.38 25
      vertex 13.6723 19.0856 25
    endloop
  endfacet
  facet normal 0 0 -1
    outer loop
      vertex 13.3722 18.3611 25
      vertex 11.4 26.38 25
      vertex 13.5045 18.7307 25
    endloop
  endfacet
  facet normal 0 0 -1
    outer loop
      vertex 13.2769 17.9804 25
      vertex 11.4 26.38 25
      vertex 13.3722 18.3611 25
    endloop
  endfacet
  facet normal 0 0 -1
    outer loop
      vertex 13.2193 17.5921 25
      vertex 11.4 26.38 25
      vertex 13.2769 17.9804 25
    endloop
  endfacet
  facet normal 0 0 -1
    outer loop
      vertex 11.4 26.38 25
      vertex 13.2193 17.5921 25
      vertex 13.2 17.2 25
    endloop
  endfacet
  facet normal -0.595794 0.803137 0
    outer loop
      vertex 14.9777 20.5259 23.5
      vertex 14.6624 20.292 25
      vertex 14.9777 20.5259 25
    endloop
  endfacet
  facet normal -0.595794 0.803137 0
    outer loop
      vertex 14.6624 20.292 25
      vertex 14.9777 20.5259 23.5
      vertex 14.6624 20.292 23.5
    endloop
  endfacet
  facet normal -0.514084 0.85774 0
    outer loop
      vertex 15.3144 20.7277 23.5
      vertex 14.9777 20.5259 25
      vertex 15.3144 20.7277 25
    endloop
  endfacet
  facet normal -0.514084 0.85774 0
    outer loop
      vertex 14.9777 20.5259 25
      vertex 15.3144 20.7277 23.5
      vertex 14.9777 20.5259 23.5
    endloop
  endfacet
  facet normal -0.671607 0.740908 0
    outer loop
      vertex 14.6624 20.292 23.5
      vertex 14.3716 20.0284 25
      vertex 14.6624 20.292 25
    endloop
  endfacet
  facet normal -0.671607 0.740908 0
    outer loop
      vertex 14.3716 20.0284 25
      vertex 14.6624 20.292 23.5
      vertex 14.3716 20.0284 23.5
    endloop
  endfacet
  facet normal -0.337014 0.9415 0
    outer loop
      vertex 16.0389 21.0278 23.5
      vertex 15.6693 20.8955 25
      vertex 16.0389 21.0278 25
    endloop
  endfacet
  facet normal -0.337014 0.9415 0
    outer loop
      vertex 15.6693 20.8955 25
      vertex 16.0389 21.0278 23.5
      vertex 15.6693 20.8955 23.5
    endloop
  endfacet
  facet normal -0.146733 0.989176 0
    outer loop
      vertex 16.8079 21.1807 23.5
      vertex 16.4196 21.1231 25
      vertex 16.8079 21.1807 25
    endloop
  endfacet
  facet normal -0.146733 0.989176 0
    outer loop
      vertex 16.4196 21.1231 25
      vertex 16.8079 21.1807 23.5
      vertex 16.4196 21.1231 23.5
    endloop
  endfacet
  facet normal 0.998791 -0.0491626 0
    outer loop
      vertex 21.1807 16.8079 25
      vertex 21.2 17.2 23.5
      vertex 21.2 17.2 25
    endloop
  endfacet
  facet normal 0.998791 -0.0491626 0
    outer loop
      vertex 21.2 17.2 23.5
      vertex 21.1807 16.8079 25
      vertex 21.1807 16.8079 23.5
    endloop
  endfacet
  facet normal 0.146733 -0.989176 0
    outer loop
      vertex 17.5921 13.2193 23.5
      vertex 17.9804 13.2769 25
      vertex 17.5921 13.2193 25
    endloop
  endfacet
  facet normal 0.146733 -0.989176 0
    outer loop
      vertex 17.9804 13.2769 25
      vertex 17.5921 13.2193 23.5
      vertex 17.9804 13.2769 23.5
    endloop
  endfacet
  facet normal 0.337014 -0.9415 0
    outer loop
      vertex 18.3611 13.3722 23.5
      vertex 18.7307 13.5045 25
      vertex 18.3611 13.3722 25
    endloop
  endfacet
  facet normal 0.337014 -0.9415 0
    outer loop
      vertex 18.7307 13.5045 25
      vertex 18.3611 13.3722 23.5
      vertex 18.7307 13.5045 23.5
    endloop
  endfacet
  facet normal 0.671607 -0.740908 0
    outer loop
      vertex 19.7376 14.108 23.5
      vertex 20.0284 14.3716 25
      vertex 19.7376 14.108 25
    endloop
  endfacet
  facet normal 0.671607 -0.740908 0
    outer loop
      vertex 20.0284 14.3716 25
      vertex 19.7376 14.108 23.5
      vertex 20.0284 14.3716 23.5
    endloop
  endfacet
  facet normal 0.514084 -0.85774 0
    outer loop
      vertex 19.0856 13.6723 23.5
      vertex 19.4223 13.8741 25
      vertex 19.0856 13.6723 25
    endloop
  endfacet
  facet normal 0.514084 -0.85774 0
    outer loop
      vertex 19.4223 13.8741 25
      vertex 19.0856 13.6723 23.5
      vertex 19.4223 13.8741 23.5
    endloop
  endfacet
  facet normal 0.803137 -0.595794 0
    outer loop
      vertex 20.292 14.6624 25
      vertex 20.5259 14.9777 23.5
      vertex 20.5259 14.9777 25
    endloop
  endfacet
  facet normal 0.803137 -0.595794 0
    outer loop
      vertex 20.5259 14.9777 23.5
      vertex 20.292 14.6624 25
      vertex 20.292 14.6624 23.5
    endloop
  endfacet
  facet normal 0.904044 -0.42744 0
    outer loop
      vertex 20.7277 15.3144 25
      vertex 20.8955 15.6693 23.5
      vertex 20.8955 15.6693 25
    endloop
  endfacet
  facet normal 0.904044 -0.42744 0
    outer loop
      vertex 20.8955 15.6693 23.5
      vertex 20.7277 15.3144 25
      vertex 20.7277 15.3144 23.5
    endloop
  endfacet
  facet normal -0.595794 -0.803137 0
    outer loop
      vertex 14.6624 14.108 23.5
      vertex 14.9777 13.8741 25
      vertex 14.6624 14.108 25
    endloop
  endfacet
  facet normal -0.595794 -0.803137 -0
    outer loop
      vertex 14.9777 13.8741 25
      vertex 14.6624 14.108 23.5
      vertex 14.9777 13.8741 23.5
    endloop
  endfacet
  facet normal -0.42744 -0.904044 0
    outer loop
      vertex 15.3144 13.6723 23.5
      vertex 15.6693 13.5045 25
      vertex 15.3144 13.6723 25
    endloop
  endfacet
  facet normal -0.42744 -0.904044 -0
    outer loop
      vertex 15.6693 13.5045 25
      vertex 15.3144 13.6723 23.5
      vertex 15.6693 13.5045 23.5
    endloop
  endfacet
  facet normal -0.242835 -0.970068 0
    outer loop
      vertex 16.0389 13.3722 23.5
      vertex 16.4196 13.2769 25
      vertex 16.0389 13.3722 25
    endloop
  endfacet
  facet normal -0.242835 -0.970068 -0
    outer loop
      vertex 16.4196 13.2769 25
      vertex 16.0389 13.3722 23.5
      vertex 16.4196 13.2769 23.5
    endloop
  endfacet
  facet normal -0.0491626 -0.998791 0
    outer loop
      vertex 16.8079 13.2193 23.5
      vertex 17.2 13.2 25
      vertex 16.8079 13.2193 25
    endloop
  endfacet
  facet normal -0.0491626 -0.998791 -0
    outer loop
      vertex 17.2 13.2 25
      vertex 16.8079 13.2193 23.5
      vertex 17.2 13.2 23.5
    endloop
  endfacet
  facet normal -0.85774 -0.514084 0
    outer loop
      vertex 13.8741 14.9777 23.5
      vertex 13.6723 15.3144 25
      vertex 13.6723 15.3144 23.5
    endloop
  endfacet
  facet normal -0.85774 -0.514084 0
    outer loop
      vertex 13.6723 15.3144 25
      vertex 13.8741 14.9777 23.5
      vertex 13.8741 14.9777 25
    endloop
  endfacet
  facet normal -0.740908 -0.671607 0
    outer loop
      vertex 14.3716 14.3716 23.5
      vertex 14.108 14.6624 25
      vertex 14.108 14.6624 23.5
    endloop
  endfacet
  facet normal -0.740908 -0.671607 0
    outer loop
      vertex 14.108 14.6624 25
      vertex 14.3716 14.3716 23.5
      vertex 14.3716 14.3716 25
    endloop
  endfacet
  facet normal -0.9415 -0.337014 0
    outer loop
      vertex 13.5045 15.6693 23.5
      vertex 13.3722 16.0389 25
      vertex 13.3722 16.0389 23.5
    endloop
  endfacet
  facet normal -0.9415 -0.337014 0
    outer loop
      vertex 13.3722 16.0389 25
      vertex 13.5045 15.6693 23.5
      vertex 13.5045 15.6693 25
    endloop
  endfacet
  facet normal -0.989176 -0.146733 0
    outer loop
      vertex 13.2769 16.4196 23.5
      vertex 13.2193 16.8079 25
      vertex 13.2193 16.8079 23.5
    endloop
  endfacet
  facet normal -0.989176 -0.146733 0
    outer loop
      vertex 13.2193 16.8079 25
      vertex 13.2769 16.4196 23.5
      vertex 13.2769 16.4196 25
    endloop
  endfacet
  facet normal -0.998791 -0.0491626 0
    outer loop
      vertex 13.2193 16.8079 23.5
      vertex 13.2 17.2 25
      vertex 13.2 17.2 23.5
    endloop
  endfacet
  facet normal -0.998791 -0.0491626 0
    outer loop
      vertex 13.2 17.2 25
      vertex 13.2193 16.8079 23.5
      vertex 13.2193 16.8079 25
    endloop
  endfacet
  facet normal 0.242835 -0.970068 0
    outer loop
      vertex 17.9804 13.2769 23.5
      vertex 18.3611 13.3722 25
      vertex 17.9804 13.2769 25
    endloop
  endfacet
  facet normal 0.242835 -0.970068 0
    outer loop
      vertex 18.3611 13.3722 25
      vertex 17.9804 13.2769 23.5
      vertex 18.3611 13.3722 23.5
    endloop
  endfacet
  facet normal 0.42744 -0.904044 0
    outer loop
      vertex 18.7307 13.5045 23.5
      vertex 19.0856 13.6723 25
      vertex 18.7307 13.5045 25
    endloop
  endfacet
  facet normal 0.42744 -0.904044 0
    outer loop
      vertex 19.0856 13.6723 25
      vertex 18.7307 13.5045 23.5
      vertex 19.0856 13.6723 23.5
    endloop
  endfacet
  facet normal 0.740908 -0.671607 0
    outer loop
      vertex 20.0284 14.3716 25
      vertex 20.292 14.6624 23.5
      vertex 20.292 14.6624 25
    endloop
  endfacet
  facet normal 0.740908 -0.671607 0
    outer loop
      vertex 20.292 14.6624 23.5
      vertex 20.0284 14.3716 25
      vertex 20.0284 14.3716 23.5
    endloop
  endfacet
  facet normal 0.595794 -0.803137 0
    outer loop
      vertex 19.4223 13.8741 23.5
      vertex 19.7376 14.108 25
      vertex 19.4223 13.8741 25
    endloop
  endfacet
  facet normal 0.595794 -0.803137 0
    outer loop
      vertex 19.7376 14.108 25
      vertex 19.4223 13.8741 23.5
      vertex 19.7376 14.108 23.5
    endloop
  endfacet
  facet normal 0.85774 -0.514084 0
    outer loop
      vertex 20.5259 14.9777 25
      vertex 20.7277 15.3144 23.5
      vertex 20.7277 15.3144 25
    endloop
  endfacet
  facet normal 0.85774 -0.514084 0
    outer loop
      vertex 20.7277 15.3144 23.5
      vertex 20.5259 14.9777 25
      vertex 20.5259 14.9777 23.5
    endloop
  endfacet
  facet normal 0.9415 -0.337014 0
    outer loop
      vertex 20.8955 15.6693 25
      vertex 21.0278 16.0389 23.5
      vertex 21.0278 16.0389 25
    endloop
  endfacet
  facet normal 0.9415 -0.337014 0
    outer loop
      vertex 21.0278 16.0389 23.5
      vertex 20.8955 15.6693 25
      vertex 20.8955 15.6693 23.5
    endloop
  endfacet
  facet normal 0.989176 -0.146733 0
    outer loop
      vertex 21.1231 16.4196 25
      vertex 21.1807 16.8079 23.5
      vertex 21.1807 16.8079 25
    endloop
  endfacet
  facet normal 0.989176 -0.146733 0
    outer loop
      vertex 21.1807 16.8079 23.5
      vertex 21.1231 16.4196 25
      vertex 21.1231 16.4196 23.5
    endloop
  endfacet
  facet normal 0.970068 -0.242835 0
    outer loop
      vertex 21.0278 16.0389 25
      vertex 21.1231 16.4196 23.5
      vertex 21.1231 16.4196 25
    endloop
  endfacet
  facet normal 0.970068 -0.242835 0
    outer loop
      vertex 21.1231 16.4196 23.5
      vertex 21.0278 16.0389 25
      vertex 21.0278 16.0389 23.5
    endloop
  endfacet
  facet normal -0.514084 -0.85774 0
    outer loop
      vertex 14.9777 13.8741 23.5
      vertex 15.3144 13.6723 25
      vertex 14.9777 13.8741 25
    endloop
  endfacet
  facet normal -0.514084 -0.85774 -0
    outer loop
      vertex 15.3144 13.6723 25
      vertex 14.9777 13.8741 23.5
      vertex 15.3144 13.6723 23.5
    endloop
  endfacet
  facet normal -0.337014 -0.9415 0
    outer loop
      vertex 15.6693 13.5045 23.5
      vertex 16.0389 13.3722 25
      vertex 15.6693 13.5045 25
    endloop
  endfacet
  facet normal -0.337014 -0.9415 -0
    outer loop
      vertex 16.0389 13.3722 25
      vertex 15.6693 13.5045 23.5
      vertex 16.0389 13.3722 23.5
    endloop
  endfacet
  facet normal -0.146733 -0.989176 0
    outer loop
      vertex 16.4196 13.2769 23.5
      vertex 16.8079 13.2193 25
      vertex 16.4196 13.2769 25
    endloop
  endfacet
  facet normal -0.146733 -0.989176 -0
    outer loop
      vertex 16.8079 13.2193 25
      vertex 16.4196 13.2769 23.5
      vertex 16.8079 13.2193 23.5
    endloop
  endfacet
  facet normal 0.0491626 -0.998791 0
    outer loop
      vertex 17.2 13.2 23.5
      vertex 17.5921 13.2193 25
      vertex 17.2 13.2 25
    endloop
  endfacet
  facet normal 0.0491626 -0.998791 0
    outer loop
      vertex 17.5921 13.2193 25
      vertex 17.2 13.2 23.5
      vertex 17.5921 13.2193 23.5
    endloop
  endfacet
  facet normal -0.803137 -0.595794 0
    outer loop
      vertex 14.108 14.6624 23.5
      vertex 13.8741 14.9777 25
      vertex 13.8741 14.9777 23.5
    endloop
  endfacet
  facet normal -0.803137 -0.595794 0
    outer loop
      vertex 13.8741 14.9777 25
      vertex 14.108 14.6624 23.5
      vertex 14.108 14.6624 25
    endloop
  endfacet
  facet normal -0.671607 -0.740908 0
    outer loop
      vertex 14.3716 14.3716 23.5
      vertex 14.6624 14.108 25
      vertex 14.3716 14.3716 25
    endloop
  endfacet
  facet normal -0.671607 -0.740908 -0
    outer loop
      vertex 14.6624 14.108 25
      vertex 14.3716 14.3716 23.5
      vertex 14.6624 14.108 23.5
    endloop
  endfacet
  facet normal -0.904044 -0.42744 0
    outer loop
      vertex 13.6723 15.3144 23.5
      vertex 13.5045 15.6693 25
      vertex 13.5045 15.6693 23.5
    endloop
  endfacet
  facet normal -0.904044 -0.42744 0
    outer loop
      vertex 13.5045 15.6693 25
      vertex 13.6723 15.3144 23.5
      vertex 13.6723 15.3144 25
    endloop
  endfacet
  facet normal -0.970068 -0.242835 0
    outer loop
      vertex 13.3722 16.0389 23.5
      vertex 13.2769 16.4196 25
      vertex 13.2769 16.4196 23.5
    endloop
  endfacet
  facet normal -0.970068 -0.242835 0
    outer loop
      vertex 13.2769 16.4196 25
      vertex 13.3722 16.0389 23.5
      vertex 13.3722 16.0389 25
    endloop
  endfacet
  facet normal 0.595794 0.803137 -0
    outer loop
      vertex 70.6046 20.292 23.5
      vertex 70.2893 20.5259 25
      vertex 70.6046 20.292 25
    endloop
  endfacet
  facet normal 0.595794 0.803137 0
    outer loop
      vertex 70.2893 20.5259 25
      vertex 70.6046 20.292 23.5
      vertex 70.2893 20.5259 23.5
    endloop
  endfacet
  facet normal 0.998791 -0.0491626 0
    outer loop
      vertex 72.0477 16.8079 25
      vertex 72.067 17.2 23.5
      vertex 72.067 17.2 25
    endloop
  endfacet
  facet normal 0.998791 -0.0491626 0
    outer loop
      vertex 72.067 17.2 23.5
      vertex 72.0477 16.8079 25
      vertex 72.0477 16.8079 23.5
    endloop
  endfacet
  facet normal -0.42744 0.904044 0
    outer loop
      vertex 66.5363 20.8955 23.5
      vertex 66.1814 20.7277 25
      vertex 66.5363 20.8955 25
    endloop
  endfacet
  facet normal -0.42744 0.904044 0
    outer loop
      vertex 66.1814 20.7277 25
      vertex 66.5363 20.8955 23.5
      vertex 66.1814 20.7277 23.5
    endloop
  endfacet
  facet normal -0.9415 0.337014 0
    outer loop
      vertex 64.2392 18.3611 23.5
      vertex 64.3715 18.7307 25
      vertex 64.3715 18.7307 23.5
    endloop
  endfacet
  facet normal -0.9415 0.337014 0
    outer loop
      vertex 64.3715 18.7307 25
      vertex 64.2392 18.3611 23.5
      vertex 64.2392 18.3611 25
    endloop
  endfacet
  facet normal 0.904044 0.42744 0
    outer loop
      vertex 71.7625 18.7307 25
      vertex 71.5947 19.0856 23.5
      vertex 71.5947 19.0856 25
    endloop
  endfacet
  facet normal 0.904044 0.42744 0
    outer loop
      vertex 71.5947 19.0856 23.5
      vertex 71.7625 18.7307 25
      vertex 71.7625 18.7307 23.5
    endloop
  endfacet
  facet normal 0.85774 0.514084 0
    outer loop
      vertex 71.5947 19.0856 25
      vertex 71.3929 19.4223 23.5
      vertex 71.3929 19.4223 25
    endloop
  endfacet
  facet normal 0.85774 0.514084 0
    outer loop
      vertex 71.3929 19.4223 23.5
      vertex 71.5947 19.0856 25
      vertex 71.5947 19.0856 23.5
    endloop
  endfacet
  facet normal 0.337014 0.9415 -0
    outer loop
      vertex 69.5977 20.8955 23.5
      vertex 69.2281 21.0278 25
      vertex 69.5977 20.8955 25
    endloop
  endfacet
  facet normal 0.337014 0.9415 0
    outer loop
      vertex 69.2281 21.0278 25
      vertex 69.5977 20.8955 23.5
      vertex 69.2281 21.0278 23.5
    endloop
  endfacet
  facet normal 0.0491626 0.998791 -0
    outer loop
      vertex 68.4591 21.1807 23.5
      vertex 68.067 21.2 25
      vertex 68.4591 21.1807 25
    endloop
  endfacet
  facet normal 0.0491626 0.998791 0
    outer loop
      vertex 68.067 21.2 25
      vertex 68.4591 21.1807 23.5
      vertex 68.067 21.2 23.5
    endloop
  endfacet
  facet normal 0 0 -1
    outer loop
      vertex 72.0477 16.8079 23.5
      vertex 72.0477 17.5921 23.5
      vertex 72.067 17.2 23.5
    endloop
  endfacet
  facet normal 0 0 -1
    outer loop
      vertex 71.9901 16.4196 23.5
      vertex 72.0477 17.5921 23.5
      vertex 72.0477 16.8079 23.5
    endloop
  endfacet
  facet normal 0 0 -1
    outer loop
      vertex 71.9901 16.4196 23.5
      vertex 71.9901 17.9804 23.5
      vertex 72.0477 17.5921 23.5
    endloop
  endfacet
  facet normal 0 0 -1
    outer loop
      vertex 71.8948 16.0389 23.5
      vertex 71.9901 17.9804 23.5
      vertex 71.9901 16.4196 23.5
    endloop
  endfacet
  facet normal 0 0 -1
    outer loop
      vertex 71.8948 16.0389 23.5
      vertex 71.8948 18.3611 23.5
      vertex 71.9901 17.9804 23.5
    endloop
  endfacet
  facet normal 0 0 -1
    outer loop
      vertex 71.7625 15.6693 23.5
      vertex 71.8948 18.3611 23.5
      vertex 71.8948 16.0389 23.5
    endloop
  endfacet
  facet normal 0 0 -1
    outer loop
      vertex 71.7625 15.6693 23.5
      vertex 71.7625 18.7307 23.5
      vertex 71.8948 18.3611 23.5
    endloop
  endfacet
  facet normal 0 0 -1
    outer loop
      vertex 71.5947 15.3144 23.5
      vertex 71.7625 18.7307 23.5
      vertex 71.7625 15.6693 23.5
    endloop
  endfacet
  facet normal 0 0 -1
    outer loop
      vertex 71.5947 15.3144 23.5
      vertex 71.5947 19.0856 23.5
      vertex 71.7625 18.7307 23.5
    endloop
  endfacet
  facet normal 0 0 -1
    outer loop
      vertex 71.3929 14.9777 23.5
      vertex 71.5947 19.0856 23.5
      vertex 71.5947 15.3144 23.5
    endloop
  endfacet
  facet normal 0 0 -1
    outer loop
      vertex 71.3929 14.9777 23.5
      vertex 71.3929 19.4223 23.5
      vertex 71.5947 19.0856 23.5
    endloop
  endfacet
  facet normal 0 0 -1
    outer loop
      vertex 71.159 14.6624 23.5
      vertex 71.3929 19.4223 23.5
      vertex 71.3929 14.9777 23.5
    endloop
  endfacet
  facet normal 0 0 -1
    outer loop
      vertex 71.159 14.6624 23.5
      vertex 71.159 19.7376 23.5
      vertex 71.3929 19.4223 23.5
    endloop
  endfacet
  facet normal 0 0 -1
    outer loop
      vertex 70.8954 14.3716 23.5
      vertex 71.159 19.7376 23.5
      vertex 71.159 14.6624 23.5
    endloop
  endfacet
  facet normal 0 0 -1
    outer loop
      vertex 70.8954 14.3716 23.5
      vertex 70.8954 20.0284 23.5
      vertex 71.159 19.7376 23.5
    endloop
  endfacet
  facet normal 0 0 -1
    outer loop
      vertex 70.6046 14.108 23.5
      vertex 70.8954 20.0284 23.5
      vertex 70.8954 14.3716 23.5
    endloop
  endfacet
  facet normal 0 0 -1
    outer loop
      vertex 70.6046 14.108 23.5
      vertex 70.6046 20.292 23.5
      vertex 70.8954 20.0284 23.5
    endloop
  endfacet
  facet normal 0 0 -1
    outer loop
      vertex 70.2893 13.8741 23.5
      vertex 70.6046 20.292 23.5
      vertex 70.6046 14.108 23.5
    endloop
  endfacet
  facet normal 0 0 -1
    outer loop
      vertex 70.2893 13.8741 23.5
      vertex 70.2893 20.5259 23.5
      vertex 70.6046 20.292 23.5
    endloop
  endfacet
  facet normal 0 0 -1
    outer loop
      vertex 69.9526 13.6723 23.5
      vertex 70.2893 20.5259 23.5
      vertex 70.2893 13.8741 23.5
    endloop
  endfacet
  facet normal 0 0 -1
    outer loop
      vertex 69.9526 13.6723 23.5
      vertex 69.9526 20.7277 23.5
      vertex 70.2893 20.5259 23.5
    endloop
  endfacet
  facet normal 0 0 -1
    outer loop
      vertex 69.5977 13.5045 23.5
      vertex 69.9526 20.7277 23.5
      vertex 69.9526 13.6723 23.5
    endloop
  endfacet
  facet normal 0 0 -1
    outer loop
      vertex 69.5977 13.5045 23.5
      vertex 69.5977 20.8955 23.5
      vertex 69.9526 20.7277 23.5
    endloop
  endfacet
  facet normal 0 0 -1
    outer loop
      vertex 69.2281 13.3722 23.5
      vertex 69.5977 20.8955 23.5
      vertex 69.5977 13.5045 23.5
    endloop
  endfacet
  facet normal 0 0 -1
    outer loop
      vertex 69.2281 13.3722 23.5
      vertex 69.2281 21.0278 23.5
      vertex 69.5977 20.8955 23.5
    endloop
  endfacet
  facet normal 0 0 -1
    outer loop
      vertex 68.8474 13.2769 23.5
      vertex 69.2281 21.0278 23.5
      vertex 69.2281 13.3722 23.5
    endloop
  endfacet
  facet normal 0 0 -1
    outer loop
      vertex 68.8474 13.2769 23.5
      vertex 68.8474 21.1231 23.5
      vertex 69.2281 21.0278 23.5
    endloop
  endfacet
  facet normal 0 0 -1
    outer loop
      vertex 68.4591 13.2193 23.5
      vertex 68.8474 21.1231 23.5
      vertex 68.8474 13.2769 23.5
    endloop
  endfacet
  facet normal 0 0 -1
    outer loop
      vertex 68.4591 13.2193 23.5
      vertex 68.4591 21.1807 23.5
      vertex 68.8474 21.1231 23.5
    endloop
  endfacet
  facet normal 0 0 -1
    outer loop
      vertex 68.067 13.2 23.5
      vertex 68.4591 21.1807 23.5
      vertex 68.4591 13.2193 23.5
    endloop
  endfacet
  facet normal 0 0 -1
    outer loop
      vertex 68.067 13.2 23.5
      vertex 68.067 21.2 23.5
      vertex 68.4591 21.1807 23.5
    endloop
  endfacet
  facet normal 0 0 -1
    outer loop
      vertex 67.6749 13.2193 23.5
      vertex 68.067 21.2 23.5
      vertex 68.067 13.2 23.5
    endloop
  endfacet
  facet normal 0 0 -1
    outer loop
      vertex 67.6749 13.2193 23.5
      vertex 67.6749 21.1807 23.5
      vertex 68.067 21.2 23.5
    endloop
  endfacet
  facet normal 0 0 -1
    outer loop
      vertex 67.2866 13.2769 23.5
      vertex 67.6749 21.1807 23.5
      vertex 67.6749 13.2193 23.5
    endloop
  endfacet
  facet normal 0 0 -1
    outer loop
      vertex 67.2866 13.2769 23.5
      vertex 67.2866 21.1231 23.5
      vertex 67.6749 21.1807 23.5
    endloop
  endfacet
  facet normal 0 0 -1
    outer loop
      vertex 66.9059 13.3722 23.5
      vertex 67.2866 21.1231 23.5
      vertex 67.2866 13.2769 23.5
    endloop
  endfacet
  facet normal 0 0 -1
    outer loop
      vertex 66.9059 13.3722 23.5
      vertex 66.9059 21.0278 23.5
      vertex 67.2866 21.1231 23.5
    endloop
  endfacet
  facet normal 0 0 -1
    outer loop
      vertex 66.5363 13.5045 23.5
      vertex 66.9059 21.0278 23.5
      vertex 66.9059 13.3722 23.5
    endloop
  endfacet
  facet normal 0 0 -1
    outer loop
      vertex 66.5363 13.5045 23.5
      vertex 66.5363 20.8955 23.5
      vertex 66.9059 21.0278 23.5
    endloop
  endfacet
  facet normal 0 0 -1
    outer loop
      vertex 66.1814 13.6723 23.5
      vertex 66.5363 20.8955 23.5
      vertex 66.5363 13.5045 23.5
    endloop
  endfacet
  facet normal 0 0 -1
    outer loop
      vertex 66.1814 13.6723 23.5
      vertex 66.1814 20.7277 23.5
      vertex 66.5363 20.8955 23.5
    endloop
  endfacet
  facet normal 0 0 -1
    outer loop
      vertex 65.8447 13.8741 23.5
      vertex 66.1814 20.7277 23.5
      vertex 66.1814 13.6723 23.5
    endloop
  endfacet
  facet normal 0 0 -1
    outer loop
      vertex 65.8447 13.8741 23.5
      vertex 65.8447 20.5259 23.5
      vertex 66.1814 20.7277 23.5
    endloop
  endfacet
  facet normal 0 0 -1
    outer loop
      vertex 65.5294 14.108 23.5
      vertex 65.8447 20.5259 23.5
      vertex 65.8447 13.8741 23.5
    endloop
  endfacet
  facet normal 0 0 -1
    outer loop
      vertex 65.5294 14.108 23.5
      vertex 65.5294 20.292 23.5
      vertex 65.8447 20.5259 23.5
    endloop
  endfacet
  facet normal 0 0 -1
    outer loop
      vertex 65.2386 14.3716 23.5
      vertex 65.5294 20.292 23.5
      vertex 65.5294 14.108 23.5
    endloop
  endfacet
  facet normal 0 0 -1
    outer loop
      vertex 65.2386 14.3716 23.5
      vertex 65.2386 20.0284 23.5
      vertex 65.5294 20.292 23.5
    endloop
  endfacet
  facet normal 0 0 -1
    outer loop
      vertex 64.975 14.6624 23.5
      vertex 65.2386 20.0284 23.5
      vertex 65.2386 14.3716 23.5
    endloop
  endfacet
  facet normal 0 0 -1
    outer loop
      vertex 64.975 14.6624 23.5
      vertex 64.975 19.7376 23.5
      vertex 65.2386 20.0284 23.5
    endloop
  endfacet
  facet normal 0 0 -1
    outer loop
      vertex 64.7411 14.9777 23.5
      vertex 64.975 19.7376 23.5
      vertex 64.975 14.6624 23.5
    endloop
  endfacet
  facet normal 0 0 -1
    outer loop
      vertex 64.7411 14.9777 23.5
      vertex 64.7411 19.4223 23.5
      vertex 64.975 19.7376 23.5
    endloop
  endfacet
  facet normal 0 0 -1
    outer loop
      vertex 64.5393 15.3144 23.5
      vertex 64.7411 19.4223 23.5
      vertex 64.7411 14.9777 23.5
    endloop
  endfacet
  facet normal 0 0 -1
    outer loop
      vertex 64.5393 15.3144 23.5
      vertex 64.5393 19.0856 23.5
      vertex 64.7411 19.4223 23.5
    endloop
  endfacet
  facet normal 0 0 -1
    outer loop
      vertex 64.3715 15.6693 23.5
      vertex 64.5393 19.0856 23.5
      vertex 64.5393 15.3144 23.5
    endloop
  endfacet
  facet normal 0 0 -1
    outer loop
      vertex 64.3715 15.6693 23.5
      vertex 64.3715 18.7307 23.5
      vertex 64.5393 19.0856 23.5
    endloop
  endfacet
  facet normal 0 0 -1
    outer loop
      vertex 64.2392 16.0389 23.5
      vertex 64.3715 18.7307 23.5
      vertex 64.3715 15.6693 23.5
    endloop
  endfacet
  facet normal 0 0 -1
    outer loop
      vertex 64.2392 16.0389 23.5
      vertex 64.2392 18.3611 23.5
      vertex 64.3715 18.7307 23.5
    endloop
  endfacet
  facet normal 0 0 -1
    outer loop
      vertex 64.1439 16.4196 23.5
      vertex 64.2392 18.3611 23.5
      vertex 64.2392 16.0389 23.5
    endloop
  endfacet
  facet normal 0 0 -1
    outer loop
      vertex 64.1439 16.4196 23.5
      vertex 64.1439 17.9804 23.5
      vertex 64.2392 18.3611 23.5
    endloop
  endfacet
  facet normal 0 0 -1
    outer loop
      vertex 64.0863 16.8079 23.5
      vertex 64.1439 17.9804 23.5
      vertex 64.1439 16.4196 23.5
    endloop
  endfacet
  facet normal 0 0 -1
    outer loop
      vertex 64.0863 16.8079 23.5
      vertex 64.0863 17.5921 23.5
      vertex 64.1439 17.9804 23.5
    endloop
  endfacet
  facet normal 0 -0 -1
    outer loop
      vertex 64.0863 17.5921 23.5
      vertex 64.0863 16.8079 23.5
      vertex 64.067 17.2 23.5
    endloop
  endfacet
  facet normal -0.998791 0.0491626 0
    outer loop
      vertex 64.067 17.2 23.5
      vertex 64.0863 17.5921 25
      vertex 64.0863 17.5921 23.5
    endloop
  endfacet
  facet normal -0.998791 0.0491626 0
    outer loop
      vertex 64.0863 17.5921 25
      vertex 64.067 17.2 23.5
      vertex 64.067 17.2 25
    endloop
  endfacet
  facet normal -0.803137 0.595794 0
    outer loop
      vertex 64.7411 19.4223 23.5
      vertex 64.975 19.7376 25
      vertex 64.975 19.7376 23.5
    endloop
  endfacet
  facet normal -0.803137 0.595794 0
    outer loop
      vertex 64.975 19.7376 25
      vertex 64.7411 19.4223 23.5
      vertex 64.7411 19.4223 25
    endloop
  endfacet
  facet normal -0.242835 0.970068 0
    outer loop
      vertex 67.2866 21.1231 23.5
      vertex 66.9059 21.0278 25
      vertex 67.2866 21.1231 25
    endloop
  endfacet
  facet normal -0.242835 0.970068 0
    outer loop
      vertex 66.9059 21.0278 25
      vertex 67.2866 21.1231 23.5
      vertex 66.9059 21.0278 23.5
    endloop
  endfacet
  facet normal 0.9415 -0.337014 0
    outer loop
      vertex 71.7625 15.6693 25
      vertex 71.8948 16.0389 23.5
      vertex 71.8948 16.0389 25
    endloop
  endfacet
  facet normal 0.9415 -0.337014 0
    outer loop
      vertex 71.8948 16.0389 23.5
      vertex 71.7625 15.6693 25
      vertex 71.7625 15.6693 23.5
    endloop
  endfacet
  facet normal -0.0491626 -0.998791 0
    outer loop
      vertex 67.6749 13.2193 23.5
      vertex 68.067 13.2 25
      vertex 67.6749 13.2193 25
    endloop
  endfacet
  facet normal -0.0491626 -0.998791 -0
    outer loop
      vertex 68.067 13.2 25
      vertex 67.6749 13.2193 23.5
      vertex 68.067 13.2 23.5
    endloop
  endfacet
  facet normal -0.595794 -0.803137 0
    outer loop
      vertex 65.5294 14.108 23.5
      vertex 65.8447 13.8741 25
      vertex 65.5294 14.108 25
    endloop
  endfacet
  facet normal -0.595794 -0.803137 -0
    outer loop
      vertex 65.8447 13.8741 25
      vertex 65.5294 14.108 23.5
      vertex 65.8447 13.8741 23.5
    endloop
  endfacet
  facet normal -0.970068 -0.242835 0
    outer loop
      vertex 64.2392 16.0389 23.5
      vertex 64.1439 16.4196 25
      vertex 64.1439 16.4196 23.5
    endloop
  endfacet
  facet normal -0.970068 -0.242835 0
    outer loop
      vertex 64.1439 16.4196 25
      vertex 64.2392 16.0389 23.5
      vertex 64.2392 16.0389 25
    endloop
  endfacet
  facet normal 0.970068 0.242835 0
    outer loop
      vertex 71.9901 17.9804 25
      vertex 71.8948 18.3611 23.5
      vertex 71.8948 18.3611 25
    endloop
  endfacet
  facet normal 0.970068 0.242835 0
    outer loop
      vertex 71.8948 18.3611 23.5
      vertex 71.9901 17.9804 25
      vertex 71.9901 17.9804 23.5
    endloop
  endfacet
  facet normal 0.9415 0.337014 0
    outer loop
      vertex 71.8948 18.3611 25
      vertex 71.7625 18.7307 23.5
      vertex 71.7625 18.7307 25
    endloop
  endfacet
  facet normal 0.9415 0.337014 0
    outer loop
      vertex 71.7625 18.7307 23.5
      vertex 71.8948 18.3611 25
      vertex 71.8948 18.3611 23.5
    endloop
  endfacet
  facet normal 0.740908 0.671607 0
    outer loop
      vertex 71.159 19.7376 25
      vertex 70.8954 20.0284 23.5
      vertex 70.8954 20.0284 25
    endloop
  endfacet
  facet normal 0.740908 0.671607 0
    outer loop
      vertex 70.8954 20.0284 23.5
      vertex 71.159 19.7376 25
      vertex 71.159 19.7376 23.5
    endloop
  endfacet
  facet normal 0.803137 0.595794 0
    outer loop
      vertex 71.3929 19.4223 25
      vertex 71.159 19.7376 23.5
      vertex 71.159 19.7376 25
    endloop
  endfacet
  facet normal 0.803137 0.595794 0
    outer loop
      vertex 71.159 19.7376 23.5
      vertex 71.3929 19.4223 25
      vertex 71.3929 19.4223 23.5
    endloop
  endfacet
  facet normal 0.671607 0.740908 -0
    outer loop
      vertex 70.8954 20.0284 23.5
      vertex 70.6046 20.292 25
      vertex 70.8954 20.0284 25
    endloop
  endfacet
  facet normal 0.671607 0.740908 0
    outer loop
      vertex 70.6046 20.292 25
      vertex 70.8954 20.0284 23.5
      vertex 70.6046 20.292 23.5
    endloop
  endfacet
  facet normal 0.514084 0.85774 -0
    outer loop
      vertex 70.2893 20.5259 23.5
      vertex 69.9526 20.7277 25
      vertex 70.2893 20.5259 25
    endloop
  endfacet
  facet normal 0.514084 0.85774 0
    outer loop
      vertex 69.9526 20.7277 25
      vertex 70.2893 20.5259 23.5
      vertex 69.9526 20.7277 23.5
    endloop
  endfacet
  facet normal -0.0491626 0.998791 0
    outer loop
      vertex 68.067 21.2 23.5
      vertex 67.6749 21.1807 25
      vertex 68.067 21.2 25
    endloop
  endfacet
  facet normal -0.0491626 0.998791 0
    outer loop
      vertex 67.6749 21.1807 25
      vertex 68.067 21.2 23.5
      vertex 67.6749 21.1807 23.5
    endloop
  endfacet
  facet normal 0.42744 0.904044 -0
    outer loop
      vertex 69.9526 20.7277 23.5
      vertex 69.5977 20.8955 25
      vertex 69.9526 20.7277 25
    endloop
  endfacet
  facet normal 0.42744 0.904044 0
    outer loop
      vertex 69.5977 20.8955 25
      vertex 69.9526 20.7277 23.5
      vertex 69.5977 20.8955 23.5
    endloop
  endfacet
  facet normal 0.242835 0.970068 -0
    outer loop
      vertex 69.2281 21.0278 23.5
      vertex 68.8474 21.1231 25
      vertex 69.2281 21.0278 25
    endloop
  endfacet
  facet normal 0.242835 0.970068 0
    outer loop
      vertex 68.8474 21.1231 25
      vertex 69.2281 21.0278 23.5
      vertex 68.8474 21.1231 23.5
    endloop
  endfacet
  facet normal 0.146733 0.989176 -0
    outer loop
      vertex 68.8474 21.1231 23.5
      vertex 68.4591 21.1807 25
      vertex 68.8474 21.1231 25
    endloop
  endfacet
  facet normal 0.146733 0.989176 0
    outer loop
      vertex 68.4591 21.1807 25
      vertex 68.8474 21.1231 23.5
      vertex 68.4591 21.1807 23.5
    endloop
  endfacet
  facet normal -0.998791 -0.0491626 0
    outer loop
      vertex 64.0863 16.8079 23.5
      vertex 64.067 17.2 25
      vertex 64.067 17.2 23.5
    endloop
  endfacet
  facet normal -0.998791 -0.0491626 0
    outer loop
      vertex 64.067 17.2 25
      vertex 64.0863 16.8079 23.5
      vertex 64.0863 16.8079 25
    endloop
  endfacet
  facet normal -0.970068 0.242835 0
    outer loop
      vertex 64.1439 17.9804 23.5
      vertex 64.2392 18.3611 25
      vertex 64.2392 18.3611 23.5
    endloop
  endfacet
  facet normal -0.970068 0.242835 0
    outer loop
      vertex 64.2392 18.3611 25
      vertex 64.1439 17.9804 23.5
      vertex 64.1439 17.9804 25
    endloop
  endfacet
  facet normal -0.989176 0.146733 0
    outer loop
      vertex 64.0863 17.5921 23.5
      vertex 64.1439 17.9804 25
      vertex 64.1439 17.9804 23.5
    endloop
  endfacet
  facet normal -0.989176 0.146733 0
    outer loop
      vertex 64.1439 17.9804 25
      vertex 64.0863 17.5921 23.5
      vertex 64.0863 17.5921 25
    endloop
  endfacet
  facet normal -0.904044 0.42744 0
    outer loop
      vertex 64.3715 18.7307 23.5
      vertex 64.5393 19.0856 25
      vertex 64.5393 19.0856 23.5
    endloop
  endfacet
  facet normal -0.904044 0.42744 0
    outer loop
      vertex 64.5393 19.0856 25
      vertex 64.3715 18.7307 23.5
      vertex 64.3715 18.7307 25
    endloop
  endfacet
  facet normal -0.85774 0.514084 0
    outer loop
      vertex 64.5393 19.0856 23.5
      vertex 64.7411 19.4223 25
      vertex 64.7411 19.4223 23.5
    endloop
  endfacet
  facet normal -0.85774 0.514084 0
    outer loop
      vertex 64.7411 19.4223 25
      vertex 64.5393 19.0856 23.5
      vertex 64.5393 19.0856 25
    endloop
  endfacet
  facet normal -0.337014 0.9415 0
    outer loop
      vertex 66.9059 21.0278 23.5
      vertex 66.5363 20.8955 25
      vertex 66.9059 21.0278 25
    endloop
  endfacet
  facet normal -0.337014 0.9415 0
    outer loop
      vertex 66.5363 20.8955 25
      vertex 66.9059 21.0278 23.5
      vertex 66.5363 20.8955 23.5
    endloop
  endfacet
  facet normal -0.146733 0.989176 0
    outer loop
      vertex 67.6749 21.1807 23.5
      vertex 67.2866 21.1231 25
      vertex 67.6749 21.1807 25
    endloop
  endfacet
  facet normal -0.146733 0.989176 0
    outer loop
      vertex 67.2866 21.1231 25
      vertex 67.6749 21.1807 23.5
      vertex 67.2866 21.1231 23.5
    endloop
  endfacet
  facet normal -0.595794 0.803137 0
    outer loop
      vertex 65.8447 20.5259 23.5
      vertex 65.5294 20.292 25
      vertex 65.8447 20.5259 25
    endloop
  endfacet
  facet normal -0.595794 0.803137 0
    outer loop
      vertex 65.5294 20.292 25
      vertex 65.8447 20.5259 23.5
      vertex 65.5294 20.292 23.5
    endloop
  endfacet
  facet normal -0.671607 0.740908 0
    outer loop
      vertex 65.5294 20.292 23.5
      vertex 65.2386 20.0284 25
      vertex 65.5294 20.292 25
    endloop
  endfacet
  facet normal -0.671607 0.740908 0
    outer loop
      vertex 65.2386 20.0284 25
      vertex 65.5294 20.292 23.5
      vertex 65.2386 20.0284 23.5
    endloop
  endfacet
  facet normal -0.514084 0.85774 0
    outer loop
      vertex 66.1814 20.7277 23.5
      vertex 65.8447 20.5259 25
      vertex 66.1814 20.7277 25
    endloop
  endfacet
  facet normal -0.514084 0.85774 0
    outer loop
      vertex 65.8447 20.5259 25
      vertex 66.1814 20.7277 23.5
      vertex 65.8447 20.5259 23.5
    endloop
  endfacet
  facet normal -0.740908 0.671607 0
    outer loop
      vertex 64.975 19.7376 23.5
      vertex 65.2386 20.0284 25
      vertex 65.2386 20.0284 23.5
    endloop
  endfacet
  facet normal -0.740908 0.671607 0
    outer loop
      vertex 65.2386 20.0284 25
      vertex 64.975 19.7376 23.5
      vertex 64.975 19.7376 25
    endloop
  endfacet
  facet normal 0.998791 0.0491626 0
    outer loop
      vertex 72.067 17.2 25
      vertex 72.0477 17.5921 23.5
      vertex 72.0477 17.5921 25
    endloop
  endfacet
  facet normal 0.998791 0.0491626 0
    outer loop
      vertex 72.0477 17.5921 23.5
      vertex 72.067 17.2 25
      vertex 72.067 17.2 23.5
    endloop
  endfacet
  facet normal 0.970068 -0.242835 0
    outer loop
      vertex 71.8948 16.0389 25
      vertex 71.9901 16.4196 23.5
      vertex 71.9901 16.4196 25
    endloop
  endfacet
  facet normal 0.970068 -0.242835 0
    outer loop
      vertex 71.9901 16.4196 23.5
      vertex 71.8948 16.0389 25
      vertex 71.8948 16.0389 23.5
    endloop
  endfacet
  facet normal 0.146733 -0.989176 0
    outer loop
      vertex 68.4591 13.2193 23.5
      vertex 68.8474 13.2769 25
      vertex 68.4591 13.2193 25
    endloop
  endfacet
  facet normal 0.146733 -0.989176 0
    outer loop
      vertex 68.8474 13.2769 25
      vertex 68.4591 13.2193 23.5
      vertex 68.8474 13.2769 23.5
    endloop
  endfacet
  facet normal 0.803137 -0.595794 0
    outer loop
      vertex 71.159 14.6624 25
      vertex 71.3929 14.9777 23.5
      vertex 71.3929 14.9777 25
    endloop
  endfacet
  facet normal 0.803137 -0.595794 0
    outer loop
      vertex 71.3929 14.9777 23.5
      vertex 71.159 14.6624 25
      vertex 71.159 14.6624 23.5
    endloop
  endfacet
  facet normal 0.904044 -0.42744 0
    outer loop
      vertex 71.5947 15.3144 25
      vertex 71.7625 15.6693 23.5
      vertex 71.7625 15.6693 25
    endloop
  endfacet
  facet normal 0.904044 -0.42744 0
    outer loop
      vertex 71.7625 15.6693 23.5
      vertex 71.5947 15.3144 25
      vertex 71.5947 15.3144 23.5
    endloop
  endfacet
  facet normal 0.242835 -0.970068 0
    outer loop
      vertex 68.8474 13.2769 23.5
      vertex 69.2281 13.3722 25
      vertex 68.8474 13.2769 25
    endloop
  endfacet
  facet normal 0.242835 -0.970068 0
    outer loop
      vertex 69.2281 13.3722 25
      vertex 68.8474 13.2769 23.5
      vertex 69.2281 13.3722 23.5
    endloop
  endfacet
  facet normal 0.337014 -0.9415 0
    outer loop
      vertex 69.2281 13.3722 23.5
      vertex 69.5977 13.5045 25
      vertex 69.2281 13.3722 25
    endloop
  endfacet
  facet normal 0.337014 -0.9415 0
    outer loop
      vertex 69.5977 13.5045 25
      vertex 69.2281 13.3722 23.5
      vertex 69.5977 13.5045 23.5
    endloop
  endfacet
  facet normal 0.671607 -0.740908 0
    outer loop
      vertex 70.6046 14.108 23.5
      vertex 70.8954 14.3716 25
      vertex 70.6046 14.108 25
    endloop
  endfacet
  facet normal 0.671607 -0.740908 0
    outer loop
      vertex 70.8954 14.3716 25
      vertex 70.6046 14.108 23.5
      vertex 70.8954 14.3716 23.5
    endloop
  endfacet
  facet normal 0.514084 -0.85774 0
    outer loop
      vertex 69.9526 13.6723 23.5
      vertex 70.2893 13.8741 25
      vertex 69.9526 13.6723 25
    endloop
  endfacet
  facet normal 0.514084 -0.85774 0
    outer loop
      vertex 70.2893 13.8741 25
      vertex 69.9526 13.6723 23.5
      vertex 70.2893 13.8741 23.5
    endloop
  endfacet
  facet normal 0.0491626 -0.998791 0
    outer loop
      vertex 68.067 13.2 23.5
      vertex 68.4591 13.2193 25
      vertex 68.067 13.2 25
    endloop
  endfacet
  facet normal 0.0491626 -0.998791 0
    outer loop
      vertex 68.4591 13.2193 25
      vertex 68.067 13.2 23.5
      vertex 68.4591 13.2193 23.5
    endloop
  endfacet
  facet normal -0.242835 -0.970068 0
    outer loop
      vertex 66.9059 13.3722 23.5
      vertex 67.2866 13.2769 25
      vertex 66.9059 13.3722 25
    endloop
  endfacet
  facet normal -0.242835 -0.970068 -0
    outer loop
      vertex 67.2866 13.2769 25
      vertex 66.9059 13.3722 23.5
      vertex 67.2866 13.2769 23.5
    endloop
  endfacet
  facet normal -0.42744 -0.904044 0
    outer loop
      vertex 66.1814 13.6723 23.5
      vertex 66.5363 13.5045 25
      vertex 66.1814 13.6723 25
    endloop
  endfacet
  facet normal -0.42744 -0.904044 -0
    outer loop
      vertex 66.5363 13.5045 25
      vertex 66.1814 13.6723 23.5
      vertex 66.5363 13.5045 23.5
    endloop
  endfacet
  facet normal -0.9415 -0.337014 0
    outer loop
      vertex 64.3715 15.6693 23.5
      vertex 64.2392 16.0389 25
      vertex 64.2392 16.0389 23.5
    endloop
  endfacet
  facet normal -0.9415 -0.337014 0
    outer loop
      vertex 64.2392 16.0389 25
      vertex 64.3715 15.6693 23.5
      vertex 64.3715 15.6693 25
    endloop
  endfacet
  facet normal -0.989176 -0.146733 0
    outer loop
      vertex 64.1439 16.4196 23.5
      vertex 64.0863 16.8079 25
      vertex 64.0863 16.8079 23.5
    endloop
  endfacet
  facet normal -0.989176 -0.146733 0
    outer loop
      vertex 64.0863 16.8079 25
      vertex 64.1439 16.4196 23.5
      vertex 64.1439 16.4196 25
    endloop
  endfacet
  facet normal -0.740908 -0.671607 0
    outer loop
      vertex 65.2386 14.3716 23.5
      vertex 64.975 14.6624 25
      vertex 64.975 14.6624 23.5
    endloop
  endfacet
  facet normal -0.740908 -0.671607 0
    outer loop
      vertex 64.975 14.6624 25
      vertex 65.2386 14.3716 23.5
      vertex 65.2386 14.3716 25
    endloop
  endfacet
  facet normal -0.85774 -0.514084 0
    outer loop
      vertex 64.7411 14.9777 23.5
      vertex 64.5393 15.3144 25
      vertex 64.5393 15.3144 23.5
    endloop
  endfacet
  facet normal -0.85774 -0.514084 0
    outer loop
      vertex 64.5393 15.3144 25
      vertex 64.7411 14.9777 23.5
      vertex 64.7411 14.9777 25
    endloop
  endfacet
  facet normal -0.671607 -0.740908 0
    outer loop
      vertex 65.2386 14.3716 23.5
      vertex 65.5294 14.108 25
      vertex 65.2386 14.3716 25
    endloop
  endfacet
  facet normal -0.671607 -0.740908 -0
    outer loop
      vertex 65.5294 14.108 25
      vertex 65.2386 14.3716 23.5
      vertex 65.5294 14.108 23.5
    endloop
  endfacet
  facet normal 0.989176 0.146733 0
    outer loop
      vertex 72.0477 17.5921 25
      vertex 71.9901 17.9804 23.5
      vertex 71.9901 17.9804 25
    endloop
  endfacet
  facet normal 0.989176 0.146733 0
    outer loop
      vertex 71.9901 17.9804 23.5
      vertex 72.0477 17.5921 25
      vertex 72.0477 17.5921 23.5
    endloop
  endfacet
  facet normal 0.989176 -0.146733 0
    outer loop
      vertex 71.9901 16.4196 25
      vertex 72.0477 16.8079 23.5
      vertex 72.0477 16.8079 25
    endloop
  endfacet
  facet normal 0.989176 -0.146733 0
    outer loop
      vertex 72.0477 16.8079 23.5
      vertex 71.9901 16.4196 25
      vertex 71.9901 16.4196 23.5
    endloop
  endfacet
  facet normal 0.85774 -0.514084 0
    outer loop
      vertex 71.3929 14.9777 25
      vertex 71.5947 15.3144 23.5
      vertex 71.5947 15.3144 25
    endloop
  endfacet
  facet normal 0.85774 -0.514084 0
    outer loop
      vertex 71.5947 15.3144 23.5
      vertex 71.3929 14.9777 25
      vertex 71.3929 14.9777 23.5
    endloop
  endfacet
  facet normal 0.42744 -0.904044 0
    outer loop
      vertex 69.5977 13.5045 23.5
      vertex 69.9526 13.6723 25
      vertex 69.5977 13.5045 25
    endloop
  endfacet
  facet normal 0.42744 -0.904044 0
    outer loop
      vertex 69.9526 13.6723 25
      vertex 69.5977 13.5045 23.5
      vertex 69.9526 13.6723 23.5
    endloop
  endfacet
  facet normal 0.740908 -0.671607 0
    outer loop
      vertex 70.8954 14.3716 25
      vertex 71.159 14.6624 23.5
      vertex 71.159 14.6624 25
    endloop
  endfacet
  facet normal 0.740908 -0.671607 0
    outer loop
      vertex 71.159 14.6624 23.5
      vertex 70.8954 14.3716 25
      vertex 70.8954 14.3716 23.5
    endloop
  endfacet
  facet normal 0.595794 -0.803137 0
    outer loop
      vertex 70.2893 13.8741 23.5
      vertex 70.6046 14.108 25
      vertex 70.2893 13.8741 25
    endloop
  endfacet
  facet normal 0.595794 -0.803137 0
    outer loop
      vertex 70.6046 14.108 25
      vertex 70.2893 13.8741 23.5
      vertex 70.6046 14.108 23.5
    endloop
  endfacet
  facet normal -0.146733 -0.989176 0
    outer loop
      vertex 67.2866 13.2769 23.5
      vertex 67.6749 13.2193 25
      vertex 67.2866 13.2769 25
    endloop
  endfacet
  facet normal -0.146733 -0.989176 -0
    outer loop
      vertex 67.6749 13.2193 25
      vertex 67.2866 13.2769 23.5
      vertex 67.6749 13.2193 23.5
    endloop
  endfacet
  facet normal -0.337014 -0.9415 0
    outer loop
      vertex 66.5363 13.5045 23.5
      vertex 66.9059 13.3722 25
      vertex 66.5363 13.5045 25
    endloop
  endfacet
  facet normal -0.337014 -0.9415 -0
    outer loop
      vertex 66.9059 13.3722 25
      vertex 66.5363 13.5045 23.5
      vertex 66.9059 13.3722 23.5
    endloop
  endfacet
  facet normal -0.514084 -0.85774 0
    outer loop
      vertex 65.8447 13.8741 23.5
      vertex 66.1814 13.6723 25
      vertex 65.8447 13.8741 25
    endloop
  endfacet
  facet normal -0.514084 -0.85774 -0
    outer loop
      vertex 66.1814 13.6723 25
      vertex 65.8447 13.8741 23.5
      vertex 66.1814 13.6723 23.5
    endloop
  endfacet
  facet normal -0.904044 -0.42744 0
    outer loop
      vertex 64.5393 15.3144 23.5
      vertex 64.3715 15.6693 25
      vertex 64.3715 15.6693 23.5
    endloop
  endfacet
  facet normal -0.904044 -0.42744 0
    outer loop
      vertex 64.3715 15.6693 25
      vertex 64.5393 15.3144 23.5
      vertex 64.5393 15.3144 25
    endloop
  endfacet
  facet normal -0.803137 -0.595794 0
    outer loop
      vertex 64.975 14.6624 23.5
      vertex 64.7411 14.9777 25
      vertex 64.7411 14.9777 23.5
    endloop
  endfacet
  facet normal -0.803137 -0.595794 0
    outer loop
      vertex 64.7411 14.9777 25
      vertex 64.975 14.6624 23.5
      vertex 64.975 14.6624 25
    endloop
  endfacet
  facet normal 0 0 1
    outer loop
      vertex 96.2343 82.1325 27.4
      vertex 92.6516 81.7797 27.4
      vertex 92.667 81.466 27.4
    endloop
  endfacet
  facet normal 0 0 1
    outer loop
      vertex 93.2449 87.12 27.4
      vertex 92.6055 82.0903 27.4
      vertex 92.6516 81.7797 27.4
    endloop
  endfacet
  facet normal 0 0 1
    outer loop
      vertex 93.2449 87.12 27.4
      vertex 92.5292 82.3949 27.4
      vertex 92.6055 82.0903 27.4
    endloop
  endfacet
  facet normal 0 0 1
    outer loop
      vertex 93.2449 87.12 27.4
      vertex 92.4234 82.6906 27.4
      vertex 92.5292 82.3949 27.4
    endloop
  endfacet
  facet normal 0 0 1
    outer loop
      vertex 93.2449 87.12 27.4
      vertex 92.2891 82.9745 27.4
      vertex 92.4234 82.6906 27.4
    endloop
  endfacet
  facet normal 0 0 1
    outer loop
      vertex 93.2449 87.12 27.4
      vertex 92.1277 83.2438 27.4
      vertex 92.2891 82.9745 27.4
    endloop
  endfacet
  facet normal 0 0 1
    outer loop
      vertex 90.9755 84.2881 27.4
      vertex 92.6725 87.4631 27.4
      vertex 92.0692 87.7484 27.4
    endloop
  endfacet
  facet normal 0 0 1
    outer loop
      vertex 93.2449 87.12 27.4
      vertex 91.9406 83.4961 27.4
      vertex 92.1277 83.2438 27.4
    endloop
  endfacet
  facet normal 0 0 1
    outer loop
      vertex 93.2449 87.12 27.4
      vertex 91.7297 83.7287 27.4
      vertex 91.9406 83.4961 27.4
    endloop
  endfacet
  facet normal 0 0 1
    outer loop
      vertex 93.2449 87.12 27.4
      vertex 91.4971 83.9396 27.4
      vertex 91.7297 83.7287 27.4
    endloop
  endfacet
  facet normal 0 0 1
    outer loop
      vertex 90.6916 84.4224 27.4
      vertex 92.0692 87.7484 27.4
      vertex 91.4409 87.9732 27.4
    endloop
  endfacet
  facet normal 0 0 1
    outer loop
      vertex 93.2449 87.12 27.4
      vertex 91.2448 84.1267 27.4
      vertex 91.4971 83.9396 27.4
    endloop
  endfacet
  facet normal 0 0 1
    outer loop
      vertex 92.6725 87.4631 27.4
      vertex 90.9755 84.2881 27.4
      vertex 91.2448 84.1267 27.4
    endloop
  endfacet
  facet normal 0 0 1
    outer loop
      vertex 90.3959 84.5282 27.4
      vertex 91.4409 87.9732 27.4
      vertex 90.7936 88.1353 27.4
    endloop
  endfacet
  facet normal 0 0 1
    outer loop
      vertex 92.0692 87.7484 27.4
      vertex 90.6916 84.4224 27.4
      vertex 90.9755 84.2881 27.4
    endloop
  endfacet
  facet normal 0 0 1
    outer loop
      vertex 91.4409 87.9732 27.4
      vertex 90.3959 84.5282 27.4
      vertex 90.6916 84.4224 27.4
    endloop
  endfacet
  facet normal 0 0 1
    outer loop
      vertex 90.0913 84.6045 27.4
      vertex 90.7936 88.1353 27.4
      vertex 90.1335 88.2332 27.4
    endloop
  endfacet
  facet normal 0 0 1
    outer loop
      vertex 90.7936 88.1353 27.4
      vertex 90.0913 84.6045 27.4
      vertex 90.3959 84.5282 27.4
    endloop
  endfacet
  facet normal 0 0 1
    outer loop
      vertex 90.1335 88.2332 27.4
      vertex 89.7807 84.6506 27.4
      vertex 90.0913 84.6045 27.4
    endloop
  endfacet
  facet normal 0 0 1
    outer loop
      vertex 89.467 88.266 27.4
      vertex 89.7807 84.6506 27.4
      vertex 90.1335 88.2332 27.4
    endloop
  endfacet
  facet normal 0 0 1
    outer loop
      vertex 89.467 88.266 27.4
      vertex 89.467 84.666 27.4
      vertex 89.7807 84.6506 27.4
    endloop
  endfacet
  facet normal 0 0 1
    outer loop
      vertex 89.467 88.266 27.4
      vertex 89.1533 84.6506 27.4
      vertex 89.467 84.666 27.4
    endloop
  endfacet
  facet normal -0 0 1
    outer loop
      vertex 88.8005 88.2332 27.4
      vertex 89.1533 84.6506 27.4
      vertex 89.467 88.266 27.4
    endloop
  endfacet
  facet normal 0 0 1
    outer loop
      vertex 89.1533 84.6506 27.4
      vertex 88.8005 88.2332 27.4
      vertex 88.8427 84.6045 27.4
    endloop
  endfacet
  facet normal -0 0 1
    outer loop
      vertex 88.1404 88.1353 27.4
      vertex 88.8427 84.6045 27.4
      vertex 88.8005 88.2332 27.4
    endloop
  endfacet
  facet normal 0 0 1
    outer loop
      vertex 88.8427 84.6045 27.4
      vertex 88.1404 88.1353 27.4
      vertex 88.5381 84.5282 27.4
    endloop
  endfacet
  facet normal -0 0 1
    outer loop
      vertex 87.4931 87.9732 27.4
      vertex 88.5381 84.5282 27.4
      vertex 88.1404 88.1353 27.4
    endloop
  endfacet
  facet normal 0 0 1
    outer loop
      vertex 88.5381 84.5282 27.4
      vertex 87.4931 87.9732 27.4
      vertex 88.2424 84.4224 27.4
    endloop
  endfacet
  facet normal -0 0 1
    outer loop
      vertex 86.8647 87.7484 27.4
      vertex 88.2424 84.4224 27.4
      vertex 87.4931 87.9732 27.4
    endloop
  endfacet
  facet normal 0 0 1
    outer loop
      vertex 88.2424 84.4224 27.4
      vertex 86.8647 87.7484 27.4
      vertex 87.9585 84.2881 27.4
    endloop
  endfacet
  facet normal -0 0 1
    outer loop
      vertex 86.2615 87.4631 27.4
      vertex 87.9585 84.2881 27.4
      vertex 86.8647 87.7484 27.4
    endloop
  endfacet
  facet normal 0 0 1
    outer loop
      vertex 87.9585 84.2881 27.4
      vertex 86.2615 87.4631 27.4
      vertex 87.6892 84.1267 27.4
    endloop
  endfacet
  facet normal -0 0 1
    outer loop
      vertex 85.6891 87.12 27.4
      vertex 87.6892 84.1267 27.4
      vertex 86.2615 87.4631 27.4
    endloop
  endfacet
  facet normal 0 0 1
    outer loop
      vertex 87.6892 84.1267 27.4
      vertex 85.6891 87.12 27.4
      vertex 87.4369 83.9396 27.4
    endloop
  endfacet
  facet normal -0 0 1
    outer loop
      vertex 85.1531 86.7225 27.4
      vertex 87.4369 83.9396 27.4
      vertex 85.6891 87.12 27.4
    endloop
  endfacet
  facet normal 0 0 1
    outer loop
      vertex 87.4369 83.9396 27.4
      vertex 85.1531 86.7225 27.4
      vertex 87.2043 83.7287 27.4
    endloop
  endfacet
  facet normal -0 0 1
    outer loop
      vertex 84.6587 86.2743 27.4
      vertex 87.2043 83.7287 27.4
      vertex 85.1531 86.7225 27.4
    endloop
  endfacet
  facet normal 0 0 1
    outer loop
      vertex 87.2043 83.7287 27.4
      vertex 84.6587 86.2743 27.4
      vertex 86.9934 83.4961 27.4
    endloop
  endfacet
  facet normal -0 0 1
    outer loop
      vertex 84.2105 85.7799 27.4
      vertex 86.9934 83.4961 27.4
      vertex 84.6587 86.2743 27.4
    endloop
  endfacet
  facet normal 0 0 1
    outer loop
      vertex 86.9934 83.4961 27.4
      vertex 84.2105 85.7799 27.4
      vertex 86.8063 83.2438 27.4
    endloop
  endfacet
  facet normal 0 0 1
    outer loop
      vertex 86.6449 82.9745 27.4
      vertex 83.813 85.2439 27.4
      vertex 86.5106 82.6906 27.4
    endloop
  endfacet
  facet normal 0 0 1
    outer loop
      vertex 86.8063 83.2438 27.4
      vertex 83.813 85.2439 27.4
      vertex 86.6449 82.9745 27.4
    endloop
  endfacet
  facet normal -0 0 1
    outer loop
      vertex 83.813 85.2439 27.4
      vertex 86.8063 83.2438 27.4
      vertex 84.2105 85.7799 27.4
    endloop
  endfacet
  facet normal 0 0 1
    outer loop
      vertex 92.667 81.466 27.4
      vertex 96.267 81.466 27.4
      vertex 96.2343 82.1325 27.4
    endloop
  endfacet
  facet normal 0 0 1
    outer loop
      vertex 92.6516 81.7797 27.4
      vertex 96.2343 82.1325 27.4
      vertex 96.1363 82.7926 27.4
    endloop
  endfacet
  facet normal 0 0 1
    outer loop
      vertex 96.267 81.466 27.4
      vertex 92.667 81.466 27.4
      vertex 96.2343 80.7995 27.4
    endloop
  endfacet
  facet normal 0 0 1
    outer loop
      vertex 92.6516 81.7797 27.4
      vertex 96.1363 82.7926 27.4
      vertex 95.9742 83.4399 27.4
    endloop
  endfacet
  facet normal -0 0 1
    outer loop
      vertex 92.6516 81.1523 27.4
      vertex 96.2343 80.7995 27.4
      vertex 92.667 81.466 27.4
    endloop
  endfacet
  facet normal 0 0 1
    outer loop
      vertex 92.6516 81.7797 27.4
      vertex 95.9742 83.4399 27.4
      vertex 95.7494 84.0682 27.4
    endloop
  endfacet
  facet normal 0 0 1
    outer loop
      vertex 96.2343 80.7995 27.4
      vertex 92.6516 81.1523 27.4
      vertex 96.1363 80.1394 27.4
    endloop
  endfacet
  facet normal 0 0 1
    outer loop
      vertex 92.6516 81.7797 27.4
      vertex 95.7494 84.0682 27.4
      vertex 95.4641 84.6715 27.4
    endloop
  endfacet
  facet normal -0 0 1
    outer loop
      vertex 92.6055 80.8417 27.4
      vertex 96.1363 80.1394 27.4
      vertex 92.6516 81.1523 27.4
    endloop
  endfacet
  facet normal 0 0 1
    outer loop
      vertex 92.6516 81.7797 27.4
      vertex 95.4641 84.6715 27.4
      vertex 95.121 85.2439 27.4
    endloop
  endfacet
  facet normal 0 0 1
    outer loop
      vertex 96.1363 80.1394 27.4
      vertex 92.6055 80.8417 27.4
      vertex 95.9742 79.4921 27.4
    endloop
  endfacet
  facet normal 0 0 1
    outer loop
      vertex 92.6516 81.7797 27.4
      vertex 95.121 85.2439 27.4
      vertex 94.7235 85.7799 27.4
    endloop
  endfacet
  facet normal -0 0 1
    outer loop
      vertex 92.5292 80.5371 27.4
      vertex 95.9742 79.4921 27.4
      vertex 92.6055 80.8417 27.4
    endloop
  endfacet
  facet normal 0 0 1
    outer loop
      vertex 92.6516 81.7797 27.4
      vertex 94.7235 85.7799 27.4
      vertex 94.2753 86.2743 27.4
    endloop
  endfacet
  facet normal 0 0 1
    outer loop
      vertex 95.9742 79.4921 27.4
      vertex 92.5292 80.5371 27.4
      vertex 95.7494 78.8637 27.4
    endloop
  endfacet
  facet normal 0 0 1
    outer loop
      vertex 92.6516 81.7797 27.4
      vertex 94.2753 86.2743 27.4
      vertex 93.7809 86.7225 27.4
    endloop
  endfacet
  facet normal -0 0 1
    outer loop
      vertex 92.4234 80.2414 27.4
      vertex 95.7494 78.8637 27.4
      vertex 92.5292 80.5371 27.4
    endloop
  endfacet
  facet normal 0 0 1
    outer loop
      vertex 92.6516 81.7797 27.4
      vertex 93.7809 86.7225 27.4
      vertex 93.2449 87.12 27.4
    endloop
  endfacet
  facet normal 0 0 1
    outer loop
      vertex 95.7494 78.8637 27.4
      vertex 92.4234 80.2414 27.4
      vertex 95.4641 78.2605 27.4
    endloop
  endfacet
  facet normal 0 0 1
    outer loop
      vertex 91.2448 84.1267 27.4
      vertex 93.2449 87.12 27.4
      vertex 92.6725 87.4631 27.4
    endloop
  endfacet
  facet normal -0 0 1
    outer loop
      vertex 92.2891 79.9575 27.4
      vertex 95.4641 78.2605 27.4
      vertex 92.4234 80.2414 27.4
    endloop
  endfacet
  facet normal 0 0 1
    outer loop
      vertex 95.4641 78.2605 27.4
      vertex 92.2891 79.9575 27.4
      vertex 95.121 77.6881 27.4
    endloop
  endfacet
  facet normal -0 0 1
    outer loop
      vertex 92.1277 79.6882 27.4
      vertex 95.121 77.6881 27.4
      vertex 92.2891 79.9575 27.4
    endloop
  endfacet
  facet normal 0 0 1
    outer loop
      vertex 95.121 77.6881 27.4
      vertex 92.1277 79.6882 27.4
      vertex 94.7235 77.1521 27.4
    endloop
  endfacet
  facet normal -0 0 1
    outer loop
      vertex 91.9406 79.4359 27.4
      vertex 94.7235 77.1521 27.4
      vertex 92.1277 79.6882 27.4
    endloop
  endfacet
  facet normal 0 0 1
    outer loop
      vertex 94.7235 77.1521 27.4
      vertex 91.9406 79.4359 27.4
      vertex 94.2753 76.6577 27.4
    endloop
  endfacet
  facet normal -0 0 1
    outer loop
      vertex 91.7297 79.2033 27.4
      vertex 94.2753 76.6577 27.4
      vertex 91.9406 79.4359 27.4
    endloop
  endfacet
  facet normal 0 0 1
    outer loop
      vertex 94.2753 76.6577 27.4
      vertex 91.7297 79.2033 27.4
      vertex 93.7809 76.2095 27.4
    endloop
  endfacet
  facet normal -0 0 1
    outer loop
      vertex 91.4971 78.9924 27.4
      vertex 93.7809 76.2095 27.4
      vertex 91.7297 79.2033 27.4
    endloop
  endfacet
  facet normal 0 0 1
    outer loop
      vertex 93.7809 76.2095 27.4
      vertex 91.4971 78.9924 27.4
      vertex 93.2449 75.812 27.4
    endloop
  endfacet
  facet normal -0 0 1
    outer loop
      vertex 91.2448 78.8053 27.4
      vertex 93.2449 75.812 27.4
      vertex 91.4971 78.9924 27.4
    endloop
  endfacet
  facet normal -0 0 1
    outer loop
      vertex 90.9755 78.6439 27.4
      vertex 93.2449 75.812 27.4
      vertex 91.2448 78.8053 27.4
    endloop
  endfacet
  facet normal -0 0 1
    outer loop
      vertex 90.6916 78.5096 27.4
      vertex 93.2449 75.812 27.4
      vertex 90.9755 78.6439 27.4
    endloop
  endfacet
  facet normal -0 0 1
    outer loop
      vertex 90.3959 78.4038 27.4
      vertex 93.2449 75.812 27.4
      vertex 90.6916 78.5096 27.4
    endloop
  endfacet
  facet normal -0 0 1
    outer loop
      vertex 90.0913 78.3275 27.4
      vertex 93.2449 75.812 27.4
      vertex 90.3959 78.4038 27.4
    endloop
  endfacet
  facet normal -0 0 1
    outer loop
      vertex 89.7807 78.2814 27.4
      vertex 93.2449 75.812 27.4
      vertex 90.0913 78.3275 27.4
    endloop
  endfacet
  facet normal -0 0 1
    outer loop
      vertex 89.467 78.266 27.4
      vertex 93.2449 75.812 27.4
      vertex 89.7807 78.2814 27.4
    endloop
  endfacet
  facet normal 0 0 1
    outer loop
      vertex 87.2864 71.9753 27.4
      vertex 89.467 78.266 27.4
      vertex 89.1533 78.2814 27.4
    endloop
  endfacet
  facet normal 0 0 1
    outer loop
      vertex 87.2864 71.9753 27.4
      vertex 89.1533 78.2814 27.4
      vertex 88.8427 78.3275 27.4
    endloop
  endfacet
  facet normal 0 0 1
    outer loop
      vertex 87.2864 71.9753 27.4
      vertex 88.8427 78.3275 27.4
      vertex 88.5381 78.4038 27.4
    endloop
  endfacet
  facet normal 0 0 1
    outer loop
      vertex 87.2864 71.9753 27.4
      vertex 88.5381 78.4038 27.4
      vertex 88.2424 78.5096 27.4
    endloop
  endfacet
  facet normal 0 0 1
    outer loop
      vertex 87.2864 71.9753 27.4
      vertex 88.2424 78.5096 27.4
      vertex 87.9585 78.6439 27.4
    endloop
  endfacet
  facet normal 0 0 1
    outer loop
      vertex 89.467 78.266 27.4
      vertex 87.2864 71.9753 27.4
      vertex 93.2449 75.812 27.4
    endloop
  endfacet
  facet normal 0 0 1
    outer loop
      vertex 87.6892 78.8053 27.4
      vertex 87.2864 71.9753 27.4
      vertex 87.9585 78.6439 27.4
    endloop
  endfacet
  facet normal 0 0 1
    outer loop
      vertex 87.4369 78.9924 27.4
      vertex 87.2864 71.9753 27.4
      vertex 87.6892 78.8053 27.4
    endloop
  endfacet
  facet normal 0 0 1
    outer loop
      vertex 86.9934 79.4359 27.4
      vertex 87.2864 71.9753 27.4
      vertex 87.2043 79.2033 27.4
    endloop
  endfacet
  facet normal 0 0 1
    outer loop
      vertex 87.2043 79.2033 27.4
      vertex 87.2864 71.9753 27.4
      vertex 87.4369 78.9924 27.4
    endloop
  endfacet
  facet normal 0 0 1
    outer loop
      vertex 87.2864 71.9753 27.4
      vertex 87.717 68.986 27.4
      vertex 87.6653 70.0377 27.4
    endloop
  endfacet
  facet normal 0 0 1
    outer loop
      vertex 87.717 68.986 27.4
      vertex 87.2864 71.9753 27.4
      vertex 87.717 8.27998 27.4
    endloop
  endfacet
  facet normal 0 0 1
    outer loop
      vertex 87.2864 71.9753 27.4
      vertex 87.6653 70.0377 27.4
      vertex 87.5108 71.0793 27.4
    endloop
  endfacet
  facet normal 0 0 1
    outer loop
      vertex 87.2864 5.29065 27.4
      vertex 87.717 8.27998 27.4
      vertex 87.2864 71.9753 27.4
    endloop
  endfacet
  facet normal 0 0 1
    outer loop
      vertex 87.717 8.27998 27.4
      vertex 87.2864 5.29065 27.4
      vertex 87.6653 7.22826 27.4
    endloop
  endfacet
  facet normal 0 0 1
    outer loop
      vertex 87.6653 7.22826 27.4
      vertex 87.2864 5.29065 27.4
      vertex 87.5108 6.18666 27.4
    endloop
  endfacet
  facet normal 0 0 1
    outer loop
      vertex 92.667 -4.2 27.4
      vertex 96.267 -4.2 27.4
      vertex 96.2343 -3.53348 27.4
    endloop
  endfacet
  facet normal 0 0 1
    outer loop
      vertex 92.6516 -3.88634 27.4
      vertex 96.2343 -3.53348 27.4
      vertex 96.1363 -2.87338 27.4
    endloop
  endfacet
  facet normal 0 0 1
    outer loop
      vertex 96.267 -4.2 27.4
      vertex 92.667 -4.2 27.4
      vertex 96.2343 -4.86652 27.4
    endloop
  endfacet
  facet normal 0 0 1
    outer loop
      vertex 92.6055 -3.57571 27.4
      vertex 96.1363 -2.87338 27.4
      vertex 95.9742 -2.22606 27.4
    endloop
  endfacet
  facet normal -0 0 1
    outer loop
      vertex 92.6516 -4.51365 27.4
      vertex 96.2343 -4.86652 27.4
      vertex 92.667 -4.2 27.4
    endloop
  endfacet
  facet normal 0 0 1
    outer loop
      vertex 92.5292 -3.27109 27.4
      vertex 95.9742 -2.22606 27.4
      vertex 95.7494 -1.59775 27.4
    endloop
  endfacet
  facet normal 0 0 1
    outer loop
      vertex 96.2343 -4.86652 27.4
      vertex 92.6516 -4.51365 27.4
      vertex 96.1363 -5.52661 27.4
    endloop
  endfacet
  facet normal 0 0 1
    outer loop
      vertex 92.4234 -2.97541 27.4
      vertex 95.7494 -1.59775 27.4
      vertex 95.4641 -0.994492 27.4
    endloop
  endfacet
  facet normal -0 0 1
    outer loop
      vertex 92.6055 -4.82429 27.4
      vertex 96.1363 -5.52661 27.4
      vertex 92.6516 -4.51365 27.4
    endloop
  endfacet
  facet normal 0 0 1
    outer loop
      vertex 92.2891 -2.69153 27.4
      vertex 95.4641 -0.994492 27.4
      vertex 95.121 -0.422119 27.4
    endloop
  endfacet
  facet normal 0 0 1
    outer loop
      vertex 96.1363 -5.52661 27.4
      vertex 92.6055 -4.82429 27.4
      vertex 95.9742 -6.17393 27.4
    endloop
  endfacet
  facet normal 0 0 1
    outer loop
      vertex 92.1277 -2.42217 27.4
      vertex 95.121 -0.422119 27.4
      vertex 94.7235 0.113861 27.4
    endloop
  endfacet
  facet normal -0 0 1
    outer loop
      vertex 92.5292 -5.12891 27.4
      vertex 95.9742 -6.17393 27.4
      vertex 92.6055 -4.82429 27.4
    endloop
  endfacet
  facet normal 0 0 1
    outer loop
      vertex 91.9406 -2.16994 27.4
      vertex 94.7235 0.113861 27.4
      vertex 94.2753 0.608322 27.4
    endloop
  endfacet
  facet normal 0 0 1
    outer loop
      vertex 95.9742 -6.17393 27.4
      vertex 92.5292 -5.12891 27.4
      vertex 95.7494 -6.80225 27.4
    endloop
  endfacet
  facet normal 0 0 1
    outer loop
      vertex 91.7297 -1.93726 27.4
      vertex 94.2753 0.608322 27.4
      vertex 93.7809 1.05646 27.4
    endloop
  endfacet
  facet normal -0 0 1
    outer loop
      vertex 92.4234 -5.42459 27.4
      vertex 95.7494 -6.80225 27.4
      vertex 92.5292 -5.12891 27.4
    endloop
  endfacet
  facet normal 0 0 1
    outer loop
      vertex 91.4971 -1.72637 27.4
      vertex 93.7809 1.05646 27.4
      vertex 93.2449 1.45398 27.4
    endloop
  endfacet
  facet normal 0 0 1
    outer loop
      vertex 95.7494 -6.80225 27.4
      vertex 92.4234 -5.42459 27.4
      vertex 95.4641 -7.40549 27.4
    endloop
  endfacet
  facet normal -0 0 1
    outer loop
      vertex 92.2891 -5.70847 27.4
      vertex 95.4641 -7.40549 27.4
      vertex 92.4234 -5.42459 27.4
    endloop
  endfacet
  facet normal 0 0 1
    outer loop
      vertex 95.4641 -7.40549 27.4
      vertex 92.2891 -5.70847 27.4
      vertex 95.121 -7.97787 27.4
    endloop
  endfacet
  facet normal 0 0 1
    outer loop
      vertex 96.2343 -3.53348 27.4
      vertex 92.6516 -3.88634 27.4
      vertex 92.667 -4.2 27.4
    endloop
  endfacet
  facet normal 0 0 1
    outer loop
      vertex 96.1363 -2.87338 27.4
      vertex 92.6055 -3.57571 27.4
      vertex 92.6516 -3.88634 27.4
    endloop
  endfacet
  facet normal 0 0 1
    outer loop
      vertex 95.9742 -2.22606 27.4
      vertex 92.5292 -3.27109 27.4
      vertex 92.6055 -3.57571 27.4
    endloop
  endfacet
  facet normal 0 0 1
    outer loop
      vertex 95.7494 -1.59775 27.4
      vertex 92.4234 -2.97541 27.4
      vertex 92.5292 -3.27109 27.4
    endloop
  endfacet
  facet normal 0 0 1
    outer loop
      vertex 95.4641 -0.994492 27.4
      vertex 92.2891 -2.69153 27.4
      vertex 92.4234 -2.97541 27.4
    endloop
  endfacet
  facet normal 0 0 1
    outer loop
      vertex 95.121 -0.422119 27.4
      vertex 92.1277 -2.42217 27.4
      vertex 92.2891 -2.69153 27.4
    endloop
  endfacet
  facet normal 0 0 1
    outer loop
      vertex 94.7235 0.113861 27.4
      vertex 91.9406 -2.16994 27.4
      vertex 92.1277 -2.42217 27.4
    endloop
  endfacet
  facet normal 0 0 1
    outer loop
      vertex 94.2753 0.608322 27.4
      vertex 91.7297 -1.93726 27.4
      vertex 91.9406 -2.16994 27.4
    endloop
  endfacet
  facet normal 0 0 1
    outer loop
      vertex 93.7809 1.05646 27.4
      vertex 91.4971 -1.72637 27.4
      vertex 91.7297 -1.93726 27.4
    endloop
  endfacet
  facet normal 0 0 1
    outer loop
      vertex 93.2449 1.45398 27.4
      vertex 91.2448 -1.5393 27.4
      vertex 91.4971 -1.72637 27.4
    endloop
  endfacet
  facet normal 0 0 1
    outer loop
      vertex 93.2449 1.45398 27.4
      vertex 90.9755 -1.37785 27.4
      vertex 91.2448 -1.5393 27.4
    endloop
  endfacet
  facet normal 0 0 1
    outer loop
      vertex 93.2449 1.45398 27.4
      vertex 90.6916 -1.24358 27.4
      vertex 90.9755 -1.37785 27.4
    endloop
  endfacet
  facet normal 0 0 1
    outer loop
      vertex 93.2449 1.45398 27.4
      vertex 90.3959 -1.13779 27.4
      vertex 90.6916 -1.24358 27.4
    endloop
  endfacet
  facet normal 0 0 1
    outer loop
      vertex 93.2449 1.45398 27.4
      vertex 90.0913 -1.06149 27.4
      vertex 90.3959 -1.13779 27.4
    endloop
  endfacet
  facet normal 0 0 1
    outer loop
      vertex 93.2449 1.45398 27.4
      vertex 89.7807 -1.01541 27.4
      vertex 90.0913 -1.06149 27.4
    endloop
  endfacet
  facet normal 0 0 1
    outer loop
      vertex 93.2449 1.45398 27.4
      vertex 89.467 -1 27.4
      vertex 89.7807 -1.01541 27.4
    endloop
  endfacet
  facet normal 0 0 1
    outer loop
      vertex 87.2864 5.29065 27.4
      vertex 89.467 -1 27.4
      vertex 93.2449 1.45398 27.4
    endloop
  endfacet
  facet normal 0 0 1
    outer loop
      vertex 89.467 -1 27.4
      vertex 87.2864 5.29065 27.4
      vertex 89.1533 -1.01541 27.4
    endloop
  endfacet
  facet normal 0 0 1
    outer loop
      vertex 89.1533 -1.01541 27.4
      vertex 87.2864 5.29065 27.4
      vertex 88.8427 -1.06149 27.4
    endloop
  endfacet
  facet normal 0 0 1
    outer loop
      vertex 88.8427 -1.06149 27.4
      vertex 87.2864 5.29065 27.4
      vertex 88.5381 -1.13779 27.4
    endloop
  endfacet
  facet normal 0 0 1
    outer loop
      vertex 88.5381 -1.13779 27.4
      vertex 87.2864 5.29065 27.4
      vertex 88.2424 -1.24358 27.4
    endloop
  endfacet
  facet normal 0 0 1
    outer loop
      vertex 88.2424 -1.24358 27.4
      vertex 87.2864 5.29065 27.4
      vertex 87.9585 -1.37785 27.4
    endloop
  endfacet
  facet normal 0 0 1
    outer loop
      vertex 87.2864 5.29065 27.4
      vertex 87.6892 -1.5393 27.4
      vertex 87.9585 -1.37785 27.4
    endloop
  endfacet
  facet normal 0 0 1
    outer loop
      vertex 87.2864 5.29065 27.4
      vertex 87.4369 -1.72637 27.4
      vertex 87.6892 -1.5393 27.4
    endloop
  endfacet
  facet normal 0 0 1
    outer loop
      vertex 87.2864 5.29065 27.4
      vertex 87.2043 -1.93726 27.4
      vertex 87.4369 -1.72637 27.4
    endloop
  endfacet
  facet normal 0 0 1
    outer loop
      vertex 86.8063 79.6882 27.4
      vertex 87.2864 71.9753 27.4
      vertex 86.9934 79.4359 27.4
    endloop
  endfacet
  facet normal 0 0 1
    outer loop
      vertex 86.6449 79.9575 27.4
      vertex 87.2864 71.9753 27.4
      vertex 86.8063 79.6882 27.4
    endloop
  endfacet
  facet normal 0 0 1
    outer loop
      vertex 87.2864 5.29065 27.4
      vertex 86.9934 -2.16994 27.4
      vertex 87.2043 -1.93726 27.4
    endloop
  endfacet
  facet normal 0 0 1
    outer loop
      vertex 86.5106 80.2414 27.4
      vertex 87.2864 71.9753 27.4
      vertex 86.6449 79.9575 27.4
    endloop
  endfacet
  facet normal 0 0 1
    outer loop
      vertex 87.2864 5.29065 27.4
      vertex 86.8063 -2.42217 27.4
      vertex 86.9934 -2.16994 27.4
    endloop
  endfacet
  facet normal 0 0 1
    outer loop
      vertex 86.4048 80.5371 27.4
      vertex 87.2864 71.9753 27.4
      vertex 86.5106 80.2414 27.4
    endloop
  endfacet
  facet normal 0 0 1
    outer loop
      vertex 87.2864 5.29065 27.4
      vertex 86.6449 -2.69153 27.4
      vertex 86.8063 -2.42217 27.4
    endloop
  endfacet
  facet normal 0 0 1
    outer loop
      vertex 86.3285 80.8417 27.4
      vertex 87.2864 71.9753 27.4
      vertex 86.4048 80.5371 27.4
    endloop
  endfacet
  facet normal 0 0 1
    outer loop
      vertex 87.2864 5.29065 27.4
      vertex 86.5106 -2.97541 27.4
      vertex 86.6449 -2.69153 27.4
    endloop
  endfacet
  facet normal 0 0 1
    outer loop
      vertex 86.2824 81.1523 27.4
      vertex 87.2864 71.9753 27.4
      vertex 86.3285 80.8417 27.4
    endloop
  endfacet
  facet normal 0 0 1
    outer loop
      vertex 87.2864 5.29065 27.4
      vertex 86.4048 -3.27109 27.4
      vertex 86.5106 -2.97541 27.4
    endloop
  endfacet
  facet normal 0 0 1
    outer loop
      vertex 87.2864 71.9753 27.4
      vertex 86.2824 81.1523 27.4
      vertex 87.2864 5.29065 27.4
    endloop
  endfacet
  facet normal 0 0 1
    outer loop
      vertex 87.2864 5.29065 27.4
      vertex 86.3285 -3.57571 27.4
      vertex 86.4048 -3.27109 27.4
    endloop
  endfacet
  facet normal 0 0 1
    outer loop
      vertex 86.2824 -3.88634 27.4
      vertex 87.2864 5.29065 27.4
      vertex 86.2824 81.1523 27.4
    endloop
  endfacet
  facet normal 0 0 1
    outer loop
      vertex 87.2864 5.29065 27.4
      vertex 86.2824 -3.88634 27.4
      vertex 86.3285 -3.57571 27.4
    endloop
  endfacet
  facet normal 0 0 1
    outer loop
      vertex 86.267 81.466 27.4
      vertex 86.2824 -3.88634 27.4
      vertex 86.2824 81.1523 27.4
    endloop
  endfacet
  facet normal 0 0 1
    outer loop
      vertex 86.2824 -3.88634 27.4
      vertex 86.267 81.466 27.4
      vertex 86.267 -4.2 27.4
    endloop
  endfacet
  facet normal -0 0 1
    outer loop
      vertex 92.1277 -5.97782 27.4
      vertex 95.121 -7.97787 27.4
      vertex 92.2891 -5.70847 27.4
    endloop
  endfacet
  facet normal 0 0 1
    outer loop
      vertex 95.121 -7.97787 27.4
      vertex 92.1277 -5.97782 27.4
      vertex 94.7235 -8.51387 27.4
    endloop
  endfacet
  facet normal -0 0 1
    outer loop
      vertex 91.9406 -6.23006 27.4
      vertex 94.7235 -8.51387 27.4
      vertex 92.1277 -5.97782 27.4
    endloop
  endfacet
  facet normal 0 0 1
    outer loop
      vertex 94.7235 -8.51387 27.4
      vertex 91.9406 -6.23006 27.4
      vertex 94.2753 -9.00832 27.4
    endloop
  endfacet
  facet normal -0 0 1
    outer loop
      vertex 91.7297 -6.46274 27.4
      vertex 94.2753 -9.00832 27.4
      vertex 91.9406 -6.23006 27.4
    endloop
  endfacet
  facet normal 0 0 1
    outer loop
      vertex 94.2753 -9.00832 27.4
      vertex 91.7297 -6.46274 27.4
      vertex 93.7809 -9.45647 27.4
    endloop
  endfacet
  facet normal -0 0 1
    outer loop
      vertex 91.4971 -6.67363 27.4
      vertex 93.7809 -9.45647 27.4
      vertex 91.7297 -6.46274 27.4
    endloop
  endfacet
  facet normal 0 0 1
    outer loop
      vertex 93.7809 -9.45647 27.4
      vertex 91.4971 -6.67363 27.4
      vertex 93.2449 -9.85399 27.4
    endloop
  endfacet
  facet normal -0 0 1
    outer loop
      vertex 91.2448 -6.8607 27.4
      vertex 93.2449 -9.85399 27.4
      vertex 91.4971 -6.67363 27.4
    endloop
  endfacet
  facet normal 0 0 1
    outer loop
      vertex 93.2449 -9.85399 27.4
      vertex 91.2448 -6.8607 27.4
      vertex 92.6725 -10.1971 27.4
    endloop
  endfacet
  facet normal -0 0 1
    outer loop
      vertex 90.9755 -7.02215 27.4
      vertex 92.6725 -10.1971 27.4
      vertex 91.2448 -6.8607 27.4
    endloop
  endfacet
  facet normal 0 0 1
    outer loop
      vertex 92.6725 -10.1971 27.4
      vertex 90.9755 -7.02215 27.4
      vertex 92.0692 -10.4824 27.4
    endloop
  endfacet
  facet normal -0 0 1
    outer loop
      vertex 90.6916 -7.15641 27.4
      vertex 92.0692 -10.4824 27.4
      vertex 90.9755 -7.02215 27.4
    endloop
  endfacet
  facet normal 0 0 1
    outer loop
      vertex 92.0692 -10.4824 27.4
      vertex 90.6916 -7.15641 27.4
      vertex 91.4409 -10.7072 27.4
    endloop
  endfacet
  facet normal -0 0 1
    outer loop
      vertex 90.3959 -7.26221 27.4
      vertex 91.4409 -10.7072 27.4
      vertex 90.6916 -7.15641 27.4
    endloop
  endfacet
  facet normal 0 0 1
    outer loop
      vertex 91.4409 -10.7072 27.4
      vertex 90.3959 -7.26221 27.4
      vertex 90.7936 -10.8693 27.4
    endloop
  endfacet
  facet normal -0 0 1
    outer loop
      vertex 90.0913 -7.33851 27.4
      vertex 90.7936 -10.8693 27.4
      vertex 90.3959 -7.26221 27.4
    endloop
  endfacet
  facet normal 0 0 1
    outer loop
      vertex 90.7936 -10.8693 27.4
      vertex 90.0913 -7.33851 27.4
      vertex 90.1335 -10.9673 27.4
    endloop
  endfacet
  facet normal -0 0 1
    outer loop
      vertex 89.7807 -7.38459 27.4
      vertex 90.1335 -10.9673 27.4
      vertex 90.0913 -7.33851 27.4
    endloop
  endfacet
  facet normal -0 0 1
    outer loop
      vertex 89.467 -7.4 27.4
      vertex 90.1335 -10.9673 27.4
      vertex 89.7807 -7.38459 27.4
    endloop
  endfacet
  facet normal 0 0 1
    outer loop
      vertex 89.467 -7.4 27.4
      vertex 89.467 -11 27.4
      vertex 90.1335 -10.9673 27.4
    endloop
  endfacet
  facet normal 0 0 1
    outer loop
      vertex 89.1533 -7.38459 27.4
      vertex 89.467 -11 27.4
      vertex 89.467 -7.4 27.4
    endloop
  endfacet
  facet normal 0 0 1
    outer loop
      vertex 88.8005 -10.9673 27.4
      vertex 89.1533 -7.38459 27.4
      vertex 88.8427 -7.33851 27.4
    endloop
  endfacet
  facet normal 0 0 1
    outer loop
      vertex 89.1533 -7.38459 27.4
      vertex 88.8005 -10.9673 27.4
      vertex 89.467 -11 27.4
    endloop
  endfacet
  facet normal 0 0 1
    outer loop
      vertex 88.1404 -10.8693 27.4
      vertex 88.8427 -7.33851 27.4
      vertex 88.5381 -7.26221 27.4
    endloop
  endfacet
  facet normal 0 0 1
    outer loop
      vertex 87.4931 -10.7072 27.4
      vertex 88.5381 -7.26221 27.4
      vertex 88.2424 -7.15641 27.4
    endloop
  endfacet
  facet normal 0 0 1
    outer loop
      vertex 88.8427 -7.33851 27.4
      vertex 88.1404 -10.8693 27.4
      vertex 88.8005 -10.9673 27.4
    endloop
  endfacet
  facet normal 0 0 1
    outer loop
      vertex 86.8647 -10.4824 27.4
      vertex 88.2424 -7.15641 27.4
      vertex 87.9585 -7.02215 27.4
    endloop
  endfacet
  facet normal 0 0 1
    outer loop
      vertex 86.2615 -10.1971 27.4
      vertex 87.9585 -7.02215 27.4
      vertex 87.6892 -6.8607 27.4
    endloop
  endfacet
  facet normal 0 0 1
    outer loop
      vertex 88.5381 -7.26221 27.4
      vertex 87.4931 -10.7072 27.4
      vertex 88.1404 -10.8693 27.4
    endloop
  endfacet
  facet normal 0 0 1
    outer loop
      vertex 85.6891 -9.85399 27.4
      vertex 87.6892 -6.8607 27.4
      vertex 87.4369 -6.67363 27.4
    endloop
  endfacet
  facet normal 0 0 1
    outer loop
      vertex 85.1531 -9.45647 27.4
      vertex 87.4369 -6.67363 27.4
      vertex 87.2043 -6.46274 27.4
    endloop
  endfacet
  facet normal 0 0 1
    outer loop
      vertex 84.6587 -9.00832 27.4
      vertex 87.2043 -6.46274 27.4
      vertex 86.9934 -6.23006 27.4
    endloop
  endfacet
  facet normal 0 0 1
    outer loop
      vertex 88.2424 -7.15641 27.4
      vertex 86.8647 -10.4824 27.4
      vertex 87.4931 -10.7072 27.4
    endloop
  endfacet
  facet normal 0 0 1
    outer loop
      vertex 84.2105 -8.51387 27.4
      vertex 86.9934 -6.23006 27.4
      vertex 86.8063 -5.97782 27.4
    endloop
  endfacet
  facet normal 0 0 1
    outer loop
      vertex 83.813 -7.97787 27.4
      vertex 86.8063 -5.97782 27.4
      vertex 86.6449 -5.70847 27.4
    endloop
  endfacet
  facet normal 0 0 1
    outer loop
      vertex 83.813 -7.97787 27.4
      vertex 86.6449 -5.70847 27.4
      vertex 86.5106 -5.42459 27.4
    endloop
  endfacet
  facet normal 0 0 1
    outer loop
      vertex 83.813 -7.97787 27.4
      vertex 86.5106 -5.42459 27.4
      vertex 86.4048 -5.12891 27.4
    endloop
  endfacet
  facet normal 0 0 1
    outer loop
      vertex 83.813 -7.97787 27.4
      vertex 86.4048 -5.12891 27.4
      vertex 86.3285 -4.82429 27.4
    endloop
  endfacet
  facet normal 0 0 1
    outer loop
      vertex 83.813 -7.97787 27.4
      vertex 86.3285 -4.82429 27.4
      vertex 86.2824 -4.51365 27.4
    endloop
  endfacet
  facet normal 0 0 1
    outer loop
      vertex 87.9585 -7.02215 27.4
      vertex 86.2615 -10.1971 27.4
      vertex 86.8647 -10.4824 27.4
    endloop
  endfacet
  facet normal 0 0 1
    outer loop
      vertex 83.813 -7.97787 27.4
      vertex 86.2824 -4.51365 27.4
      vertex 86.267 -4.2 27.4
    endloop
  endfacet
  facet normal 0 0 1
    outer loop
      vertex 86.267 81.466 27.4
      vertex 79.9763 79.2854 27.4
      vertex 86.267 -4.2 27.4
    endloop
  endfacet
  facet normal 0 0 1
    outer loop
      vertex 86.5106 82.6906 27.4
      vertex 83.813 85.2439 27.4
      vertex 86.4048 82.3949 27.4
    endloop
  endfacet
  facet normal -0 0 1
    outer loop
      vertex 79.9763 -2.01938 27.4
      vertex 86.267 -4.2 27.4
      vertex 79.9763 79.2854 27.4
    endloop
  endfacet
  facet normal 0 0 1
    outer loop
      vertex 86.4048 82.3949 27.4
      vertex 83.813 85.2439 27.4
      vertex 86.3285 82.0903 27.4
    endloop
  endfacet
  facet normal 0 -0 1
    outer loop
      vertex 83.813 -7.97787 27.4
      vertex 86.267 -4.2 27.4
      vertex 79.9763 -2.01938 27.4
    endloop
  endfacet
  facet normal 0 0 1
    outer loop
      vertex 86.3285 82.0903 27.4
      vertex 83.813 85.2439 27.4
      vertex 86.2824 81.7797 27.4
    endloop
  endfacet
  facet normal 0 0 1
    outer loop
      vertex 86.8063 -5.97782 27.4
      vertex 83.813 -7.97787 27.4
      vertex 84.2105 -8.51387 27.4
    endloop
  endfacet
  facet normal 0 0 1
    outer loop
      vertex 86.2824 81.7797 27.4
      vertex 83.813 85.2439 27.4
      vertex 86.267 81.466 27.4
    endloop
  endfacet
  facet normal 0 0 1
    outer loop
      vertex 87.6892 -6.8607 27.4
      vertex 85.6891 -9.85399 27.4
      vertex 86.2615 -10.1971 27.4
    endloop
  endfacet
  facet normal 0 0 1
    outer loop
      vertex 86.267 81.466 27.4
      vertex 83.813 85.2439 27.4
      vertex 79.9763 79.2854 27.4
    endloop
  endfacet
  facet normal 0 0 1
    outer loop
      vertex 87.4369 -6.67363 27.4
      vertex 85.1531 -9.45647 27.4
      vertex 85.6891 -9.85399 27.4
    endloop
  endfacet
  facet normal 0 0 1
    outer loop
      vertex 87.2043 -6.46274 27.4
      vertex 84.6587 -9.00832 27.4
      vertex 85.1531 -9.45647 27.4
    endloop
  endfacet
  facet normal 0 0 1
    outer loop
      vertex 86.9934 -6.23006 27.4
      vertex 84.2105 -8.51387 27.4
      vertex 84.6587 -9.00832 27.4
    endloop
  endfacet
  facet normal 0 0 1
    outer loop
      vertex 76.987 79.716 27.4
      vertex 79.9763 79.2854 27.4
      vertex 79.0803 79.5098 27.4
    endloop
  endfacet
  facet normal 0 0 1
    outer loop
      vertex 79.9763 79.2854 27.4
      vertex 76.987 79.716 27.4
      vertex 79.9763 -2.01938 27.4
    endloop
  endfacet
  facet normal 0 0 1
    outer loop
      vertex 76.987 79.716 27.4
      vertex 79.0803 79.5098 27.4
      vertex 78.0387 79.6643 27.4
    endloop
  endfacet
  facet normal 0 0 1
    outer loop
      vertex 76.987 -2.45 27.4
      vertex 79.9763 -2.01938 27.4
      vertex 76.987 79.716 27.4
    endloop
  endfacet
  facet normal 0 0 1
    outer loop
      vertex 79.9763 -2.01938 27.4
      vertex 76.987 -2.45 27.4
      vertex 79.0803 -2.24384 27.4
    endloop
  endfacet
  facet normal 0 0 1
    outer loop
      vertex 79.0803 -2.24384 27.4
      vertex 76.987 -2.45 27.4
      vertex 78.0387 -2.39833 27.4
    endloop
  endfacet
  facet normal -0 0 1
    outer loop
      vertex 8.27998 79.716 27.4
      vertex 76.987 -2.45 27.4
      vertex 76.987 79.716 27.4
    endloop
  endfacet
  facet normal 0 0 1
    outer loop
      vertex 8.27998 79.716 27.4
      vertex 8.27998 -2.45 27.4
      vertex 76.987 -2.45 27.4
    endloop
  endfacet
  facet normal 0 0 1
    outer loop
      vertex -2.45 68.986 27.4
      vertex 8.27998 79.716 27.4
      vertex 7.22826 79.6643 27.4
    endloop
  endfacet
  facet normal 0 0 1
    outer loop
      vertex 8.27998 79.716 27.4
      vertex -2.45 68.986 27.4
      vertex 8.27998 -2.45 27.4
    endloop
  endfacet
  facet normal 0 0 1
    outer loop
      vertex -2.45 68.986 27.4
      vertex 7.22826 79.6643 27.4
      vertex 6.18666 79.5098 27.4
    endloop
  endfacet
  facet normal -0 0 1
    outer loop
      vertex -2.45 8.27998 27.4
      vertex 8.27998 -2.45 27.4
      vertex -2.45 68.986 27.4
    endloop
  endfacet
  facet normal 0 0 1
    outer loop
      vertex -2.45 68.986 27.4
      vertex 6.18666 79.5098 27.4
      vertex 5.29065 79.2854 27.4
    endloop
  endfacet
  facet normal 0 0 1
    outer loop
      vertex 8.27998 -2.45 27.4
      vertex -2.45 8.27998 27.4
      vertex 7.22826 -2.39833 27.4
    endloop
  endfacet
  facet normal -0 0 1
    outer loop
      vertex -1 81.466 27.4
      vertex 5.29065 79.2854 27.4
      vertex 1.45398 85.2439 27.4
    endloop
  endfacet
  facet normal 0 0 1
    outer loop
      vertex 7.22826 -2.39833 27.4
      vertex -2.45 8.27998 27.4
      vertex 6.18666 -2.24384 27.4
    endloop
  endfacet
  facet normal 0 0 1
    outer loop
      vertex -1.5393 83.2438 27.4
      vertex 1.45398 85.2439 27.4
      vertex 1.05646 85.7799 27.4
    endloop
  endfacet
  facet normal 0 0 1
    outer loop
      vertex 6.18666 -2.24384 27.4
      vertex -2.45 8.27998 27.4
      vertex 5.29065 -2.01939 27.4
    endloop
  endfacet
  facet normal 0 0 1
    outer loop
      vertex -1.72637 83.4961 27.4
      vertex 1.05646 85.7799 27.4
      vertex 0.608322 86.2743 27.4
    endloop
  endfacet
  facet normal 0 0 1
    outer loop
      vertex 5.29065 79.2854 27.4
      vertex -2.01939 71.9753 27.4
      vertex -2.45 68.986 27.4
    endloop
  endfacet
  facet normal 0 0 1
    outer loop
      vertex -1.93726 83.7287 27.4
      vertex 0.608322 86.2743 27.4
      vertex 0.113861 86.7225 27.4
    endloop
  endfacet
  facet normal -0 -0 1
    outer loop
      vertex -2.01939 5.29065 27.4
      vertex 5.29065 -2.01939 27.4
      vertex -2.45 8.27998 27.4
    endloop
  endfacet
  facet normal 0 0 1
    outer loop
      vertex -2.16994 83.9396 27.4
      vertex 0.113861 86.7225 27.4
      vertex -0.422119 87.12 27.4
    endloop
  endfacet
  facet normal 0 0 1
    outer loop
      vertex 5.29065 79.2854 27.4
      vertex -1.01541 81.1523 27.4
      vertex -1.06149 80.8417 27.4
    endloop
  endfacet
  facet normal 0 0 1
    outer loop
      vertex -2.42217 84.1267 27.4
      vertex -0.422119 87.12 27.4
      vertex -0.994492 87.4631 27.4
    endloop
  endfacet
  facet normal 0 0 1
    outer loop
      vertex 5.29065 79.2854 27.4
      vertex -1 81.466 27.4
      vertex -1.01541 81.1523 27.4
    endloop
  endfacet
  facet normal 0 -0 1
    outer loop
      vertex -1.01541 -3.88634 27.4
      vertex 5.29065 -2.01939 27.4
      vertex -1.06149 -3.57571 27.4
    endloop
  endfacet
  facet normal 0 0 1
    outer loop
      vertex 1.45398 85.2439 27.4
      vertex -1.01541 81.7797 27.4
      vertex -1 81.466 27.4
    endloop
  endfacet
  facet normal 0 0 1
    outer loop
      vertex 1.45398 85.2439 27.4
      vertex -1.06149 82.0903 27.4
      vertex -1.01541 81.7797 27.4
    endloop
  endfacet
  facet normal 0 0 1
    outer loop
      vertex 1.45398 85.2439 27.4
      vertex -1.13779 82.3949 27.4
      vertex -1.06149 82.0903 27.4
    endloop
  endfacet
  facet normal 0 0 1
    outer loop
      vertex 1.45398 85.2439 27.4
      vertex -1.24358 82.6906 27.4
      vertex -1.13779 82.3949 27.4
    endloop
  endfacet
  facet normal 0 0 1
    outer loop
      vertex 1.45398 85.2439 27.4
      vertex -1.37785 82.9745 27.4
      vertex -1.24358 82.6906 27.4
    endloop
  endfacet
  facet normal 0 0 1
    outer loop
      vertex 1.45398 85.2439 27.4
      vertex -1.5393 83.2438 27.4
      vertex -1.37785 82.9745 27.4
    endloop
  endfacet
  facet normal 0 0 1
    outer loop
      vertex -2.69153 84.2881 27.4
      vertex -0.994492 87.4631 27.4
      vertex -1.59775 87.7484 27.4
    endloop
  endfacet
  facet normal 0 0 1
    outer loop
      vertex 1.05646 85.7799 27.4
      vertex -1.72637 83.4961 27.4
      vertex -1.5393 83.2438 27.4
    endloop
  endfacet
  facet normal 0 0 1
    outer loop
      vertex 0.608322 86.2743 27.4
      vertex -1.93726 83.7287 27.4
      vertex -1.72637 83.4961 27.4
    endloop
  endfacet
  facet normal 0 0 1
    outer loop
      vertex 0.113861 86.7225 27.4
      vertex -2.16994 83.9396 27.4
      vertex -1.93726 83.7287 27.4
    endloop
  endfacet
  facet normal 0 0 1
    outer loop
      vertex -2.97541 84.4224 27.4
      vertex -1.59775 87.7484 27.4
      vertex -2.22606 87.9732 27.4
    endloop
  endfacet
  facet normal 0 0 1
    outer loop
      vertex -0.422119 87.12 27.4
      vertex -2.42217 84.1267 27.4
      vertex -2.16994 83.9396 27.4
    endloop
  endfacet
  facet normal 0 0 1
    outer loop
      vertex -0.994492 87.4631 27.4
      vertex -2.69153 84.2881 27.4
      vertex -2.42217 84.1267 27.4
    endloop
  endfacet
  facet normal 0 0 1
    outer loop
      vertex -3.27109 84.5282 27.4
      vertex -2.22606 87.9732 27.4
      vertex -2.87338 88.1353 27.4
    endloop
  endfacet
  facet normal 0 0 1
    outer loop
      vertex -1.59775 87.7484 27.4
      vertex -2.97541 84.4224 27.4
      vertex -2.69153 84.2881 27.4
    endloop
  endfacet
  facet normal 0 0 1
    outer loop
      vertex -2.22606 87.9732 27.4
      vertex -3.27109 84.5282 27.4
      vertex -2.97541 84.4224 27.4
    endloop
  endfacet
  facet normal 0 0 1
    outer loop
      vertex -3.57571 84.6045 27.4
      vertex -2.87338 88.1353 27.4
      vertex -3.53348 88.2332 27.4
    endloop
  endfacet
  facet normal 0 0 1
    outer loop
      vertex -2.87338 88.1353 27.4
      vertex -3.57571 84.6045 27.4
      vertex -3.27109 84.5282 27.4
    endloop
  endfacet
  facet normal 0 0 1
    outer loop
      vertex -3.53348 88.2332 27.4
      vertex -3.88634 84.6506 27.4
      vertex -3.57571 84.6045 27.4
    endloop
  endfacet
  facet normal 0 0 1
    outer loop
      vertex -4.2 88.266 27.4
      vertex -3.88634 84.6506 27.4
      vertex -3.53348 88.2332 27.4
    endloop
  endfacet
  facet normal 0 0 1
    outer loop
      vertex -4.2 88.266 27.4
      vertex -4.2 84.666 27.4
      vertex -3.88634 84.6506 27.4
    endloop
  endfacet
  facet normal 0 0 1
    outer loop
      vertex -4.2 88.266 27.4
      vertex -4.51365 84.6506 27.4
      vertex -4.2 84.666 27.4
    endloop
  endfacet
  facet normal -0 0 1
    outer loop
      vertex -4.86652 88.2332 27.4
      vertex -4.51365 84.6506 27.4
      vertex -4.2 88.266 27.4
    endloop
  endfacet
  facet normal 0 0 1
    outer loop
      vertex -4.51365 84.6506 27.4
      vertex -4.86652 88.2332 27.4
      vertex -4.82429 84.6045 27.4
    endloop
  endfacet
  facet normal -0 0 1
    outer loop
      vertex -5.52661 88.1353 27.4
      vertex -4.82429 84.6045 27.4
      vertex -4.86652 88.2332 27.4
    endloop
  endfacet
  facet normal 0 0 1
    outer loop
      vertex -4.82429 84.6045 27.4
      vertex -5.52661 88.1353 27.4
      vertex -5.12891 84.5282 27.4
    endloop
  endfacet
  facet normal -0 0 1
    outer loop
      vertex -6.17393 87.9732 27.4
      vertex -5.12891 84.5282 27.4
      vertex -5.52661 88.1353 27.4
    endloop
  endfacet
  facet normal 0 0 1
    outer loop
      vertex -5.12891 84.5282 27.4
      vertex -6.17393 87.9732 27.4
      vertex -5.42459 84.4224 27.4
    endloop
  endfacet
  facet normal -0 0 1
    outer loop
      vertex -6.80225 87.7484 27.4
      vertex -5.42459 84.4224 27.4
      vertex -6.17393 87.9732 27.4
    endloop
  endfacet
  facet normal 0 0 1
    outer loop
      vertex -5.42459 84.4224 27.4
      vertex -6.80225 87.7484 27.4
      vertex -5.70847 84.2881 27.4
    endloop
  endfacet
  facet normal -0 0 1
    outer loop
      vertex -7.40549 87.4631 27.4
      vertex -5.70847 84.2881 27.4
      vertex -6.80225 87.7484 27.4
    endloop
  endfacet
  facet normal 0 0 1
    outer loop
      vertex -5.70847 84.2881 27.4
      vertex -7.40549 87.4631 27.4
      vertex -5.97782 84.1267 27.4
    endloop
  endfacet
  facet normal -0 0 1
    outer loop
      vertex -7.97787 87.12 27.4
      vertex -5.97782 84.1267 27.4
      vertex -7.40549 87.4631 27.4
    endloop
  endfacet
  facet normal 0 0 1
    outer loop
      vertex -5.97782 84.1267 27.4
      vertex -7.97787 87.12 27.4
      vertex -6.23006 83.9396 27.4
    endloop
  endfacet
  facet normal -0 0 1
    outer loop
      vertex -8.51387 86.7225 27.4
      vertex -6.23006 83.9396 27.4
      vertex -7.97787 87.12 27.4
    endloop
  endfacet
  facet normal 0 0 1
    outer loop
      vertex -6.23006 83.9396 27.4
      vertex -8.51387 86.7225 27.4
      vertex -6.46274 83.7287 27.4
    endloop
  endfacet
  facet normal -0 0 1
    outer loop
      vertex -9.00832 86.2743 27.4
      vertex -6.46274 83.7287 27.4
      vertex -8.51387 86.7225 27.4
    endloop
  endfacet
  facet normal 0 0 1
    outer loop
      vertex -6.46274 83.7287 27.4
      vertex -9.00832 86.2743 27.4
      vertex -6.67363 83.4961 27.4
    endloop
  endfacet
  facet normal -0 0 1
    outer loop
      vertex -9.45647 85.7799 27.4
      vertex -6.67363 83.4961 27.4
      vertex -9.00832 86.2743 27.4
    endloop
  endfacet
  facet normal 0 0 1
    outer loop
      vertex -6.67363 83.4961 27.4
      vertex -9.45647 85.7799 27.4
      vertex -6.8607 83.2438 27.4
    endloop
  endfacet
  facet normal 0 0 1
    outer loop
      vertex -6.8607 83.2438 27.4
      vertex -9.85399 85.2439 27.4
      vertex -7.02215 82.9745 27.4
    endloop
  endfacet
  facet normal -0 0 1
    outer loop
      vertex -9.85399 85.2439 27.4
      vertex -6.8607 83.2438 27.4
      vertex -9.45647 85.7799 27.4
    endloop
  endfacet
  facet normal 0 0 1
    outer loop
      vertex -2.45 68.986 27.4
      vertex -2.01939 71.9753 27.4
      vertex -2.24384 71.0793 27.4
    endloop
  endfacet
  facet normal -0 -0 1
    outer loop
      vertex -1.93726 -1.93726 27.4
      vertex 5.29065 -2.01939 27.4
      vertex -2.01939 5.29065 27.4
    endloop
  endfacet
  facet normal 0 0 1
    outer loop
      vertex -2.45 68.986 27.4
      vertex -2.24384 71.0793 27.4
      vertex -2.39833 70.0377 27.4
    endloop
  endfacet
  facet normal 0 -0 1
    outer loop
      vertex -1.06149 -3.57571 27.4
      vertex 5.29065 -2.01939 27.4
      vertex -1.13779 -3.27109 27.4
    endloop
  endfacet
  facet normal 0 0 1
    outer loop
      vertex -2.01939 5.29065 27.4
      vertex -2.45 8.27998 27.4
      vertex -2.24384 6.18666 27.4
    endloop
  endfacet
  facet normal 0 0 1
    outer loop
      vertex -2.24384 6.18666 27.4
      vertex -2.45 8.27998 27.4
      vertex -2.39833 7.22826 27.4
    endloop
  endfacet
  facet normal -0 0 1
    outer loop
      vertex -1.13779 -5.12891 27.4
      vertex 1.45398 -7.97787 27.4
      vertex -1.06149 -4.82429 27.4
    endloop
  endfacet
  facet normal -0 0 1
    outer loop
      vertex -1.24358 -5.42459 27.4
      vertex 1.45398 -7.97787 27.4
      vertex -1.13779 -5.12891 27.4
    endloop
  endfacet
  facet normal 0 0 1
    outer loop
      vertex 5.29065 79.2854 27.4
      vertex -1.06149 80.8417 27.4
      vertex -1.13779 80.5371 27.4
    endloop
  endfacet
  facet normal 0 0 1
    outer loop
      vertex 5.29065 -2.01939 27.4
      vertex -1 -4.2 27.4
      vertex 1.45398 -7.97787 27.4
    endloop
  endfacet
  facet normal -0 0 1
    outer loop
      vertex -1.24358 80.2414 27.4
      vertex 5.29065 79.2854 27.4
      vertex -1.13779 80.5371 27.4
    endloop
  endfacet
  facet normal -0 0 1
    outer loop
      vertex -1.01541 -4.51365 27.4
      vertex 1.45398 -7.97787 27.4
      vertex -1 -4.2 27.4
    endloop
  endfacet
  facet normal -0 0 1
    outer loop
      vertex -1.37785 79.9575 27.4
      vertex 5.29065 79.2854 27.4
      vertex -1.24358 80.2414 27.4
    endloop
  endfacet
  facet normal -0 0 1
    outer loop
      vertex -1.06149 -4.82429 27.4
      vertex 1.45398 -7.97787 27.4
      vertex -1.01541 -4.51365 27.4
    endloop
  endfacet
  facet normal -0 0 1
    outer loop
      vertex -1.5393 79.6882 27.4
      vertex 5.29065 79.2854 27.4
      vertex -1.37785 79.9575 27.4
    endloop
  endfacet
  facet normal 0 -0 1
    outer loop
      vertex -1 -4.2 27.4
      vertex 5.29065 -2.01939 27.4
      vertex -1.01541 -3.88634 27.4
    endloop
  endfacet
  facet normal -0 0 1
    outer loop
      vertex -1.72637 79.4359 27.4
      vertex 5.29065 79.2854 27.4
      vertex -1.5393 79.6882 27.4
    endloop
  endfacet
  facet normal 0 0 1
    outer loop
      vertex 5.29065 -2.01939 27.4
      vertex -1.24358 -2.97541 27.4
      vertex -1.13779 -3.27109 27.4
    endloop
  endfacet
  facet normal 0 0 1
    outer loop
      vertex -1.93726 79.2033 27.4
      vertex 5.29065 79.2854 27.4
      vertex -1.72637 79.4359 27.4
    endloop
  endfacet
  facet normal 0 0 1
    outer loop
      vertex 5.29065 -2.01939 27.4
      vertex -1.37785 -2.69153 27.4
      vertex -1.24358 -2.97541 27.4
    endloop
  endfacet
  facet normal 0 0 1
    outer loop
      vertex 5.29065 79.2854 27.4
      vertex -1.93726 79.2033 27.4
      vertex -2.01939 71.9753 27.4
    endloop
  endfacet
  facet normal 0 0 1
    outer loop
      vertex 5.29065 -2.01939 27.4
      vertex -1.5393 -2.42217 27.4
      vertex -1.37785 -2.69153 27.4
    endloop
  endfacet
  facet normal 0 0 1
    outer loop
      vertex 5.29065 -2.01939 27.4
      vertex -1.72637 -2.16994 27.4
      vertex -1.5393 -2.42217 27.4
    endloop
  endfacet
  facet normal -0 0 1
    outer loop
      vertex -2.16994 78.9924 27.4
      vertex -2.01939 71.9753 27.4
      vertex -1.93726 79.2033 27.4
    endloop
  endfacet
  facet normal -0 0 1
    outer loop
      vertex -2.42217 78.8053 27.4
      vertex -2.01939 71.9753 27.4
      vertex -2.16994 78.9924 27.4
    endloop
  endfacet
  facet normal -0 0 1
    outer loop
      vertex -2.69153 78.6439 27.4
      vertex -2.01939 71.9753 27.4
      vertex -2.42217 78.8053 27.4
    endloop
  endfacet
  facet normal -0 0 1
    outer loop
      vertex -2.97541 78.5096 27.4
      vertex -2.01939 71.9753 27.4
      vertex -2.69153 78.6439 27.4
    endloop
  endfacet
  facet normal -0 0 1
    outer loop
      vertex -3.27109 78.4038 27.4
      vertex -2.01939 71.9753 27.4
      vertex -2.97541 78.5096 27.4
    endloop
  endfacet
  facet normal -0 0 1
    outer loop
      vertex -3.57571 78.3275 27.4
      vertex -2.01939 71.9753 27.4
      vertex -3.27109 78.4038 27.4
    endloop
  endfacet
  facet normal -0 0 1
    outer loop
      vertex -3.88634 78.2814 27.4
      vertex -2.01939 71.9753 27.4
      vertex -3.57571 78.3275 27.4
    endloop
  endfacet
  facet normal -0 0 1
    outer loop
      vertex -4.2 78.266 27.4
      vertex -2.01939 71.9753 27.4
      vertex -3.88634 78.2814 27.4
    endloop
  endfacet
  facet normal 0 0 1
    outer loop
      vertex -4.51365 78.2814 27.4
      vertex -2.01939 71.9753 27.4
      vertex -4.2 78.266 27.4
    endloop
  endfacet
  facet normal 0 0 1
    outer loop
      vertex -7.97787 75.812 27.4
      vertex -4.51365 78.2814 27.4
      vertex -4.82429 78.3275 27.4
    endloop
  endfacet
  facet normal 0 0 1
    outer loop
      vertex -7.97787 75.812 27.4
      vertex -4.82429 78.3275 27.4
      vertex -5.12891 78.4038 27.4
    endloop
  endfacet
  facet normal 0 0 1
    outer loop
      vertex -7.97787 75.812 27.4
      vertex -5.12891 78.4038 27.4
      vertex -5.42459 78.5096 27.4
    endloop
  endfacet
  facet normal 0 0 1
    outer loop
      vertex -7.97787 75.812 27.4
      vertex -5.42459 78.5096 27.4
      vertex -5.70847 78.6439 27.4
    endloop
  endfacet
  facet normal 0 0 1
    outer loop
      vertex -7.97787 75.812 27.4
      vertex -5.70847 78.6439 27.4
      vertex -5.97782 78.8053 27.4
    endloop
  endfacet
  facet normal 0 0 1
    outer loop
      vertex -7.97787 75.812 27.4
      vertex -5.97782 78.8053 27.4
      vertex -6.23006 78.9924 27.4
    endloop
  endfacet
  facet normal 0 0 1
    outer loop
      vertex -8.51387 76.2095 27.4
      vertex -6.23006 78.9924 27.4
      vertex -6.46274 79.2033 27.4
    endloop
  endfacet
  facet normal 0 0 1
    outer loop
      vertex -9.00832 76.6577 27.4
      vertex -6.46274 79.2033 27.4
      vertex -6.67363 79.4359 27.4
    endloop
  endfacet
  facet normal 0 0 1
    outer loop
      vertex -9.45647 77.1521 27.4
      vertex -6.67363 79.4359 27.4
      vertex -6.8607 79.6882 27.4
    endloop
  endfacet
  facet normal -0 0 1
    outer loop
      vertex -10.1971 84.6715 27.4
      vertex -7.02215 82.9745 27.4
      vertex -9.85399 85.2439 27.4
    endloop
  endfacet
  facet normal 0 0 1
    outer loop
      vertex -7.02215 82.9745 27.4
      vertex -10.1971 84.6715 27.4
      vertex -7.15641 82.6906 27.4
    endloop
  endfacet
  facet normal 0 0 1
    outer loop
      vertex -4.51365 78.2814 27.4
      vertex -7.97787 75.812 27.4
      vertex -2.01939 71.9753 27.4
    endloop
  endfacet
  facet normal 0 0 1
    outer loop
      vertex -9.85399 77.6881 27.4
      vertex -6.8607 79.6882 27.4
      vertex -7.02215 79.9575 27.4
    endloop
  endfacet
  facet normal 0 0 1
    outer loop
      vertex -10.1971 78.2605 27.4
      vertex -7.02215 79.9575 27.4
      vertex -7.15641 80.2414 27.4
    endloop
  endfacet
  facet normal 0 0 1
    outer loop
      vertex -10.4824 78.8637 27.4
      vertex -7.15641 80.2414 27.4
      vertex -7.26221 80.5371 27.4
    endloop
  endfacet
  facet normal 0 0 1
    outer loop
      vertex -10.7072 79.4921 27.4
      vertex -7.26221 80.5371 27.4
      vertex -7.33851 80.8417 27.4
    endloop
  endfacet
  facet normal 0 0 1
    outer loop
      vertex -10.8693 80.1394 27.4
      vertex -7.33851 80.8417 27.4
      vertex -7.38459 81.1523 27.4
    endloop
  endfacet
  facet normal -0 0 1
    outer loop
      vertex -10.4824 84.0682 27.4
      vertex -7.15641 82.6906 27.4
      vertex -10.1971 84.6715 27.4
    endloop
  endfacet
  facet normal 0 0 1
    outer loop
      vertex -7.15641 82.6906 27.4
      vertex -10.4824 84.0682 27.4
      vertex -7.26221 82.3949 27.4
    endloop
  endfacet
  facet normal 0 0 1
    outer loop
      vertex -6.23006 78.9924 27.4
      vertex -8.51387 76.2095 27.4
      vertex -7.97787 75.812 27.4
    endloop
  endfacet
  facet normal -0 0 1
    outer loop
      vertex -10.7072 83.4399 27.4
      vertex -7.26221 82.3949 27.4
      vertex -10.4824 84.0682 27.4
    endloop
  endfacet
  facet normal 0 0 1
    outer loop
      vertex -6.46274 79.2033 27.4
      vertex -9.00832 76.6577 27.4
      vertex -8.51387 76.2095 27.4
    endloop
  endfacet
  facet normal 0 0 1
    outer loop
      vertex -7.26221 82.3949 27.4
      vertex -10.7072 83.4399 27.4
      vertex -7.33851 82.0903 27.4
    endloop
  endfacet
  facet normal 0 0 1
    outer loop
      vertex -6.67363 79.4359 27.4
      vertex -9.45647 77.1521 27.4
      vertex -9.00832 76.6577 27.4
    endloop
  endfacet
  facet normal -0 0 1
    outer loop
      vertex -10.8693 82.7926 27.4
      vertex -7.33851 82.0903 27.4
      vertex -10.7072 83.4399 27.4
    endloop
  endfacet
  facet normal 0 0 1
    outer loop
      vertex -6.8607 79.6882 27.4
      vertex -9.85399 77.6881 27.4
      vertex -9.45647 77.1521 27.4
    endloop
  endfacet
  facet normal 0 0 1
    outer loop
      vertex -7.33851 82.0903 27.4
      vertex -10.8693 82.7926 27.4
      vertex -7.38459 81.7797 27.4
    endloop
  endfacet
  facet normal 0 0 1
    outer loop
      vertex -7.02215 79.9575 27.4
      vertex -10.1971 78.2605 27.4
      vertex -9.85399 77.6881 27.4
    endloop
  endfacet
  facet normal -0 0 1
    outer loop
      vertex -10.9673 82.1325 27.4
      vertex -7.38459 81.7797 27.4
      vertex -10.8693 82.7926 27.4
    endloop
  endfacet
  facet normal 0 0 1
    outer loop
      vertex -7.15641 80.2414 27.4
      vertex -10.4824 78.8637 27.4
      vertex -10.1971 78.2605 27.4
    endloop
  endfacet
  facet normal 0 0 1
    outer loop
      vertex -7.38459 81.7797 27.4
      vertex -10.9673 82.1325 27.4
      vertex -7.4 81.466 27.4
    endloop
  endfacet
  facet normal 0 0 1
    outer loop
      vertex -7.26221 80.5371 27.4
      vertex -10.7072 79.4921 27.4
      vertex -10.4824 78.8637 27.4
    endloop
  endfacet
  facet normal 0 0 1
    outer loop
      vertex -11 81.466 27.4
      vertex -7.4 81.466 27.4
      vertex -10.9673 82.1325 27.4
    endloop
  endfacet
  facet normal 0 0 1
    outer loop
      vertex -7.33851 80.8417 27.4
      vertex -10.8693 80.1394 27.4
      vertex -10.7072 79.4921 27.4
    endloop
  endfacet
  facet normal 0 0 1
    outer loop
      vertex -7.4 81.466 27.4
      vertex -11 81.466 27.4
      vertex -7.38459 81.1523 27.4
    endloop
  endfacet
  facet normal 0 0 1
    outer loop
      vertex -7.38459 81.1523 27.4
      vertex -10.9673 80.7995 27.4
      vertex -10.8693 80.1394 27.4
    endloop
  endfacet
  facet normal 0 0 1
    outer loop
      vertex -7.38459 81.1523 27.4
      vertex -11 81.466 27.4
      vertex -10.9673 80.7995 27.4
    endloop
  endfacet
  facet normal -0 0 1
    outer loop
      vertex -1.37785 -5.70847 27.4
      vertex 1.45398 -7.97787 27.4
      vertex -1.24358 -5.42459 27.4
    endloop
  endfacet
  facet normal -0 0 1
    outer loop
      vertex -1.5393 -5.97782 27.4
      vertex 1.45398 -7.97787 27.4
      vertex -1.37785 -5.70847 27.4
    endloop
  endfacet
  facet normal 0 0 1
    outer loop
      vertex 1.45398 -7.97787 27.4
      vertex -1.5393 -5.97782 27.4
      vertex 1.05646 -8.51387 27.4
    endloop
  endfacet
  facet normal -0 0 1
    outer loop
      vertex -1.72637 -6.23006 27.4
      vertex 1.05646 -8.51387 27.4
      vertex -1.5393 -5.97782 27.4
    endloop
  endfacet
  facet normal 0 0 1
    outer loop
      vertex 1.05646 -8.51387 27.4
      vertex -1.72637 -6.23006 27.4
      vertex 0.608322 -9.00832 27.4
    endloop
  endfacet
  facet normal -0 0 1
    outer loop
      vertex -1.93726 -6.46274 27.4
      vertex 0.608322 -9.00832 27.4
      vertex -1.72637 -6.23006 27.4
    endloop
  endfacet
  facet normal 0 0 1
    outer loop
      vertex 0.608322 -9.00832 27.4
      vertex -1.93726 -6.46274 27.4
      vertex 0.113861 -9.45647 27.4
    endloop
  endfacet
  facet normal -0 0 1
    outer loop
      vertex -2.16994 -6.67363 27.4
      vertex 0.113861 -9.45647 27.4
      vertex -1.93726 -6.46274 27.4
    endloop
  endfacet
  facet normal 0 0 1
    outer loop
      vertex 0.113861 -9.45647 27.4
      vertex -2.16994 -6.67363 27.4
      vertex -0.422119 -9.85399 27.4
    endloop
  endfacet
  facet normal -0 0 1
    outer loop
      vertex -2.42217 -6.8607 27.4
      vertex -0.422119 -9.85399 27.4
      vertex -2.16994 -6.67363 27.4
    endloop
  endfacet
  facet normal 0 0 1
    outer loop
      vertex -0.422119 -9.85399 27.4
      vertex -2.42217 -6.8607 27.4
      vertex -0.994492 -10.1971 27.4
    endloop
  endfacet
  facet normal -0 0 1
    outer loop
      vertex -2.69153 -7.02215 27.4
      vertex -0.994492 -10.1971 27.4
      vertex -2.42217 -6.8607 27.4
    endloop
  endfacet
  facet normal 0 0 1
    outer loop
      vertex -0.994492 -10.1971 27.4
      vertex -2.69153 -7.02215 27.4
      vertex -1.59775 -10.4824 27.4
    endloop
  endfacet
  facet normal -0 0 1
    outer loop
      vertex -2.97541 -7.15641 27.4
      vertex -1.59775 -10.4824 27.4
      vertex -2.69153 -7.02215 27.4
    endloop
  endfacet
  facet normal 0 0 1
    outer loop
      vertex -1.59775 -10.4824 27.4
      vertex -2.97541 -7.15641 27.4
      vertex -2.22606 -10.7072 27.4
    endloop
  endfacet
  facet normal -0 0 1
    outer loop
      vertex -3.27109 -7.26221 27.4
      vertex -2.22606 -10.7072 27.4
      vertex -2.97541 -7.15641 27.4
    endloop
  endfacet
  facet normal 0 0 1
    outer loop
      vertex -2.22606 -10.7072 27.4
      vertex -3.27109 -7.26221 27.4
      vertex -2.87338 -10.8693 27.4
    endloop
  endfacet
  facet normal -0 0 1
    outer loop
      vertex -3.57571 -7.33851 27.4
      vertex -2.87338 -10.8693 27.4
      vertex -3.27109 -7.26221 27.4
    endloop
  endfacet
  facet normal 0 0 1
    outer loop
      vertex -2.87338 -10.8693 27.4
      vertex -3.57571 -7.33851 27.4
      vertex -3.53348 -10.9673 27.4
    endloop
  endfacet
  facet normal -0 0 1
    outer loop
      vertex -3.88634 -7.38459 27.4
      vertex -3.53348 -10.9673 27.4
      vertex -3.57571 -7.33851 27.4
    endloop
  endfacet
  facet normal 0 0 1
    outer loop
      vertex -3.88634 -7.38459 27.4
      vertex -4.2 -11 27.4
      vertex -3.53348 -10.9673 27.4
    endloop
  endfacet
  facet normal -0 0 1
    outer loop
      vertex -4.2 -7.4 27.4
      vertex -4.2 -11 27.4
      vertex -3.88634 -7.38459 27.4
    endloop
  endfacet
  facet normal 0 0 1
    outer loop
      vertex -4.51365 -7.38459 27.4
      vertex -4.2 -11 27.4
      vertex -4.2 -7.4 27.4
    endloop
  endfacet
  facet normal 0 0 1
    outer loop
      vertex -4.86652 -10.9673 27.4
      vertex -4.51365 -7.38459 27.4
      vertex -4.82429 -7.33851 27.4
    endloop
  endfacet
  facet normal 0 0 1
    outer loop
      vertex -4.51365 -7.38459 27.4
      vertex -4.86652 -10.9673 27.4
      vertex -4.2 -11 27.4
    endloop
  endfacet
  facet normal 0 0 1
    outer loop
      vertex -5.52661 -10.8693 27.4
      vertex -4.82429 -7.33851 27.4
      vertex -5.12891 -7.26221 27.4
    endloop
  endfacet
  facet normal 0 0 1
    outer loop
      vertex -6.17393 -10.7072 27.4
      vertex -5.12891 -7.26221 27.4
      vertex -5.42459 -7.15641 27.4
    endloop
  endfacet
  facet normal 0 0 1
    outer loop
      vertex -4.82429 -7.33851 27.4
      vertex -5.52661 -10.8693 27.4
      vertex -4.86652 -10.9673 27.4
    endloop
  endfacet
  facet normal 0 0 1
    outer loop
      vertex -6.80225 -10.4824 27.4
      vertex -5.42459 -7.15641 27.4
      vertex -5.70847 -7.02215 27.4
    endloop
  endfacet
  facet normal 0 0 1
    outer loop
      vertex -7.40549 -10.1971 27.4
      vertex -5.70847 -7.02215 27.4
      vertex -5.97782 -6.8607 27.4
    endloop
  endfacet
  facet normal 0 0 1
    outer loop
      vertex -5.12891 -7.26221 27.4
      vertex -6.17393 -10.7072 27.4
      vertex -5.52661 -10.8693 27.4
    endloop
  endfacet
  facet normal 0 0 1
    outer loop
      vertex -7.97787 -9.85399 27.4
      vertex -5.97782 -6.8607 27.4
      vertex -6.23006 -6.67363 27.4
    endloop
  endfacet
  facet normal 0 0 1
    outer loop
      vertex -8.51387 -9.45647 27.4
      vertex -6.23006 -6.67363 27.4
      vertex -6.46274 -6.46274 27.4
    endloop
  endfacet
  facet normal 0 0 1
    outer loop
      vertex -9.00832 -9.00832 27.4
      vertex -6.46274 -6.46274 27.4
      vertex -6.67363 -6.23006 27.4
    endloop
  endfacet
  facet normal 0 0 1
    outer loop
      vertex -5.42459 -7.15641 27.4
      vertex -6.80225 -10.4824 27.4
      vertex -6.17393 -10.7072 27.4
    endloop
  endfacet
  facet normal 0 0 1
    outer loop
      vertex -9.45647 -8.51387 27.4
      vertex -6.67363 -6.23006 27.4
      vertex -6.8607 -5.97782 27.4
    endloop
  endfacet
  facet normal 0 0 1
    outer loop
      vertex -9.85399 -7.97787 27.4
      vertex -6.8607 -5.97782 27.4
      vertex -7.02215 -5.70847 27.4
    endloop
  endfacet
  facet normal 0 0 1
    outer loop
      vertex -10.1971 -7.40549 27.4
      vertex -7.02215 -5.70847 27.4
      vertex -7.15641 -5.42459 27.4
    endloop
  endfacet
  facet normal 0 0 1
    outer loop
      vertex -10.4824 -6.80225 27.4
      vertex -7.15641 -5.42459 27.4
      vertex -7.26221 -5.12891 27.4
    endloop
  endfacet
  facet normal 0 0 1
    outer loop
      vertex -10.7072 -6.17393 27.4
      vertex -7.26221 -5.12891 27.4
      vertex -7.33851 -4.82429 27.4
    endloop
  endfacet
  facet normal 0 0 1
    outer loop
      vertex -10.8693 -5.52661 27.4
      vertex -7.33851 -4.82429 27.4
      vertex -7.38459 -4.51365 27.4
    endloop
  endfacet
  facet normal 0 0 1
    outer loop
      vertex -5.70847 -7.02215 27.4
      vertex -7.40549 -10.1971 27.4
      vertex -6.80225 -10.4824 27.4
    endloop
  endfacet
  facet normal 0 0 1
    outer loop
      vertex -10.9673 -4.86652 27.4
      vertex -7.38459 -4.51365 27.4
      vertex -7.4 -4.2 27.4
    endloop
  endfacet
  facet normal 0 0 1
    outer loop
      vertex 5.29065 -2.01939 27.4
      vertex -1.93726 -1.93726 27.4
      vertex -1.72637 -2.16994 27.4
    endloop
  endfacet
  facet normal 0 0 1
    outer loop
      vertex -2.01939 5.29065 27.4
      vertex -2.16994 -1.72637 27.4
      vertex -1.93726 -1.93726 27.4
    endloop
  endfacet
  facet normal 0 0 1
    outer loop
      vertex -2.01939 5.29065 27.4
      vertex -2.42217 -1.5393 27.4
      vertex -2.16994 -1.72637 27.4
    endloop
  endfacet
  facet normal 0 0 1
    outer loop
      vertex -2.01939 5.29065 27.4
      vertex -2.69153 -1.37785 27.4
      vertex -2.42217 -1.5393 27.4
    endloop
  endfacet
  facet normal 0 0 1
    outer loop
      vertex -2.01939 5.29065 27.4
      vertex -2.97541 -1.24358 27.4
      vertex -2.69153 -1.37785 27.4
    endloop
  endfacet
  facet normal 0 0 1
    outer loop
      vertex -2.01939 5.29065 27.4
      vertex -3.27109 -1.13779 27.4
      vertex -2.97541 -1.24358 27.4
    endloop
  endfacet
  facet normal 0 0 1
    outer loop
      vertex -2.01939 5.29065 27.4
      vertex -3.57571 -1.06149 27.4
      vertex -3.27109 -1.13779 27.4
    endloop
  endfacet
  facet normal 0 0 1
    outer loop
      vertex -2.01939 5.29065 27.4
      vertex -3.88634 -1.01541 27.4
      vertex -3.57571 -1.06149 27.4
    endloop
  endfacet
  facet normal 0 0 1
    outer loop
      vertex -2.01939 5.29065 27.4
      vertex -4.2 -1 27.4
      vertex -3.88634 -1.01541 27.4
    endloop
  endfacet
  facet normal 0 0 1
    outer loop
      vertex -2.01939 5.29065 27.4
      vertex -4.51365 -1.01541 27.4
      vertex -4.2 -1 27.4
    endloop
  endfacet
  facet normal -0 0 1
    outer loop
      vertex -7.97787 1.45398 27.4
      vertex -4.51365 -1.01541 27.4
      vertex -2.01939 5.29065 27.4
    endloop
  endfacet
  facet normal 0 0 1
    outer loop
      vertex -4.51365 -1.01541 27.4
      vertex -7.97787 1.45398 27.4
      vertex -4.82429 -1.06149 27.4
    endloop
  endfacet
  facet normal 0 0 1
    outer loop
      vertex -4.82429 -1.06149 27.4
      vertex -7.97787 1.45398 27.4
      vertex -5.12891 -1.13779 27.4
    endloop
  endfacet
  facet normal 0 0 1
    outer loop
      vertex -5.12891 -1.13779 27.4
      vertex -7.97787 1.45398 27.4
      vertex -5.42459 -1.24358 27.4
    endloop
  endfacet
  facet normal 0 0 1
    outer loop
      vertex -5.42459 -1.24358 27.4
      vertex -7.97787 1.45398 27.4
      vertex -5.70847 -1.37785 27.4
    endloop
  endfacet
  facet normal 0 0 1
    outer loop
      vertex -5.70847 -1.37785 27.4
      vertex -7.97787 1.45398 27.4
      vertex -5.97782 -1.5393 27.4
    endloop
  endfacet
  facet normal 0 0 1
    outer loop
      vertex -5.97782 -1.5393 27.4
      vertex -7.97787 1.45398 27.4
      vertex -6.23006 -1.72637 27.4
    endloop
  endfacet
  facet normal -0 0 1
    outer loop
      vertex -8.51387 1.05646 27.4
      vertex -6.23006 -1.72637 27.4
      vertex -7.97787 1.45398 27.4
    endloop
  endfacet
  facet normal 0 0 1
    outer loop
      vertex -6.23006 -1.72637 27.4
      vertex -8.51387 1.05646 27.4
      vertex -6.46274 -1.93726 27.4
    endloop
  endfacet
  facet normal -0 0 1
    outer loop
      vertex -9.00832 0.608322 27.4
      vertex -6.46274 -1.93726 27.4
      vertex -8.51387 1.05646 27.4
    endloop
  endfacet
  facet normal 0 0 1
    outer loop
      vertex -6.46274 -1.93726 27.4
      vertex -9.00832 0.608322 27.4
      vertex -6.67363 -2.16994 27.4
    endloop
  endfacet
  facet normal -0 0 1
    outer loop
      vertex -9.45647 0.113861 27.4
      vertex -6.67363 -2.16994 27.4
      vertex -9.00832 0.608322 27.4
    endloop
  endfacet
  facet normal 0 0 1
    outer loop
      vertex -6.67363 -2.16994 27.4
      vertex -9.45647 0.113861 27.4
      vertex -6.8607 -2.42217 27.4
    endloop
  endfacet
  facet normal -0 0 1
    outer loop
      vertex -9.85399 -0.422119 27.4
      vertex -6.8607 -2.42217 27.4
      vertex -9.45647 0.113861 27.4
    endloop
  endfacet
  facet normal 0 0 1
    outer loop
      vertex -6.8607 -2.42217 27.4
      vertex -9.85399 -0.422119 27.4
      vertex -7.02215 -2.69153 27.4
    endloop
  endfacet
  facet normal -0 0 1
    outer loop
      vertex -10.1971 -0.994492 27.4
      vertex -7.02215 -2.69153 27.4
      vertex -9.85399 -0.422119 27.4
    endloop
  endfacet
  facet normal 0 0 1
    outer loop
      vertex -7.02215 -2.69153 27.4
      vertex -10.1971 -0.994492 27.4
      vertex -7.15641 -2.97541 27.4
    endloop
  endfacet
  facet normal 0 0 1
    outer loop
      vertex -5.97782 -6.8607 27.4
      vertex -7.97787 -9.85399 27.4
      vertex -7.40549 -10.1971 27.4
    endloop
  endfacet
  facet normal -0 0 1
    outer loop
      vertex -10.4824 -1.59775 27.4
      vertex -7.15641 -2.97541 27.4
      vertex -10.1971 -0.994492 27.4
    endloop
  endfacet
  facet normal 0 0 1
    outer loop
      vertex -6.23006 -6.67363 27.4
      vertex -8.51387 -9.45647 27.4
      vertex -7.97787 -9.85399 27.4
    endloop
  endfacet
  facet normal 0 0 1
    outer loop
      vertex -7.15641 -2.97541 27.4
      vertex -10.4824 -1.59775 27.4
      vertex -7.26221 -3.27109 27.4
    endloop
  endfacet
  facet normal 0 0 1
    outer loop
      vertex -6.46274 -6.46274 27.4
      vertex -9.00832 -9.00832 27.4
      vertex -8.51387 -9.45647 27.4
    endloop
  endfacet
  facet normal -0 0 1
    outer loop
      vertex -10.7072 -2.22606 27.4
      vertex -7.26221 -3.27109 27.4
      vertex -10.4824 -1.59775 27.4
    endloop
  endfacet
  facet normal 0 0 1
    outer loop
      vertex -6.67363 -6.23006 27.4
      vertex -9.45647 -8.51387 27.4
      vertex -9.00832 -9.00832 27.4
    endloop
  endfacet
  facet normal 0 0 1
    outer loop
      vertex -7.26221 -3.27109 27.4
      vertex -10.7072 -2.22606 27.4
      vertex -7.33851 -3.57571 27.4
    endloop
  endfacet
  facet normal 0 0 1
    outer loop
      vertex -6.8607 -5.97782 27.4
      vertex -9.85399 -7.97787 27.4
      vertex -9.45647 -8.51387 27.4
    endloop
  endfacet
  facet normal -0 0 1
    outer loop
      vertex -10.8693 -2.87338 27.4
      vertex -7.33851 -3.57571 27.4
      vertex -10.7072 -2.22606 27.4
    endloop
  endfacet
  facet normal 0 0 1
    outer loop
      vertex -7.02215 -5.70847 27.4
      vertex -10.1971 -7.40549 27.4
      vertex -9.85399 -7.97787 27.4
    endloop
  endfacet
  facet normal 0 0 1
    outer loop
      vertex -7.33851 -3.57571 27.4
      vertex -10.8693 -2.87338 27.4
      vertex -7.38459 -3.88634 27.4
    endloop
  endfacet
  facet normal 0 0 1
    outer loop
      vertex -7.15641 -5.42459 27.4
      vertex -10.4824 -6.80225 27.4
      vertex -10.1971 -7.40549 27.4
    endloop
  endfacet
  facet normal -0 0 1
    outer loop
      vertex -10.9673 -3.53348 27.4
      vertex -7.38459 -3.88634 27.4
      vertex -10.8693 -2.87338 27.4
    endloop
  endfacet
  facet normal 0 0 1
    outer loop
      vertex -7.26221 -5.12891 27.4
      vertex -10.7072 -6.17393 27.4
      vertex -10.4824 -6.80225 27.4
    endloop
  endfacet
  facet normal 0 0 1
    outer loop
      vertex -7.38459 -3.88634 27.4
      vertex -10.9673 -3.53348 27.4
      vertex -7.4 -4.2 27.4
    endloop
  endfacet
  facet normal 0 0 1
    outer loop
      vertex -7.33851 -4.82429 27.4
      vertex -10.8693 -5.52661 27.4
      vertex -10.7072 -6.17393 27.4
    endloop
  endfacet
  facet normal 0 0 1
    outer loop
      vertex -11 -4.2 27.4
      vertex -7.4 -4.2 27.4
      vertex -10.9673 -3.53348 27.4
    endloop
  endfacet
  facet normal 0 0 1
    outer loop
      vertex -7.38459 -4.51365 27.4
      vertex -10.9673 -4.86652 27.4
      vertex -10.8693 -5.52661 27.4
    endloop
  endfacet
  facet normal 0 0 1
    outer loop
      vertex -7.4 -4.2 27.4
      vertex -11 -4.2 27.4
      vertex -10.9673 -4.86652 27.4
    endloop
  endfacet
  facet normal 0.146853 -0.989158 0
    outer loop
      vertex 90.1335 -10.9673 0
      vertex 90.7936 -10.8693 27.4
      vertex 90.1335 -10.9673 27.4
    endloop
  endfacet
  facet normal 0.146853 -0.989158 0
    outer loop
      vertex 90.7936 -10.8693 27.4
      vertex 90.1335 -10.9673 0
      vertex 90.7936 -10.8693 0
    endloop
  endfacet
  facet normal 0.242923 -0.970045 0
    outer loop
      vertex 90.7936 -10.8693 0
      vertex 91.4409 -10.7072 27.4
      vertex 90.7936 -10.8693 27.4
    endloop
  endfacet
  facet normal 0.242923 -0.970045 0
    outer loop
      vertex 91.4409 -10.7072 27.4
      vertex 90.7936 -10.8693 0
      vertex 91.4409 -10.7072 0
    endloop
  endfacet
  facet normal 0.336877 -0.941549 0
    outer loop
      vertex 91.4409 -10.7072 0
      vertex 92.0692 -10.4824 27.4
      vertex 91.4409 -10.7072 27.4
    endloop
  endfacet
  facet normal 0.336877 -0.941549 0
    outer loop
      vertex 92.0692 -10.4824 27.4
      vertex 91.4409 -10.7072 0
      vertex 92.0692 -10.4824 0
    endloop
  endfacet
  facet normal 0.427507 -0.904012 0
    outer loop
      vertex 92.0692 -10.4824 0
      vertex 92.6725 -10.1971 27.4
      vertex 92.0692 -10.4824 27.4
    endloop
  endfacet
  facet normal 0.427507 -0.904012 0
    outer loop
      vertex 92.6725 -10.1971 27.4
      vertex 92.0692 -10.4824 0
      vertex 92.6725 -10.1971 0
    endloop
  endfacet
  facet normal 0.514132 -0.857711 0
    outer loop
      vertex 92.6725 -10.1971 0
      vertex 93.2449 -9.85399 27.4
      vertex 92.6725 -10.1971 27.4
    endloop
  endfacet
  facet normal 0.514132 -0.857711 0
    outer loop
      vertex 93.2449 -9.85399 27.4
      vertex 92.6725 -10.1971 0
      vertex 93.2449 -9.85399 0
    endloop
  endfacet
  facet normal 0.595695 -0.803211 0
    outer loop
      vertex 93.2449 -9.85399 0
      vertex 93.7809 -9.45647 27.4
      vertex 93.2449 -9.85399 27.4
    endloop
  endfacet
  facet normal 0.595695 -0.803211 0
    outer loop
      vertex 93.7809 -9.45647 27.4
      vertex 93.2449 -9.85399 0
      vertex 93.7809 -9.45647 0
    endloop
  endfacet
  facet normal 0.671602 -0.740912 0
    outer loop
      vertex 93.7809 -9.45647 0
      vertex 94.2753 -9.00832 27.4
      vertex 93.7809 -9.45647 27.4
    endloop
  endfacet
  facet normal 0.671602 -0.740912 0
    outer loop
      vertex 94.2753 -9.00832 27.4
      vertex 93.7809 -9.45647 0
      vertex 94.2753 -9.00832 0
    endloop
  endfacet
  facet normal 0.740909 -0.671606 0
    outer loop
      vertex 94.2753 -9.00832 27.4
      vertex 94.7235 -8.51387 0
      vertex 94.7235 -8.51387 27.4
    endloop
  endfacet
  facet normal 0.740909 -0.671606 0
    outer loop
      vertex 94.7235 -8.51387 0
      vertex 94.2753 -9.00832 27.4
      vertex 94.2753 -9.00832 0
    endloop
  endfacet
  facet normal 0.803225 -0.595675 0
    outer loop
      vertex 94.7235 -8.51387 27.4
      vertex 95.121 -7.97787 0
      vertex 95.121 -7.97787 27.4
    endloop
  endfacet
  facet normal 0.803225 -0.595675 0
    outer loop
      vertex 95.121 -7.97787 0
      vertex 94.7235 -8.51387 27.4
      vertex 94.7235 -8.51387 0
    endloop
  endfacet
  facet normal 0.85771 -0.514134 0
    outer loop
      vertex 95.121 -7.97787 27.4
      vertex 95.4641 -7.40549 0
      vertex 95.4641 -7.40549 27.4
    endloop
  endfacet
  facet normal 0.85771 -0.514134 0
    outer loop
      vertex 95.4641 -7.40549 0
      vertex 95.121 -7.97787 27.4
      vertex 95.121 -7.97787 0
    endloop
  endfacet
  facet normal 0.903996 -0.427541 0
    outer loop
      vertex 95.4641 -7.40549 27.4
      vertex 95.7494 -6.80225 0
      vertex 95.7494 -6.80225 27.4
    endloop
  endfacet
  facet normal 0.903996 -0.427541 0
    outer loop
      vertex 95.7494 -6.80225 0
      vertex 95.4641 -7.40549 27.4
      vertex 95.4641 -7.40549 0
    endloop
  endfacet
  facet normal 0.941552 -0.336868 0
    outer loop
      vertex 95.7494 -6.80225 27.4
      vertex 95.9742 -6.17393 0
      vertex 95.9742 -6.17393 27.4
    endloop
  endfacet
  facet normal 0.941552 -0.336868 0
    outer loop
      vertex 95.9742 -6.17393 0
      vertex 95.7494 -6.80225 27.4
      vertex 95.7494 -6.80225 0
    endloop
  endfacet
  facet normal 0.970047 -0.242916 0
    outer loop
      vertex 95.9742 -6.17393 27.4
      vertex 96.1363 -5.52661 0
      vertex 96.1363 -5.52661 27.4
    endloop
  endfacet
  facet normal 0.970047 -0.242916 0
    outer loop
      vertex 96.1363 -5.52661 0
      vertex 95.9742 -6.17393 27.4
      vertex 95.9742 -6.17393 0
    endloop
  endfacet
  facet normal 0.989158 -0.146855 0
    outer loop
      vertex 96.1363 -5.52661 27.4
      vertex 96.2343 -4.86652 0
      vertex 96.2343 -4.86652 27.4
    endloop
  endfacet
  facet normal 0.989158 -0.146855 0
    outer loop
      vertex 96.2343 -4.86652 0
      vertex 96.1363 -5.52661 27.4
      vertex 96.1363 -5.52661 0
    endloop
  endfacet
  facet normal 0.998799 -0.0490019 0
    outer loop
      vertex 96.2343 -4.86652 27.4
      vertex 96.267 -4.2 0
      vertex 96.267 -4.2 27.4
    endloop
  endfacet
  facet normal 0.998799 -0.0490019 0
    outer loop
      vertex 96.267 -4.2 0
      vertex 96.2343 -4.86652 27.4
      vertex 96.2343 -4.86652 0
    endloop
  endfacet
  facet normal 0.998799 0.0490019 0
    outer loop
      vertex 96.267 -4.2 27.4
      vertex 96.2343 -3.53348 0
      vertex 96.2343 -3.53348 27.4
    endloop
  endfacet
  facet normal 0.998799 0.0490019 0
    outer loop
      vertex 96.2343 -3.53348 0
      vertex 96.267 -4.2 27.4
      vertex 96.267 -4.2 0
    endloop
  endfacet
  facet normal 0.989158 0.146853 0
    outer loop
      vertex 96.2343 -3.53348 27.4
      vertex 96.1363 -2.87338 0
      vertex 96.1363 -2.87338 27.4
    endloop
  endfacet
  facet normal 0.989158 0.146853 0
    outer loop
      vertex 96.1363 -2.87338 0
      vertex 96.2343 -3.53348 27.4
      vertex 96.2343 -3.53348 0
    endloop
  endfacet
  facet normal 0.970047 0.242916 0
    outer loop
      vertex 96.1363 -2.87338 27.4
      vertex 95.9742 -2.22606 0
      vertex 95.9742 -2.22606 27.4
    endloop
  endfacet
  facet normal 0.970047 0.242916 0
    outer loop
      vertex 95.9742 -2.22606 0
      vertex 96.1363 -2.87338 27.4
      vertex 96.1363 -2.87338 0
    endloop
  endfacet
  facet normal 0.94155 0.336873 0
    outer loop
      vertex 95.9742 -2.22606 27.4
      vertex 95.7494 -1.59775 0
      vertex 95.7494 -1.59775 27.4
    endloop
  endfacet
  facet normal 0.94155 0.336873 0
    outer loop
      vertex 95.7494 -1.59775 0
      vertex 95.9742 -2.22606 27.4
      vertex 95.9742 -2.22606 0
    endloop
  endfacet
  facet normal 0.904001 0.427531 0
    outer loop
      vertex 95.7494 -1.59775 27.4
      vertex 95.4641 -0.994492 0
      vertex 95.4641 -0.994492 27.4
    endloop
  endfacet
  facet normal 0.904001 0.427531 0
    outer loop
      vertex 95.4641 -0.994492 0
      vertex 95.7494 -1.59775 27.4
      vertex 95.7494 -1.59775 0
    endloop
  endfacet
  facet normal 0.857707 0.514139 0
    outer loop
      vertex 95.4641 -0.994492 27.4
      vertex 95.121 -0.422119 0
      vertex 95.121 -0.422119 27.4
    endloop
  endfacet
  facet normal 0.857707 0.514139 0
    outer loop
      vertex 95.121 -0.422119 0
      vertex 95.4641 -0.994492 27.4
      vertex 95.4641 -0.994492 0
    endloop
  endfacet
  facet normal 0.803215 0.59569 0
    outer loop
      vertex 95.121 -0.422119 27.4
      vertex 94.7235 0.113861 0
      vertex 94.7235 0.113861 27.4
    endloop
  endfacet
  facet normal 0.803215 0.59569 0
    outer loop
      vertex 94.7235 0.113861 0
      vertex 95.121 -0.422119 27.4
      vertex 95.121 -0.422119 0
    endloop
  endfacet
  facet normal 0.740916 0.671597 0
    outer loop
      vertex 94.7235 0.113861 27.4
      vertex 94.2753 0.608322 0
      vertex 94.2753 0.608322 27.4
    endloop
  endfacet
  facet normal 0.740916 0.671597 0
    outer loop
      vertex 94.2753 0.608322 0
      vertex 94.7235 0.113861 27.4
      vertex 94.7235 0.113861 0
    endloop
  endfacet
  facet normal 0.671592 0.740921 -0
    outer loop
      vertex 94.2753 0.608322 0
      vertex 93.7809 1.05646 27.4
      vertex 94.2753 0.608322 27.4
    endloop
  endfacet
  facet normal 0.671592 0.740921 0
    outer loop
      vertex 93.7809 1.05646 27.4
      vertex 94.2753 0.608322 0
      vertex 93.7809 1.05646 0
    endloop
  endfacet
  facet normal 0.595695 0.803211 -0
    outer loop
      vertex 93.7809 1.05646 0
      vertex 93.2449 1.45398 27.4
      vertex 93.7809 1.05646 27.4
    endloop
  endfacet
  facet normal 0.595695 0.803211 0
    outer loop
      vertex 93.2449 1.45398 27.4
      vertex 93.7809 1.05646 0
      vertex 93.2449 1.45398 0
    endloop
  endfacet
  facet normal 0.541377 0.84078 -0
    outer loop
      vertex 93.2449 1.45398 0
      vertex 87.2864 5.29065 27.4
      vertex 93.2449 1.45398 27.4
    endloop
  endfacet
  facet normal 0.541377 0.84078 0
    outer loop
      vertex 87.2864 5.29065 27.4
      vertex 93.2449 1.45398 0
      vertex 87.2864 5.29065 0
    endloop
  endfacet
  facet normal 0.970041 -0.242941 0
    outer loop
      vertex 87.2864 5.29065 27.4
      vertex 87.5108 6.18666 0
      vertex 87.5108 6.18666 27.4
    endloop
  endfacet
  facet normal 0.970041 -0.242941 0
    outer loop
      vertex 87.5108 6.18666 0
      vertex 87.2864 5.29065 27.4
      vertex 87.2864 5.29065 0
    endloop
  endfacet
  facet normal 0.989177 -0.146724 0
    outer loop
      vertex 87.5108 6.18666 27.4
      vertex 87.6653 7.22826 0
      vertex 87.6653 7.22826 27.4
    endloop
  endfacet
  facet normal 0.989177 -0.146724 0
    outer loop
      vertex 87.6653 7.22826 0
      vertex 87.5108 6.18666 27.4
      vertex 87.5108 6.18666 0
    endloop
  endfacet
  facet normal 0.998794 -0.0490983 0
    outer loop
      vertex 87.6653 7.22826 27.4
      vertex 87.717 8.27998 0
      vertex 87.717 8.27998 27.4
    endloop
  endfacet
  facet normal 0.998794 -0.0490983 0
    outer loop
      vertex 87.717 8.27998 0
      vertex 87.6653 7.22826 27.4
      vertex 87.6653 7.22826 0
    endloop
  endfacet
  facet normal 1 0 0
    outer loop
      vertex 87.717 52.733 11.5
      vertex 87.717 68.986 27.4
      vertex 87.717 52.733 19.5
    endloop
  endfacet
  facet normal 1 0 0
    outer loop
      vertex 87.717 68.986 27.4
      vertex 87.717 50.533 19.5
      vertex 87.717 52.733 19.5
    endloop
  endfacet
  facet normal 1 0 0
    outer loop
      vertex 87.717 50.533 19.5
      vertex 87.717 46.233 19.5
      vertex 87.717 50.533 11.5
    endloop
  endfacet
  facet normal 1 0 0
    outer loop
      vertex 87.717 68.986 27.4
      vertex 87.717 46.233 19.5
      vertex 87.717 50.533 19.5
    endloop
  endfacet
  facet normal 1 0 0
    outer loop
      vertex 87.717 68.986 27.4
      vertex 87.717 44.033 19.5
      vertex 87.717 46.233 19.5
    endloop
  endfacet
  facet normal 1 0 0
    outer loop
      vertex 87.717 44.033 19.5
      vertex 87.717 39.733 19.5
      vertex 87.717 44.033 11.5
    endloop
  endfacet
  facet normal 1 0 0
    outer loop
      vertex 87.717 68.986 27.4
      vertex 87.717 39.733 19.5
      vertex 87.717 44.033 19.5
    endloop
  endfacet
  facet normal 1 0 0
    outer loop
      vertex 87.717 68.986 27.4
      vertex 87.717 37.533 19.5
      vertex 87.717 39.733 19.5
    endloop
  endfacet
  facet normal 1 0 0
    outer loop
      vertex 87.717 37.533 19.5
      vertex 87.717 33.233 19.5
      vertex 87.717 37.533 11.5
    endloop
  endfacet
  facet normal 1 -0 0
    outer loop
      vertex 87.717 8.27998 27.4
      vertex 87.717 37.533 19.5
      vertex 87.717 68.986 27.4
    endloop
  endfacet
  facet normal 1 0 0
    outer loop
      vertex 87.717 37.533 19.5
      vertex 87.717 8.27998 27.4
      vertex 87.717 33.233 19.5
    endloop
  endfacet
  facet normal 1 0 0
    outer loop
      vertex 87.717 31.033 19.5
      vertex 87.717 26.733 19.5
      vertex 87.717 31.033 11.5
    endloop
  endfacet
  facet normal 1 0 0
    outer loop
      vertex 87.717 33.233 19.5
      vertex 87.717 8.27998 27.4
      vertex 87.717 31.033 19.5
    endloop
  endfacet
  facet normal 1 0 0
    outer loop
      vertex 87.717 31.033 19.5
      vertex 87.717 8.27998 27.4
      vertex 87.717 26.733 19.5
    endloop
  endfacet
  facet normal 1 0 0
    outer loop
      vertex 87.717 24.533 19.5
      vertex 87.717 8.27998 27.4
      vertex 87.717 24.533 11.5
    endloop
  endfacet
  facet normal 1 0 0
    outer loop
      vertex 87.717 26.733 19.5
      vertex 87.717 8.27998 27.4
      vertex 87.717 24.533 19.5
    endloop
  endfacet
  facet normal 1 0 0
    outer loop
      vertex 87.717 68.986 27.4
      vertex 87.717 52.733 11.5
      vertex 87.717 68.986 0
    endloop
  endfacet
  facet normal 1 -0 0
    outer loop
      vertex 87.717 50.533 11.5
      vertex 87.717 68.986 0
      vertex 87.717 52.733 11.5
    endloop
  endfacet
  facet normal 1 0 0
    outer loop
      vertex 87.717 46.233 11.5
      vertex 87.717 50.533 11.5
      vertex 87.717 46.233 19.5
    endloop
  endfacet
  facet normal 1 -0 0
    outer loop
      vertex 87.717 46.233 11.5
      vertex 87.717 68.986 0
      vertex 87.717 50.533 11.5
    endloop
  endfacet
  facet normal 1 -0 0
    outer loop
      vertex 87.717 44.033 11.5
      vertex 87.717 68.986 0
      vertex 87.717 46.233 11.5
    endloop
  endfacet
  facet normal 1 0 0
    outer loop
      vertex 87.717 39.733 11.5
      vertex 87.717 44.033 11.5
      vertex 87.717 39.733 19.5
    endloop
  endfacet
  facet normal 1 -0 0
    outer loop
      vertex 87.717 39.733 11.5
      vertex 87.717 68.986 0
      vertex 87.717 44.033 11.5
    endloop
  endfacet
  facet normal 1 -0 0
    outer loop
      vertex 87.717 37.533 11.5
      vertex 87.717 68.986 0
      vertex 87.717 39.733 11.5
    endloop
  endfacet
  facet normal 1 0 0
    outer loop
      vertex 87.717 33.233 11.5
      vertex 87.717 37.533 11.5
      vertex 87.717 33.233 19.5
    endloop
  endfacet
  facet normal 1 0 0
    outer loop
      vertex 87.717 8.27998 0
      vertex 87.717 37.533 11.5
      vertex 87.717 33.233 11.5
    endloop
  endfacet
  facet normal 1 0 0
    outer loop
      vertex 87.717 8.27998 0
      vertex 87.717 33.233 11.5
      vertex 87.717 31.033 11.5
    endloop
  endfacet
  facet normal 1 0 0
    outer loop
      vertex 87.717 26.733 11.5
      vertex 87.717 31.033 11.5
      vertex 87.717 26.733 19.5
    endloop
  endfacet
  facet normal 1 0 0
    outer loop
      vertex 87.717 8.27998 0
      vertex 87.717 31.033 11.5
      vertex 87.717 26.733 11.5
    endloop
  endfacet
  facet normal 1 0 0
    outer loop
      vertex 87.717 8.27998 0
      vertex 87.717 26.733 11.5
      vertex 87.717 24.533 11.5
    endloop
  endfacet
  facet normal 1 0 0
    outer loop
      vertex 87.717 37.533 11.5
      vertex 87.717 8.27998 0
      vertex 87.717 68.986 0
    endloop
  endfacet
  facet normal 1 0 0
    outer loop
      vertex 87.717 8.27998 0
      vertex 87.717 24.533 11.5
      vertex 87.717 8.27998 27.4
    endloop
  endfacet
  facet normal 0.998794 0.0490992 0
    outer loop
      vertex 87.717 68.986 27.4
      vertex 87.6653 70.0377 0
      vertex 87.6653 70.0377 27.4
    endloop
  endfacet
  facet normal 0.998794 0.0490992 0
    outer loop
      vertex 87.6653 70.0377 0
      vertex 87.717 68.986 27.4
      vertex 87.717 68.986 0
    endloop
  endfacet
  facet normal 0.989177 0.146724 0
    outer loop
      vertex 87.6653 70.0377 27.4
      vertex 87.5108 71.0793 0
      vertex 87.5108 71.0793 27.4
    endloop
  endfacet
  facet normal 0.989177 0.146724 0
    outer loop
      vertex 87.5108 71.0793 0
      vertex 87.6653 70.0377 27.4
      vertex 87.6653 70.0377 0
    endloop
  endfacet
  facet normal 0.970041 0.242943 0
    outer loop
      vertex 87.5108 71.0793 27.4
      vertex 87.2864 71.9753 0
      vertex 87.2864 71.9753 27.4
    endloop
  endfacet
  facet normal 0.970041 0.242943 0
    outer loop
      vertex 87.2864 71.9753 0
      vertex 87.5108 71.0793 27.4
      vertex 87.5108 71.0793 0
    endloop
  endfacet
  facet normal 0.54138 -0.840778 0
    outer loop
      vertex 87.2864 71.9753 0
      vertex 93.2449 75.812 27.4
      vertex 87.2864 71.9753 27.4
    endloop
  endfacet
  facet normal 0.54138 -0.840778 0
    outer loop
      vertex 93.2449 75.812 27.4
      vertex 87.2864 71.9753 0
      vertex 93.2449 75.812 0
    endloop
  endfacet
  facet normal 0.595675 -0.803225 0
    outer loop
      vertex 93.2449 75.812 0
      vertex 93.7809 76.2095 27.4
      vertex 93.2449 75.812 27.4
    endloop
  endfacet
  facet normal 0.595675 -0.803225 0
    outer loop
      vertex 93.7809 76.2095 27.4
      vertex 93.2449 75.812 0
      vertex 93.7809 76.2095 0
    endloop
  endfacet
  facet normal 0.671643 -0.740875 0
    outer loop
      vertex 93.7809 76.2095 0
      vertex 94.2753 76.6577 27.4
      vertex 93.7809 76.2095 27.4
    endloop
  endfacet
  facet normal 0.671643 -0.740875 0
    outer loop
      vertex 94.2753 76.6577 27.4
      vertex 93.7809 76.2095 0
      vertex 94.2753 76.6577 0
    endloop
  endfacet
  facet normal 0.740875 -0.671643 0
    outer loop
      vertex 94.2753 76.6577 27.4
      vertex 94.7235 77.1521 0
      vertex 94.7235 77.1521 27.4
    endloop
  endfacet
  facet normal 0.740875 -0.671643 0
    outer loop
      vertex 94.7235 77.1521 0
      vertex 94.2753 76.6577 27.4
      vertex 94.2753 76.6577 0
    endloop
  endfacet
  facet normal 0.803225 -0.595675 0
    outer loop
      vertex 94.7235 77.1521 27.4
      vertex 95.121 77.6881 0
      vertex 95.121 77.6881 27.4
    endloop
  endfacet
  facet normal 0.803225 -0.595675 0
    outer loop
      vertex 95.121 77.6881 0
      vertex 94.7235 77.1521 27.4
      vertex 94.7235 77.1521 0
    endloop
  endfacet
  facet normal 0.857718 -0.514121 0
    outer loop
      vertex 95.121 77.6881 27.4
      vertex 95.4641 78.2605 0
      vertex 95.4641 78.2605 27.4
    endloop
  endfacet
  facet normal 0.857718 -0.514121 0
    outer loop
      vertex 95.4641 78.2605 0
      vertex 95.121 77.6881 27.4
      vertex 95.121 77.6881 0
    endloop
  endfacet
  facet normal 0.903985 -0.427564 0
    outer loop
      vertex 95.4641 78.2605 27.4
      vertex 95.7494 78.8637 0
      vertex 95.7494 78.8637 27.4
    endloop
  endfacet
  facet normal 0.903985 -0.427564 0
    outer loop
      vertex 95.7494 78.8637 0
      vertex 95.4641 78.2605 27.4
      vertex 95.4641 78.2605 0
    endloop
  endfacet
  facet normal 0.941566 -0.33683 0
    outer loop
      vertex 95.7494 78.8637 27.4
      vertex 95.9742 79.4921 0
      vertex 95.9742 79.4921 27.4
    endloop
  endfacet
  facet normal 0.941566 -0.33683 0
    outer loop
      vertex 95.9742 79.4921 0
      vertex 95.7494 78.8637 27.4
      vertex 95.7494 78.8637 0
    endloop
  endfacet
  facet normal 0.970045 -0.242923 0
    outer loop
      vertex 95.9742 79.4921 27.4
      vertex 96.1363 80.1394 0
      vertex 96.1363 80.1394 27.4
    endloop
  endfacet
  facet normal 0.970045 -0.242923 0
    outer loop
      vertex 96.1363 80.1394 0
      vertex 95.9742 79.4921 27.4
      vertex 95.9742 79.4921 0
    endloop
  endfacet
  facet normal 0.989158 -0.146853 0
    outer loop
      vertex 96.1363 80.1394 27.4
      vertex 96.2343 80.7995 0
      vertex 96.2343 80.7995 27.4
    endloop
  endfacet
  facet normal 0.989158 -0.146853 0
    outer loop
      vertex 96.2343 80.7995 0
      vertex 96.1363 80.1394 27.4
      vertex 96.1363 80.1394 0
    endloop
  endfacet
  facet normal 0.998799 -0.0490033 0
    outer loop
      vertex 96.2343 80.7995 27.4
      vertex 96.267 81.466 0
      vertex 96.267 81.466 27.4
    endloop
  endfacet
  facet normal 0.998799 -0.0490033 0
    outer loop
      vertex 96.267 81.466 0
      vertex 96.2343 80.7995 27.4
      vertex 96.2343 80.7995 0
    endloop
  endfacet
  facet normal 0.998799 0.0490033 0
    outer loop
      vertex 96.267 81.466 27.4
      vertex 96.2343 82.1325 0
      vertex 96.2343 82.1325 27.4
    endloop
  endfacet
  facet normal 0.998799 0.0490033 0
    outer loop
      vertex 96.2343 82.1325 0
      vertex 96.267 81.466 27.4
      vertex 96.267 81.466 0
    endloop
  endfacet
  facet normal 0.989158 0.146853 0
    outer loop
      vertex 96.2343 82.1325 27.4
      vertex 96.1363 82.7926 0
      vertex 96.1363 82.7926 27.4
    endloop
  endfacet
  facet normal 0.989158 0.146853 0
    outer loop
      vertex 96.1363 82.7926 0
      vertex 96.2343 82.1325 27.4
      vertex 96.2343 82.1325 0
    endloop
  endfacet
  facet normal 0.970045 0.242923 0
    outer loop
      vertex 96.1363 82.7926 27.4
      vertex 95.9742 83.4399 0
      vertex 95.9742 83.4399 27.4
    endloop
  endfacet
  facet normal 0.970045 0.242923 0
    outer loop
      vertex 95.9742 83.4399 0
      vertex 96.1363 82.7926 27.4
      vertex 96.1363 82.7926 0
    endloop
  endfacet
  facet normal 0.941549 0.336877 0
    outer loop
      vertex 95.9742 83.4399 27.4
      vertex 95.7494 84.0682 0
      vertex 95.7494 84.0682 27.4
    endloop
  endfacet
  facet normal 0.941549 0.336877 0
    outer loop
      vertex 95.7494 84.0682 0
      vertex 95.9742 83.4399 27.4
      vertex 95.9742 83.4399 0
    endloop
  endfacet
  facet normal 0.904012 0.427507 0
    outer loop
      vertex 95.7494 84.0682 27.4
      vertex 95.4641 84.6715 0
      vertex 95.4641 84.6715 27.4
    endloop
  endfacet
  facet normal 0.904012 0.427507 0
    outer loop
      vertex 95.4641 84.6715 0
      vertex 95.7494 84.0682 27.4
      vertex 95.7494 84.0682 0
    endloop
  endfacet
  facet normal 0.857718 0.514121 0
    outer loop
      vertex 95.4641 84.6715 27.4
      vertex 95.121 85.2439 0
      vertex 95.121 85.2439 27.4
    endloop
  endfacet
  facet normal 0.857718 0.514121 0
    outer loop
      vertex 95.121 85.2439 0
      vertex 95.4641 84.6715 27.4
      vertex 95.4641 84.6715 0
    endloop
  endfacet
  facet normal 0.803225 0.595675 0
    outer loop
      vertex 95.121 85.2439 27.4
      vertex 94.7235 85.7799 0
      vertex 94.7235 85.7799 27.4
    endloop
  endfacet
  facet normal 0.803225 0.595675 0
    outer loop
      vertex 94.7235 85.7799 0
      vertex 95.121 85.2439 27.4
      vertex 95.121 85.2439 0
    endloop
  endfacet
  facet normal 0.740875 0.671643 0
    outer loop
      vertex 94.7235 85.7799 27.4
      vertex 94.2753 86.2743 0
      vertex 94.2753 86.2743 27.4
    endloop
  endfacet
  facet normal 0.740875 0.671643 0
    outer loop
      vertex 94.2753 86.2743 0
      vertex 94.7235 85.7799 27.4
      vertex 94.7235 85.7799 0
    endloop
  endfacet
  facet normal 0.671643 0.740875 -0
    outer loop
      vertex 94.2753 86.2743 0
      vertex 93.7809 86.7225 27.4
      vertex 94.2753 86.2743 27.4
    endloop
  endfacet
  facet normal 0.671643 0.740875 0
    outer loop
      vertex 93.7809 86.7225 27.4
      vertex 94.2753 86.2743 0
      vertex 93.7809 86.7225 0
    endloop
  endfacet
  facet normal 0.595675 0.803225 -0
    outer loop
      vertex 93.7809 86.7225 0
      vertex 93.2449 87.12 27.4
      vertex 93.7809 86.7225 27.4
    endloop
  endfacet
  facet normal 0.595675 0.803225 0
    outer loop
      vertex 93.2449 87.12 27.4
      vertex 93.7809 86.7225 0
      vertex 93.2449 87.12 0
    endloop
  endfacet
  facet normal 0.514121 0.857718 -0
    outer loop
      vertex 93.2449 87.12 0
      vertex 92.6725 87.4631 27.4
      vertex 93.2449 87.12 27.4
    endloop
  endfacet
  facet normal 0.514121 0.857718 0
    outer loop
      vertex 92.6725 87.4631 27.4
      vertex 93.2449 87.12 0
      vertex 92.6725 87.4631 0
    endloop
  endfacet
  facet normal 0.427507 0.904012 -0
    outer loop
      vertex 92.6725 87.4631 0
      vertex 92.0692 87.7484 27.4
      vertex 92.6725 87.4631 27.4
    endloop
  endfacet
  facet normal 0.427507 0.904012 0
    outer loop
      vertex 92.0692 87.7484 27.4
      vertex 92.6725 87.4631 0
      vertex 92.0692 87.7484 0
    endloop
  endfacet
  facet normal 0.336877 0.941549 -0
    outer loop
      vertex 92.0692 87.7484 0
      vertex 91.4409 87.9732 27.4
      vertex 92.0692 87.7484 27.4
    endloop
  endfacet
  facet normal 0.336877 0.941549 0
    outer loop
      vertex 91.4409 87.9732 27.4
      vertex 92.0692 87.7484 0
      vertex 91.4409 87.9732 0
    endloop
  endfacet
  facet normal 0.242923 0.970045 -0
    outer loop
      vertex 91.4409 87.9732 0
      vertex 90.7936 88.1353 27.4
      vertex 91.4409 87.9732 27.4
    endloop
  endfacet
  facet normal 0.242923 0.970045 0
    outer loop
      vertex 90.7936 88.1353 27.4
      vertex 91.4409 87.9732 0
      vertex 90.7936 88.1353 0
    endloop
  endfacet
  facet normal 0.146706 0.98918 -0
    outer loop
      vertex 90.7936 88.1353 0
      vertex 90.1335 88.2332 27.4
      vertex 90.7936 88.1353 27.4
    endloop
  endfacet
  facet normal 0.146706 0.98918 0
    outer loop
      vertex 90.1335 88.2332 27.4
      vertex 90.7936 88.1353 0
      vertex 90.1335 88.2332 0
    endloop
  endfacet
  facet normal 0.0491528 0.998791 -0
    outer loop
      vertex 90.1335 88.2332 0
      vertex 89.467 88.266 27.4
      vertex 90.1335 88.2332 27.4
    endloop
  endfacet
  facet normal 0.0491528 0.998791 0
    outer loop
      vertex 89.467 88.266 27.4
      vertex 90.1335 88.2332 0
      vertex 89.467 88.266 0
    endloop
  endfacet
  facet normal -0.0491528 0.998791 0
    outer loop
      vertex 89.467 88.266 0
      vertex 88.8005 88.2332 27.4
      vertex 89.467 88.266 27.4
    endloop
  endfacet
  facet normal -0.0491528 0.998791 0
    outer loop
      vertex 88.8005 88.2332 27.4
      vertex 89.467 88.266 0
      vertex 88.8005 88.2332 0
    endloop
  endfacet
  facet normal -0.146706 0.98918 0
    outer loop
      vertex 88.8005 88.2332 0
      vertex 88.1404 88.1353 27.4
      vertex 88.8005 88.2332 27.4
    endloop
  endfacet
  facet normal -0.146706 0.98918 0
    outer loop
      vertex 88.1404 88.1353 27.4
      vertex 88.8005 88.2332 0
      vertex 88.1404 88.1353 0
    endloop
  endfacet
  facet normal -0.242923 0.970045 0
    outer loop
      vertex 88.1404 88.1353 0
      vertex 87.4931 87.9732 27.4
      vertex 88.1404 88.1353 27.4
    endloop
  endfacet
  facet normal -0.242923 0.970045 0
    outer loop
      vertex 87.4931 87.9732 27.4
      vertex 88.1404 88.1353 0
      vertex 87.4931 87.9732 0
    endloop
  endfacet
  facet normal -0.33683 0.941566 0
    outer loop
      vertex 87.4931 87.9732 0
      vertex 86.8647 87.7484 27.4
      vertex 87.4931 87.9732 27.4
    endloop
  endfacet
  facet normal -0.33683 0.941566 0
    outer loop
      vertex 86.8647 87.7484 27.4
      vertex 87.4931 87.9732 0
      vertex 86.8647 87.7484 0
    endloop
  endfacet
  facet normal -0.427564 0.903985 0
    outer loop
      vertex 86.8647 87.7484 0
      vertex 86.2615 87.4631 27.4
      vertex 86.8647 87.7484 27.4
    endloop
  endfacet
  facet normal -0.427564 0.903985 0
    outer loop
      vertex 86.2615 87.4631 27.4
      vertex 86.8647 87.7484 0
      vertex 86.2615 87.4631 0
    endloop
  endfacet
  facet normal -0.514121 0.857718 0
    outer loop
      vertex 86.2615 87.4631 0
      vertex 85.6891 87.12 27.4
      vertex 86.2615 87.4631 27.4
    endloop
  endfacet
  facet normal -0.514121 0.857718 0
    outer loop
      vertex 85.6891 87.12 27.4
      vertex 86.2615 87.4631 0
      vertex 85.6891 87.12 0
    endloop
  endfacet
  facet normal -0.595675 0.803225 0
    outer loop
      vertex 85.6891 87.12 0
      vertex 85.1531 86.7225 27.4
      vertex 85.6891 87.12 27.4
    endloop
  endfacet
  facet normal -0.595675 0.803225 0
    outer loop
      vertex 85.1531 86.7225 27.4
      vertex 85.6891 87.12 0
      vertex 85.1531 86.7225 0
    endloop
  endfacet
  facet normal -0.671643 0.740875 0
    outer loop
      vertex 85.1531 86.7225 0
      vertex 84.6587 86.2743 27.4
      vertex 85.1531 86.7225 27.4
    endloop
  endfacet
  facet normal -0.671643 0.740875 0
    outer loop
      vertex 84.6587 86.2743 27.4
      vertex 85.1531 86.7225 0
      vertex 84.6587 86.2743 0
    endloop
  endfacet
  facet normal -0.740875 0.671643 0
    outer loop
      vertex 84.2105 85.7799 0
      vertex 84.6587 86.2743 27.4
      vertex 84.6587 86.2743 0
    endloop
  endfacet
  facet normal -0.740875 0.671643 0
    outer loop
      vertex 84.6587 86.2743 27.4
      vertex 84.2105 85.7799 0
      vertex 84.2105 85.7799 27.4
    endloop
  endfacet
  facet normal -0.803225 0.595675 0
    outer loop
      vertex 83.813 85.2439 0
      vertex 84.2105 85.7799 27.4
      vertex 84.2105 85.7799 0
    endloop
  endfacet
  facet normal -0.803225 0.595675 0
    outer loop
      vertex 84.2105 85.7799 27.4
      vertex 83.813 85.2439 0
      vertex 83.813 85.2439 27.4
    endloop
  endfacet
  facet normal -0.840778 0.54138 0
    outer loop
      vertex 79.9763 79.2854 0
      vertex 83.813 85.2439 27.4
      vertex 83.813 85.2439 0
    endloop
  endfacet
  facet normal -0.840778 0.54138 0
    outer loop
      vertex 83.813 85.2439 27.4
      vertex 79.9763 79.2854 0
      vertex 79.9763 79.2854 27.4
    endloop
  endfacet
  facet normal 0.242943 0.970041 -0
    outer loop
      vertex 79.9763 79.2854 0
      vertex 79.0803 79.5098 27.4
      vertex 79.9763 79.2854 27.4
    endloop
  endfacet
  facet normal 0.242943 0.970041 0
    outer loop
      vertex 79.0803 79.5098 27.4
      vertex 79.9763 79.2854 0
      vertex 79.0803 79.5098 0
    endloop
  endfacet
  facet normal 0.146724 0.989177 -0
    outer loop
      vertex 79.0803 79.5098 0
      vertex 78.0387 79.6643 27.4
      vertex 79.0803 79.5098 27.4
    endloop
  endfacet
  facet normal 0.146724 0.989177 0
    outer loop
      vertex 78.0387 79.6643 27.4
      vertex 79.0803 79.5098 0
      vertex 78.0387 79.6643 0
    endloop
  endfacet
  facet normal 0.0490992 0.998794 -0
    outer loop
      vertex 78.0387 79.6643 0
      vertex 76.987 79.716 27.4
      vertex 78.0387 79.6643 27.4
    endloop
  endfacet
  facet normal 0.0490992 0.998794 0
    outer loop
      vertex 76.987 79.716 27.4
      vertex 78.0387 79.6643 0
      vertex 76.987 79.716 0
    endloop
  endfacet
  facet normal 0 1 -0
    outer loop
      vertex 76.987 79.716 0
      vertex 8.27998 79.716 27.4
      vertex 76.987 79.716 27.4
    endloop
  endfacet
  facet normal 0 1 0
    outer loop
      vertex 8.27998 79.716 27.4
      vertex 76.987 79.716 0
      vertex 8.27998 79.716 0
    endloop
  endfacet
  facet normal -0.0490983 0.998794 0
    outer loop
      vertex 8.27998 79.716 0
      vertex 7.22826 79.6643 27.4
      vertex 8.27998 79.716 27.4
    endloop
  endfacet
  facet normal -0.0490983 0.998794 0
    outer loop
      vertex 7.22826 79.6643 27.4
      vertex 8.27998 79.716 0
      vertex 7.22826 79.6643 0
    endloop
  endfacet
  facet normal -0.146724 0.989177 0
    outer loop
      vertex 7.22826 79.6643 0
      vertex 6.18666 79.5098 27.4
      vertex 7.22826 79.6643 27.4
    endloop
  endfacet
  facet normal -0.146724 0.989177 0
    outer loop
      vertex 6.18666 79.5098 27.4
      vertex 7.22826 79.6643 0
      vertex 6.18666 79.5098 0
    endloop
  endfacet
  facet normal -0.242941 0.970041 0
    outer loop
      vertex 6.18666 79.5098 0
      vertex 5.29065 79.2854 27.4
      vertex 6.18666 79.5098 27.4
    endloop
  endfacet
  facet normal -0.242941 0.970041 0
    outer loop
      vertex 5.29065 79.2854 27.4
      vertex 6.18666 79.5098 0
      vertex 5.29065 79.2854 0
    endloop
  endfacet
  facet normal 0.84078 0.541377 0
    outer loop
      vertex 5.29065 79.2854 27.4
      vertex 1.45398 85.2439 0
      vertex 1.45398 85.2439 27.4
    endloop
  endfacet
  facet normal 0.84078 0.541377 0
    outer loop
      vertex 1.45398 85.2439 0
      vertex 5.29065 79.2854 27.4
      vertex 5.29065 79.2854 0
    endloop
  endfacet
  facet normal 0.803211 0.595695 0
    outer loop
      vertex 1.45398 85.2439 27.4
      vertex 1.05646 85.7799 0
      vertex 1.05646 85.7799 27.4
    endloop
  endfacet
  facet normal 0.803211 0.595695 0
    outer loop
      vertex 1.05646 85.7799 0
      vertex 1.45398 85.2439 27.4
      vertex 1.45398 85.2439 0
    endloop
  endfacet
  facet normal 0.740921 0.671592 0
    outer loop
      vertex 1.05646 85.7799 27.4
      vertex 0.608322 86.2743 0
      vertex 0.608322 86.2743 27.4
    endloop
  endfacet
  facet normal 0.740921 0.671592 0
    outer loop
      vertex 0.608322 86.2743 0
      vertex 1.05646 85.7799 27.4
      vertex 1.05646 85.7799 0
    endloop
  endfacet
  facet normal 0.671597 0.740916 -0
    outer loop
      vertex 0.608322 86.2743 0
      vertex 0.113861 86.7225 27.4
      vertex 0.608322 86.2743 27.4
    endloop
  endfacet
  facet normal 0.671597 0.740916 0
    outer loop
      vertex 0.113861 86.7225 27.4
      vertex 0.608322 86.2743 0
      vertex 0.113861 86.7225 0
    endloop
  endfacet
  facet normal 0.59569 0.803215 -0
    outer loop
      vertex 0.113861 86.7225 0
      vertex -0.422119 87.12 27.4
      vertex 0.113861 86.7225 27.4
    endloop
  endfacet
  facet normal 0.59569 0.803215 0
    outer loop
      vertex -0.422119 87.12 27.4
      vertex 0.113861 86.7225 0
      vertex -0.422119 87.12 0
    endloop
  endfacet
  facet normal 0.514139 0.857707 -0
    outer loop
      vertex -0.422119 87.12 0
      vertex -0.994492 87.4631 27.4
      vertex -0.422119 87.12 27.4
    endloop
  endfacet
  facet normal 0.514139 0.857707 0
    outer loop
      vertex -0.994492 87.4631 27.4
      vertex -0.422119 87.12 0
      vertex -0.994492 87.4631 0
    endloop
  endfacet
  facet normal 0.427531 0.904001 -0
    outer loop
      vertex -0.994492 87.4631 0
      vertex -1.59775 87.7484 27.4
      vertex -0.994492 87.4631 27.4
    endloop
  endfacet
  facet normal 0.427531 0.904001 0
    outer loop
      vertex -1.59775 87.7484 27.4
      vertex -0.994492 87.4631 0
      vertex -1.59775 87.7484 0
    endloop
  endfacet
  facet normal 0.336873 0.94155 -0
    outer loop
      vertex -1.59775 87.7484 0
      vertex -2.22606 87.9732 27.4
      vertex -1.59775 87.7484 27.4
    endloop
  endfacet
  facet normal 0.336873 0.94155 0
    outer loop
      vertex -2.22606 87.9732 27.4
      vertex -1.59775 87.7484 0
      vertex -2.22606 87.9732 0
    endloop
  endfacet
  facet normal 0.242916 0.970047 -0
    outer loop
      vertex -2.22606 87.9732 0
      vertex -2.87338 88.1353 27.4
      vertex -2.22606 87.9732 27.4
    endloop
  endfacet
  facet normal 0.242916 0.970047 0
    outer loop
      vertex -2.87338 88.1353 27.4
      vertex -2.22606 87.9732 0
      vertex -2.87338 88.1353 0
    endloop
  endfacet
  facet normal 0.146706 0.98918 -0
    outer loop
      vertex -2.87338 88.1353 0
      vertex -3.53348 88.2332 27.4
      vertex -2.87338 88.1353 27.4
    endloop
  endfacet
  facet normal 0.146706 0.98918 0
    outer loop
      vertex -3.53348 88.2332 27.4
      vertex -2.87338 88.1353 0
      vertex -3.53348 88.2332 0
    endloop
  endfacet
  facet normal 0.0491513 0.998791 -0
    outer loop
      vertex -3.53348 88.2332 0
      vertex -4.2 88.266 27.4
      vertex -3.53348 88.2332 27.4
    endloop
  endfacet
  facet normal 0.0491513 0.998791 0
    outer loop
      vertex -4.2 88.266 27.4
      vertex -3.53348 88.2332 0
      vertex -4.2 88.266 0
    endloop
  endfacet
  facet normal -0.0491513 0.998791 0
    outer loop
      vertex -4.2 88.266 0
      vertex -4.86652 88.2332 27.4
      vertex -4.2 88.266 27.4
    endloop
  endfacet
  facet normal -0.0491513 0.998791 0
    outer loop
      vertex -4.86652 88.2332 27.4
      vertex -4.2 88.266 0
      vertex -4.86652 88.2332 0
    endloop
  endfacet
  facet normal -0.146708 0.98918 0
    outer loop
      vertex -4.86652 88.2332 0
      vertex -5.52661 88.1353 27.4
      vertex -4.86652 88.2332 27.4
    endloop
  endfacet
  facet normal -0.146708 0.98918 0
    outer loop
      vertex -5.52661 88.1353 27.4
      vertex -4.86652 88.2332 0
      vertex -5.52661 88.1353 0
    endloop
  endfacet
  facet normal -0.242916 0.970047 0
    outer loop
      vertex -5.52661 88.1353 0
      vertex -6.17393 87.9732 27.4
      vertex -5.52661 88.1353 27.4
    endloop
  endfacet
  facet normal -0.242916 0.970047 0
    outer loop
      vertex -6.17393 87.9732 27.4
      vertex -5.52661 88.1353 0
      vertex -6.17393 87.9732 0
    endloop
  endfacet
  facet normal -0.336868 0.941552 0
    outer loop
      vertex -6.17393 87.9732 0
      vertex -6.80225 87.7484 27.4
      vertex -6.17393 87.9732 27.4
    endloop
  endfacet
  facet normal -0.336868 0.941552 0
    outer loop
      vertex -6.80225 87.7484 27.4
      vertex -6.17393 87.9732 0
      vertex -6.80225 87.7484 0
    endloop
  endfacet
  facet normal -0.427541 0.903996 0
    outer loop
      vertex -6.80225 87.7484 0
      vertex -7.40549 87.4631 27.4
      vertex -6.80225 87.7484 27.4
    endloop
  endfacet
  facet normal -0.427541 0.903996 0
    outer loop
      vertex -7.40549 87.4631 27.4
      vertex -6.80225 87.7484 0
      vertex -7.40549 87.4631 0
    endloop
  endfacet
  facet normal -0.514134 0.85771 0
    outer loop
      vertex -7.40549 87.4631 0
      vertex -7.97787 87.12 27.4
      vertex -7.40549 87.4631 27.4
    endloop
  endfacet
  facet normal -0.514134 0.85771 0
    outer loop
      vertex -7.97787 87.12 27.4
      vertex -7.40549 87.4631 0
      vertex -7.97787 87.12 0
    endloop
  endfacet
  facet normal -0.595675 0.803225 0
    outer loop
      vertex -7.97787 87.12 0
      vertex -8.51387 86.7225 27.4
      vertex -7.97787 87.12 27.4
    endloop
  endfacet
  facet normal -0.595675 0.803225 0
    outer loop
      vertex -8.51387 86.7225 27.4
      vertex -7.97787 87.12 0
      vertex -8.51387 86.7225 0
    endloop
  endfacet
  facet normal -0.671606 0.740909 0
    outer loop
      vertex -8.51387 86.7225 0
      vertex -9.00832 86.2743 27.4
      vertex -8.51387 86.7225 27.4
    endloop
  endfacet
  facet normal -0.671606 0.740909 0
    outer loop
      vertex -9.00832 86.2743 27.4
      vertex -8.51387 86.7225 0
      vertex -9.00832 86.2743 0
    endloop
  endfacet
  facet normal -0.740912 0.671602 0
    outer loop
      vertex -9.45647 85.7799 0
      vertex -9.00832 86.2743 27.4
      vertex -9.00832 86.2743 0
    endloop
  endfacet
  facet normal -0.740912 0.671602 0
    outer loop
      vertex -9.00832 86.2743 27.4
      vertex -9.45647 85.7799 0
      vertex -9.45647 85.7799 27.4
    endloop
  endfacet
  facet normal -0.803211 0.595695 0
    outer loop
      vertex -9.85399 85.2439 0
      vertex -9.45647 85.7799 27.4
      vertex -9.45647 85.7799 0
    endloop
  endfacet
  facet normal -0.803211 0.595695 0
    outer loop
      vertex -9.45647 85.7799 27.4
      vertex -9.85399 85.2439 0
      vertex -9.85399 85.2439 27.4
    endloop
  endfacet
  facet normal -0.857711 0.514132 0
    outer loop
      vertex -10.1971 84.6715 0
      vertex -9.85399 85.2439 27.4
      vertex -9.85399 85.2439 0
    endloop
  endfacet
  facet normal -0.857711 0.514132 0
    outer loop
      vertex -9.85399 85.2439 27.4
      vertex -10.1971 84.6715 0
      vertex -10.1971 84.6715 27.4
    endloop
  endfacet
  facet normal -0.904012 0.427507 0
    outer loop
      vertex -10.4824 84.0682 0
      vertex -10.1971 84.6715 27.4
      vertex -10.1971 84.6715 0
    endloop
  endfacet
  facet normal -0.904012 0.427507 0
    outer loop
      vertex -10.1971 84.6715 27.4
      vertex -10.4824 84.0682 0
      vertex -10.4824 84.0682 27.4
    endloop
  endfacet
  facet normal -0.941549 0.336877 0
    outer loop
      vertex -10.7072 83.4399 0
      vertex -10.4824 84.0682 27.4
      vertex -10.4824 84.0682 0
    endloop
  endfacet
  facet normal -0.941549 0.336877 0
    outer loop
      vertex -10.4824 84.0682 27.4
      vertex -10.7072 83.4399 0
      vertex -10.7072 83.4399 27.4
    endloop
  endfacet
  facet normal -0.970045 0.242923 0
    outer loop
      vertex -10.8693 82.7926 0
      vertex -10.7072 83.4399 27.4
      vertex -10.7072 83.4399 0
    endloop
  endfacet
  facet normal -0.970045 0.242923 0
    outer loop
      vertex -10.7072 83.4399 27.4
      vertex -10.8693 82.7926 0
      vertex -10.8693 82.7926 27.4
    endloop
  endfacet
  facet normal -0.989158 0.146853 0
    outer loop
      vertex -10.9673 82.1325 0
      vertex -10.8693 82.7926 27.4
      vertex -10.8693 82.7926 0
    endloop
  endfacet
  facet normal -0.989158 0.146853 0
    outer loop
      vertex -10.8693 82.7926 27.4
      vertex -10.9673 82.1325 0
      vertex -10.9673 82.1325 27.4
    endloop
  endfacet
  facet normal -0.998799 0.0490033 0
    outer loop
      vertex -11 81.466 0
      vertex -10.9673 82.1325 27.4
      vertex -10.9673 82.1325 0
    endloop
  endfacet
  facet normal -0.998799 0.0490033 0
    outer loop
      vertex -10.9673 82.1325 27.4
      vertex -11 81.466 0
      vertex -11 81.466 27.4
    endloop
  endfacet
  facet normal -0.998799 -0.0490033 0
    outer loop
      vertex -10.9673 80.7995 0
      vertex -11 81.466 27.4
      vertex -11 81.466 0
    endloop
  endfacet
  facet normal -0.998799 -0.0490033 0
    outer loop
      vertex -11 81.466 27.4
      vertex -10.9673 80.7995 0
      vertex -10.9673 80.7995 27.4
    endloop
  endfacet
  facet normal -0.989158 -0.146853 0
    outer loop
      vertex -10.8693 80.1394 0
      vertex -10.9673 80.7995 27.4
      vertex -10.9673 80.7995 0
    endloop
  endfacet
  facet normal -0.989158 -0.146853 0
    outer loop
      vertex -10.9673 80.7995 27.4
      vertex -10.8693 80.1394 0
      vertex -10.8693 80.1394 27.4
    endloop
  endfacet
  facet normal -0.970045 -0.242923 0
    outer loop
      vertex -10.7072 79.4921 0
      vertex -10.8693 80.1394 27.4
      vertex -10.8693 80.1394 0
    endloop
  endfacet
  facet normal -0.970045 -0.242923 0
    outer loop
      vertex -10.8693 80.1394 27.4
      vertex -10.7072 79.4921 0
      vertex -10.7072 79.4921 27.4
    endloop
  endfacet
  facet normal -0.941566 -0.33683 0
    outer loop
      vertex -10.4824 78.8637 0
      vertex -10.7072 79.4921 27.4
      vertex -10.7072 79.4921 0
    endloop
  endfacet
  facet normal -0.941566 -0.33683 0
    outer loop
      vertex -10.7072 79.4921 27.4
      vertex -10.4824 78.8637 0
      vertex -10.4824 78.8637 27.4
    endloop
  endfacet
  facet normal -0.903985 -0.427564 0
    outer loop
      vertex -10.1971 78.2605 0
      vertex -10.4824 78.8637 27.4
      vertex -10.4824 78.8637 0
    endloop
  endfacet
  facet normal -0.903985 -0.427564 0
    outer loop
      vertex -10.4824 78.8637 27.4
      vertex -10.1971 78.2605 0
      vertex -10.1971 78.2605 27.4
    endloop
  endfacet
  facet normal -0.857711 -0.514132 0
    outer loop
      vertex -9.85399 77.6881 0
      vertex -10.1971 78.2605 27.4
      vertex -10.1971 78.2605 0
    endloop
  endfacet
  facet normal -0.857711 -0.514132 0
    outer loop
      vertex -10.1971 78.2605 27.4
      vertex -9.85399 77.6881 0
      vertex -9.85399 77.6881 27.4
    endloop
  endfacet
  facet normal -0.803211 -0.595695 0
    outer loop
      vertex -9.45647 77.1521 0
      vertex -9.85399 77.6881 27.4
      vertex -9.85399 77.6881 0
    endloop
  endfacet
  facet normal -0.803211 -0.595695 0
    outer loop
      vertex -9.85399 77.6881 27.4
      vertex -9.45647 77.1521 0
      vertex -9.45647 77.1521 27.4
    endloop
  endfacet
  facet normal -0.740912 -0.671602 0
    outer loop
      vertex -9.00832 76.6577 0
      vertex -9.45647 77.1521 27.4
      vertex -9.45647 77.1521 0
    endloop
  endfacet
  facet normal -0.740912 -0.671602 0
    outer loop
      vertex -9.45647 77.1521 27.4
      vertex -9.00832 76.6577 0
      vertex -9.00832 76.6577 27.4
    endloop
  endfacet
  facet normal -0.671606 -0.740909 0
    outer loop
      vertex -9.00832 76.6577 0
      vertex -8.51387 76.2095 27.4
      vertex -9.00832 76.6577 27.4
    endloop
  endfacet
  facet normal -0.671606 -0.740909 -0
    outer loop
      vertex -8.51387 76.2095 27.4
      vertex -9.00832 76.6577 0
      vertex -8.51387 76.2095 0
    endloop
  endfacet
  facet normal -0.595675 -0.803225 0
    outer loop
      vertex -8.51387 76.2095 0
      vertex -7.97787 75.812 27.4
      vertex -8.51387 76.2095 27.4
    endloop
  endfacet
  facet normal -0.595675 -0.803225 -0
    outer loop
      vertex -7.97787 75.812 27.4
      vertex -8.51387 76.2095 0
      vertex -7.97787 75.812 0
    endloop
  endfacet
  facet normal -0.541381 -0.840777 0
    outer loop
      vertex -7.97787 75.812 0
      vertex -2.01939 71.9753 27.4
      vertex -7.97787 75.812 27.4
    endloop
  endfacet
  facet normal -0.541381 -0.840777 -0
    outer loop
      vertex -2.01939 71.9753 27.4
      vertex -7.97787 75.812 0
      vertex -2.01939 71.9753 0
    endloop
  endfacet
  facet normal -0.970028 0.242994 0
    outer loop
      vertex -2.24384 71.0793 0
      vertex -2.01939 71.9753 27.4
      vertex -2.01939 71.9753 0
    endloop
  endfacet
  facet normal -0.970028 0.242994 0
    outer loop
      vertex -2.01939 71.9753 27.4
      vertex -2.24384 71.0793 0
      vertex -2.24384 71.0793 27.4
    endloop
  endfacet
  facet normal -0.989179 0.146715 0
    outer loop
      vertex -2.39833 70.0377 0
      vertex -2.24384 71.0793 27.4
      vertex -2.24384 71.0793 0
    endloop
  endfacet
  facet normal -0.989179 0.146715 0
    outer loop
      vertex -2.24384 71.0793 27.4
      vertex -2.39833 70.0377 0
      vertex -2.39833 70.0377 27.4
    endloop
  endfacet
  facet normal -0.998795 0.0490708 0
    outer loop
      vertex -2.45 68.986 0
      vertex -2.39833 70.0377 27.4
      vertex -2.39833 70.0377 0
    endloop
  endfacet
  facet normal -0.998795 0.0490708 0
    outer loop
      vertex -2.39833 70.0377 27.4
      vertex -2.45 68.986 0
      vertex -2.45 68.986 27.4
    endloop
  endfacet
  facet normal -1 0 0
    outer loop
      vertex -2.45 68.986 0
      vertex -2.45 52.733 11.5
      vertex -2.45 68.986 27.4
    endloop
  endfacet
  facet normal -1 0 0
    outer loop
      vertex -2.45 68.986 0
      vertex -2.45 50.533 11.5
      vertex -2.45 52.733 11.5
    endloop
  endfacet
  facet normal -1 0 0
    outer loop
      vertex -2.45 50.533 11.5
      vertex -2.45 46.233 11.5
      vertex -2.45 50.533 19.5
    endloop
  endfacet
  facet normal -1 0 0
    outer loop
      vertex -2.45 68.986 0
      vertex -2.45 46.233 11.5
      vertex -2.45 50.533 11.5
    endloop
  endfacet
  facet normal -1 0 0
    outer loop
      vertex -2.45 68.986 0
      vertex -2.45 44.033 11.5
      vertex -2.45 46.233 11.5
    endloop
  endfacet
  facet normal -1 0 0
    outer loop
      vertex -2.45 44.033 11.5
      vertex -2.45 39.733 11.5
      vertex -2.45 44.033 19.5
    endloop
  endfacet
  facet normal -1 0 0
    outer loop
      vertex -2.45 68.986 0
      vertex -2.45 39.733 11.5
      vertex -2.45 44.033 11.5
    endloop
  endfacet
  facet normal -1 0 0
    outer loop
      vertex -2.45 68.986 0
      vertex -2.45 37.533 11.5
      vertex -2.45 39.733 11.5
    endloop
  endfacet
  facet normal -1 0 0
    outer loop
      vertex -2.45 37.533 11.5
      vertex -2.45 33.233 11.5
      vertex -2.45 37.533 19.5
    endloop
  endfacet
  facet normal -1 0 0
    outer loop
      vertex -2.45 8.27998 0
      vertex -2.45 37.533 11.5
      vertex -2.45 68.986 0
    endloop
  endfacet
  facet normal -1 -0 0
    outer loop
      vertex -2.45 37.533 11.5
      vertex -2.45 8.27998 0
      vertex -2.45 33.233 11.5
    endloop
  endfacet
  facet normal -1 0 0
    outer loop
      vertex -2.45 31.033 11.5
      vertex -2.45 26.733 11.5
      vertex -2.45 31.033 19.5
    endloop
  endfacet
  facet normal -1 -0 0
    outer loop
      vertex -2.45 33.233 11.5
      vertex -2.45 8.27998 0
      vertex -2.45 31.033 11.5
    endloop
  endfacet
  facet normal -1 -0 0
    outer loop
      vertex -2.45 31.033 11.5
      vertex -2.45 8.27998 0
      vertex -2.45 26.733 11.5
    endloop
  endfacet
  facet normal -1 0 0
    outer loop
      vertex -2.45 8.27998 27.4
      vertex -2.45 24.533 11.5
      vertex -2.45 8.27998 0
    endloop
  endfacet
  facet normal -1 -0 0
    outer loop
      vertex -2.45 26.733 11.5
      vertex -2.45 8.27998 0
      vertex -2.45 24.533 11.5
    endloop
  endfacet
  facet normal -1 0 0
    outer loop
      vertex -2.45 52.733 19.5
      vertex -2.45 68.986 27.4
      vertex -2.45 52.733 11.5
    endloop
  endfacet
  facet normal -1 0 0
    outer loop
      vertex -2.45 50.533 19.5
      vertex -2.45 68.986 27.4
      vertex -2.45 52.733 19.5
    endloop
  endfacet
  facet normal -1 0 0
    outer loop
      vertex -2.45 46.233 19.5
      vertex -2.45 50.533 19.5
      vertex -2.45 46.233 11.5
    endloop
  endfacet
  facet normal -1 0 0
    outer loop
      vertex -2.45 46.233 19.5
      vertex -2.45 68.986 27.4
      vertex -2.45 50.533 19.5
    endloop
  endfacet
  facet normal -1 0 0
    outer loop
      vertex -2.45 44.033 19.5
      vertex -2.45 68.986 27.4
      vertex -2.45 46.233 19.5
    endloop
  endfacet
  facet normal -1 0 0
    outer loop
      vertex -2.45 39.733 19.5
      vertex -2.45 44.033 19.5
      vertex -2.45 39.733 11.5
    endloop
  endfacet
  facet normal -1 0 0
    outer loop
      vertex -2.45 39.733 19.5
      vertex -2.45 68.986 27.4
      vertex -2.45 44.033 19.5
    endloop
  endfacet
  facet normal -1 0 0
    outer loop
      vertex -2.45 37.533 19.5
      vertex -2.45 68.986 27.4
      vertex -2.45 39.733 19.5
    endloop
  endfacet
  facet normal -1 0 0
    outer loop
      vertex -2.45 33.233 19.5
      vertex -2.45 37.533 19.5
      vertex -2.45 33.233 11.5
    endloop
  endfacet
  facet normal -1 0 0
    outer loop
      vertex -2.45 8.27998 27.4
      vertex -2.45 37.533 19.5
      vertex -2.45 33.233 19.5
    endloop
  endfacet
  facet normal -1 0 0
    outer loop
      vertex -2.45 8.27998 27.4
      vertex -2.45 33.233 19.5
      vertex -2.45 31.033 19.5
    endloop
  endfacet
  facet normal -1 0 0
    outer loop
      vertex -2.45 26.733 19.5
      vertex -2.45 31.033 19.5
      vertex -2.45 26.733 11.5
    endloop
  endfacet
  facet normal -1 0 0
    outer loop
      vertex -2.45 8.27998 27.4
      vertex -2.45 31.033 19.5
      vertex -2.45 26.733 19.5
    endloop
  endfacet
  facet normal -1 0 0
    outer loop
      vertex -2.45 8.27998 27.4
      vertex -2.45 26.733 19.5
      vertex -2.45 24.533 19.5
    endloop
  endfacet
  facet normal -1 0 0
    outer loop
      vertex -2.45 37.533 19.5
      vertex -2.45 8.27998 27.4
      vertex -2.45 68.986 27.4
    endloop
  endfacet
  facet normal -1 0 0
    outer loop
      vertex -2.45 24.533 11.5
      vertex -2.45 8.27998 27.4
      vertex -2.45 24.533 19.5
    endloop
  endfacet
  facet normal -0.998795 -0.0490699 0
    outer loop
      vertex -2.39833 7.22826 0
      vertex -2.45 8.27998 27.4
      vertex -2.45 8.27998 0
    endloop
  endfacet
  facet normal -0.998795 -0.0490699 0
    outer loop
      vertex -2.45 8.27998 27.4
      vertex -2.39833 7.22826 0
      vertex -2.39833 7.22826 27.4
    endloop
  endfacet
  facet normal -0.989179 -0.146715 0
    outer loop
      vertex -2.24384 6.18666 0
      vertex -2.39833 7.22826 27.4
      vertex -2.39833 7.22826 0
    endloop
  endfacet
  facet normal -0.989179 -0.146715 0
    outer loop
      vertex -2.39833 7.22826 27.4
      vertex -2.24384 6.18666 0
      vertex -2.24384 6.18666 27.4
    endloop
  endfacet
  facet normal -0.970028 -0.242992 0
    outer loop
      vertex -2.01939 5.29065 0
      vertex -2.24384 6.18666 27.4
      vertex -2.24384 6.18666 0
    endloop
  endfacet
  facet normal -0.970028 -0.242992 0
    outer loop
      vertex -2.24384 6.18666 27.4
      vertex -2.01939 5.29065 0
      vertex -2.01939 5.29065 27.4
    endloop
  endfacet
  facet normal -0.541378 0.840779 0
    outer loop
      vertex -2.01939 5.29065 0
      vertex -7.97787 1.45398 27.4
      vertex -2.01939 5.29065 27.4
    endloop
  endfacet
  facet normal -0.541378 0.840779 0
    outer loop
      vertex -7.97787 1.45398 27.4
      vertex -2.01939 5.29065 0
      vertex -7.97787 1.45398 0
    endloop
  endfacet
  facet normal -0.595695 0.803211 0
    outer loop
      vertex -7.97787 1.45398 0
      vertex -8.51387 1.05646 27.4
      vertex -7.97787 1.45398 27.4
    endloop
  endfacet
  facet normal -0.595695 0.803211 0
    outer loop
      vertex -8.51387 1.05646 27.4
      vertex -7.97787 1.45398 0
      vertex -8.51387 1.05646 0
    endloop
  endfacet
  facet normal -0.671555 0.740955 0
    outer loop
      vertex -8.51387 1.05646 0
      vertex -9.00832 0.608322 27.4
      vertex -8.51387 1.05646 27.4
    endloop
  endfacet
  facet normal -0.671555 0.740955 0
    outer loop
      vertex -9.00832 0.608322 27.4
      vertex -8.51387 1.05646 0
      vertex -9.00832 0.608322 0
    endloop
  endfacet
  facet normal -0.740954 0.671556 0
    outer loop
      vertex -9.45647 0.113861 0
      vertex -9.00832 0.608322 27.4
      vertex -9.00832 0.608322 0
    endloop
  endfacet
  facet normal -0.740954 0.671556 0
    outer loop
      vertex -9.00832 0.608322 27.4
      vertex -9.45647 0.113861 0
      vertex -9.45647 0.113861 27.4
    endloop
  endfacet
  facet normal -0.8032 0.595709 0
    outer loop
      vertex -9.85399 -0.422119 0
      vertex -9.45647 0.113861 27.4
      vertex -9.45647 0.113861 0
    endloop
  endfacet
  facet normal -0.8032 0.595709 0
    outer loop
      vertex -9.45647 0.113861 27.4
      vertex -9.85399 -0.422119 0
      vertex -9.85399 -0.422119 27.4
    endloop
  endfacet
  facet normal -0.8577 0.51415 0
    outer loop
      vertex -10.1971 -0.994492 0
      vertex -9.85399 -0.422119 27.4
      vertex -9.85399 -0.422119 0
    endloop
  endfacet
  facet normal -0.8577 0.51415 0
    outer loop
      vertex -9.85399 -0.422119 27.4
      vertex -10.1971 -0.994492 0
      vertex -10.1971 -0.994492 27.4
    endloop
  endfacet
  facet normal -0.904001 0.427531 0
    outer loop
      vertex -10.4824 -1.59775 0
      vertex -10.1971 -0.994492 27.4
      vertex -10.1971 -0.994492 0
    endloop
  endfacet
  facet normal -0.904001 0.427531 0
    outer loop
      vertex -10.1971 -0.994492 27.4
      vertex -10.4824 -1.59775 0
      vertex -10.4824 -1.59775 27.4
    endloop
  endfacet
  facet normal -0.94155 0.336873 0
    outer loop
      vertex -10.7072 -2.22606 0
      vertex -10.4824 -1.59775 27.4
      vertex -10.4824 -1.59775 0
    endloop
  endfacet
  facet normal -0.94155 0.336873 0
    outer loop
      vertex -10.4824 -1.59775 27.4
      vertex -10.7072 -2.22606 0
      vertex -10.7072 -2.22606 27.4
    endloop
  endfacet
  facet normal -0.970047 0.242916 0
    outer loop
      vertex -10.8693 -2.87338 0
      vertex -10.7072 -2.22606 27.4
      vertex -10.7072 -2.22606 0
    endloop
  endfacet
  facet normal -0.970047 0.242916 0
    outer loop
      vertex -10.7072 -2.22606 27.4
      vertex -10.8693 -2.87338 0
      vertex -10.8693 -2.87338 27.4
    endloop
  endfacet
  facet normal -0.989158 0.146853 0
    outer loop
      vertex -10.9673 -3.53348 0
      vertex -10.8693 -2.87338 27.4
      vertex -10.8693 -2.87338 0
    endloop
  endfacet
  facet normal -0.989158 0.146853 0
    outer loop
      vertex -10.8693 -2.87338 27.4
      vertex -10.9673 -3.53348 0
      vertex -10.9673 -3.53348 27.4
    endloop
  endfacet
  facet normal -0.998799 0.0490019 0
    outer loop
      vertex -11 -4.2 0
      vertex -10.9673 -3.53348 27.4
      vertex -10.9673 -3.53348 0
    endloop
  endfacet
  facet normal -0.998799 0.0490019 0
    outer loop
      vertex -10.9673 -3.53348 27.4
      vertex -11 -4.2 0
      vertex -11 -4.2 27.4
    endloop
  endfacet
  facet normal -0.998799 -0.0490019 0
    outer loop
      vertex -10.9673 -4.86652 0
      vertex -11 -4.2 27.4
      vertex -11 -4.2 0
    endloop
  endfacet
  facet normal -0.998799 -0.0490019 0
    outer loop
      vertex -11 -4.2 27.4
      vertex -10.9673 -4.86652 0
      vertex -10.9673 -4.86652 27.4
    endloop
  endfacet
  facet normal -0.989158 -0.146855 0
    outer loop
      vertex -10.8693 -5.52661 0
      vertex -10.9673 -4.86652 27.4
      vertex -10.9673 -4.86652 0
    endloop
  endfacet
  facet normal -0.989158 -0.146855 0
    outer loop
      vertex -10.9673 -4.86652 27.4
      vertex -10.8693 -5.52661 0
      vertex -10.8693 -5.52661 27.4
    endloop
  endfacet
  facet normal -0.970047 -0.242916 0
    outer loop
      vertex -10.7072 -6.17393 0
      vertex -10.8693 -5.52661 27.4
      vertex -10.8693 -5.52661 0
    endloop
  endfacet
  facet normal -0.970047 -0.242916 0
    outer loop
      vertex -10.8693 -5.52661 27.4
      vertex -10.7072 -6.17393 0
      vertex -10.7072 -6.17393 27.4
    endloop
  endfacet
  facet normal -0.941552 -0.336868 0
    outer loop
      vertex -10.4824 -6.80225 0
      vertex -10.7072 -6.17393 27.4
      vertex -10.7072 -6.17393 0
    endloop
  endfacet
  facet normal -0.941552 -0.336868 0
    outer loop
      vertex -10.7072 -6.17393 27.4
      vertex -10.4824 -6.80225 0
      vertex -10.4824 -6.80225 27.4
    endloop
  endfacet
  facet normal -0.903996 -0.427541 0
    outer loop
      vertex -10.1971 -7.40549 0
      vertex -10.4824 -6.80225 27.4
      vertex -10.4824 -6.80225 0
    endloop
  endfacet
  facet normal -0.903996 -0.427541 0
    outer loop
      vertex -10.4824 -6.80225 27.4
      vertex -10.1971 -7.40549 0
      vertex -10.1971 -7.40549 27.4
    endloop
  endfacet
  facet normal -0.857703 -0.514145 0
    outer loop
      vertex -9.85399 -7.97787 0
      vertex -10.1971 -7.40549 27.4
      vertex -10.1971 -7.40549 0
    endloop
  endfacet
  facet normal -0.857703 -0.514145 0
    outer loop
      vertex -10.1971 -7.40549 27.4
      vertex -9.85399 -7.97787 0
      vertex -9.85399 -7.97787 27.4
    endloop
  endfacet
  facet normal -0.803211 -0.595695 0
    outer loop
      vertex -9.45647 -8.51387 0
      vertex -9.85399 -7.97787 27.4
      vertex -9.85399 -7.97787 0
    endloop
  endfacet
  facet normal -0.803211 -0.595695 0
    outer loop
      vertex -9.85399 -7.97787 27.4
      vertex -9.45647 -8.51387 0
      vertex -9.45647 -8.51387 27.4
    endloop
  endfacet
  facet normal -0.740946 -0.671564 0
    outer loop
      vertex -9.00832 -9.00832 0
      vertex -9.45647 -8.51387 27.4
      vertex -9.45647 -8.51387 0
    endloop
  endfacet
  facet normal -0.740946 -0.671564 0
    outer loop
      vertex -9.45647 -8.51387 27.4
      vertex -9.00832 -9.00832 0
      vertex -9.00832 -9.00832 27.4
    endloop
  endfacet
  facet normal -0.671564 -0.740946 0
    outer loop
      vertex -9.00832 -9.00832 0
      vertex -8.51387 -9.45647 27.4
      vertex -9.00832 -9.00832 27.4
    endloop
  endfacet
  facet normal -0.671564 -0.740946 -0
    outer loop
      vertex -8.51387 -9.45647 27.4
      vertex -9.00832 -9.00832 0
      vertex -8.51387 -9.45647 0
    endloop
  endfacet
  facet normal -0.595695 -0.803211 0
    outer loop
      vertex -8.51387 -9.45647 0
      vertex -7.97787 -9.85399 27.4
      vertex -8.51387 -9.45647 27.4
    endloop
  endfacet
  facet normal -0.595695 -0.803211 -0
    outer loop
      vertex -7.97787 -9.85399 27.4
      vertex -8.51387 -9.45647 0
      vertex -7.97787 -9.85399 0
    endloop
  endfacet
  facet normal -0.514145 -0.857703 0
    outer loop
      vertex -7.97787 -9.85399 0
      vertex -7.40549 -10.1971 27.4
      vertex -7.97787 -9.85399 27.4
    endloop
  endfacet
  facet normal -0.514145 -0.857703 -0
    outer loop
      vertex -7.40549 -10.1971 27.4
      vertex -7.97787 -9.85399 0
      vertex -7.40549 -10.1971 0
    endloop
  endfacet
  facet normal -0.427541 -0.903996 0
    outer loop
      vertex -7.40549 -10.1971 0
      vertex -6.80225 -10.4824 27.4
      vertex -7.40549 -10.1971 27.4
    endloop
  endfacet
  facet normal -0.427541 -0.903996 -0
    outer loop
      vertex -6.80225 -10.4824 27.4
      vertex -7.40549 -10.1971 0
      vertex -6.80225 -10.4824 0
    endloop
  endfacet
  facet normal -0.336868 -0.941552 0
    outer loop
      vertex -6.80225 -10.4824 0
      vertex -6.17393 -10.7072 27.4
      vertex -6.80225 -10.4824 27.4
    endloop
  endfacet
  facet normal -0.336868 -0.941552 -0
    outer loop
      vertex -6.17393 -10.7072 27.4
      vertex -6.80225 -10.4824 0
      vertex -6.17393 -10.7072 0
    endloop
  endfacet
  facet normal -0.242916 -0.970047 0
    outer loop
      vertex -6.17393 -10.7072 0
      vertex -5.52661 -10.8693 27.4
      vertex -6.17393 -10.7072 27.4
    endloop
  endfacet
  facet normal -0.242916 -0.970047 -0
    outer loop
      vertex -5.52661 -10.8693 27.4
      vertex -6.17393 -10.7072 0
      vertex -5.52661 -10.8693 0
    endloop
  endfacet
  facet normal -0.146855 -0.989158 0
    outer loop
      vertex -5.52661 -10.8693 0
      vertex -4.86652 -10.9673 27.4
      vertex -5.52661 -10.8693 27.4
    endloop
  endfacet
  facet normal -0.146855 -0.989158 -0
    outer loop
      vertex -4.86652 -10.9673 27.4
      vertex -5.52661 -10.8693 0
      vertex -4.86652 -10.9673 0
    endloop
  endfacet
  facet normal -0.0490019 -0.998799 0
    outer loop
      vertex -4.86652 -10.9673 0
      vertex -4.2 -11 27.4
      vertex -4.86652 -10.9673 27.4
    endloop
  endfacet
  facet normal -0.0490019 -0.998799 -0
    outer loop
      vertex -4.2 -11 27.4
      vertex -4.86652 -10.9673 0
      vertex -4.2 -11 0
    endloop
  endfacet
  facet normal 0.0490019 -0.998799 0
    outer loop
      vertex -4.2 -11 0
      vertex -3.53348 -10.9673 27.4
      vertex -4.2 -11 27.4
    endloop
  endfacet
  facet normal 0.0490019 -0.998799 0
    outer loop
      vertex -3.53348 -10.9673 27.4
      vertex -4.2 -11 0
      vertex -3.53348 -10.9673 0
    endloop
  endfacet
  facet normal 0.146853 -0.989158 0
    outer loop
      vertex -3.53348 -10.9673 0
      vertex -2.87338 -10.8693 27.4
      vertex -3.53348 -10.9673 27.4
    endloop
  endfacet
  facet normal 0.146853 -0.989158 0
    outer loop
      vertex -2.87338 -10.8693 27.4
      vertex -3.53348 -10.9673 0
      vertex -2.87338 -10.8693 0
    endloop
  endfacet
  facet normal 0.242916 -0.970047 0
    outer loop
      vertex -2.87338 -10.8693 0
      vertex -2.22606 -10.7072 27.4
      vertex -2.87338 -10.8693 27.4
    endloop
  endfacet
  facet normal 0.242916 -0.970047 0
    outer loop
      vertex -2.22606 -10.7072 27.4
      vertex -2.87338 -10.8693 0
      vertex -2.22606 -10.7072 0
    endloop
  endfacet
  facet normal 0.336873 -0.94155 0
    outer loop
      vertex -2.22606 -10.7072 0
      vertex -1.59775 -10.4824 27.4
      vertex -2.22606 -10.7072 27.4
    endloop
  endfacet
  facet normal 0.336873 -0.94155 0
    outer loop
      vertex -1.59775 -10.4824 27.4
      vertex -2.22606 -10.7072 0
      vertex -1.59775 -10.4824 0
    endloop
  endfacet
  facet normal 0.427531 -0.904001 0
    outer loop
      vertex -1.59775 -10.4824 0
      vertex -0.994492 -10.1971 27.4
      vertex -1.59775 -10.4824 27.4
    endloop
  endfacet
  facet normal 0.427531 -0.904001 0
    outer loop
      vertex -0.994492 -10.1971 27.4
      vertex -1.59775 -10.4824 0
      vertex -0.994492 -10.1971 0
    endloop
  endfacet
  facet normal 0.51415 -0.8577 0
    outer loop
      vertex -0.994492 -10.1971 0
      vertex -0.422119 -9.85399 27.4
      vertex -0.994492 -10.1971 27.4
    endloop
  endfacet
  facet normal 0.51415 -0.8577 0
    outer loop
      vertex -0.422119 -9.85399 27.4
      vertex -0.994492 -10.1971 0
      vertex -0.422119 -9.85399 0
    endloop
  endfacet
  facet normal 0.595709 -0.8032 0
    outer loop
      vertex -0.422119 -9.85399 0
      vertex 0.113861 -9.45647 27.4
      vertex -0.422119 -9.85399 27.4
    endloop
  endfacet
  facet normal 0.595709 -0.8032 0
    outer loop
      vertex 0.113861 -9.45647 27.4
      vertex -0.422119 -9.85399 0
      vertex 0.113861 -9.45647 0
    endloop
  endfacet
  facet normal 0.671556 -0.740954 0
    outer loop
      vertex 0.113861 -9.45647 0
      vertex 0.608322 -9.00832 27.4
      vertex 0.113861 -9.45647 27.4
    endloop
  endfacet
  facet normal 0.671556 -0.740954 0
    outer loop
      vertex 0.608322 -9.00832 27.4
      vertex 0.113861 -9.45647 0
      vertex 0.608322 -9.00832 0
    endloop
  endfacet
  facet normal 0.740955 -0.671555 0
    outer loop
      vertex 0.608322 -9.00832 27.4
      vertex 1.05646 -8.51387 0
      vertex 1.05646 -8.51387 27.4
    endloop
  endfacet
  facet normal 0.740955 -0.671555 0
    outer loop
      vertex 1.05646 -8.51387 0
      vertex 0.608322 -9.00832 27.4
      vertex 0.608322 -9.00832 0
    endloop
  endfacet
  facet normal 0.803211 -0.595695 0
    outer loop
      vertex 1.05646 -8.51387 27.4
      vertex 1.45398 -7.97787 0
      vertex 1.45398 -7.97787 27.4
    endloop
  endfacet
  facet normal 0.803211 -0.595695 0
    outer loop
      vertex 1.45398 -7.97787 0
      vertex 1.05646 -8.51387 27.4
      vertex 1.05646 -8.51387 0
    endloop
  endfacet
  facet normal 0.840779 -0.541378 0
    outer loop
      vertex 1.45398 -7.97787 27.4
      vertex 5.29065 -2.01939 0
      vertex 5.29065 -2.01939 27.4
    endloop
  endfacet
  facet normal 0.840779 -0.541378 0
    outer loop
      vertex 5.29065 -2.01939 0
      vertex 1.45398 -7.97787 27.4
      vertex 1.45398 -7.97787 0
    endloop
  endfacet
  facet normal -0.242992 -0.970028 0
    outer loop
      vertex 5.29065 -2.01939 0
      vertex 6.18666 -2.24384 27.4
      vertex 5.29065 -2.01939 27.4
    endloop
  endfacet
  facet normal -0.242992 -0.970028 -0
    outer loop
      vertex 6.18666 -2.24384 27.4
      vertex 5.29065 -2.01939 0
      vertex 6.18666 -2.24384 0
    endloop
  endfacet
  facet normal -0.146715 -0.989179 0
    outer loop
      vertex 6.18666 -2.24384 0
      vertex 7.22826 -2.39833 27.4
      vertex 6.18666 -2.24384 27.4
    endloop
  endfacet
  facet normal -0.146715 -0.989179 -0
    outer loop
      vertex 7.22826 -2.39833 27.4
      vertex 6.18666 -2.24384 0
      vertex 7.22826 -2.39833 0
    endloop
  endfacet
  facet normal -0.0490699 -0.998795 0
    outer loop
      vertex 7.22826 -2.39833 0
      vertex 8.27998 -2.45 27.4
      vertex 7.22826 -2.39833 27.4
    endloop
  endfacet
  facet normal -0.0490699 -0.998795 -0
    outer loop
      vertex 8.27998 -2.45 27.4
      vertex 7.22826 -2.39833 0
      vertex 8.27998 -2.45 0
    endloop
  endfacet
  facet normal 0 -1 0
    outer loop
      vertex 8.27998 -2.45 0
      vertex 76.987 -2.45 27.4
      vertex 8.27998 -2.45 27.4
    endloop
  endfacet
  facet normal 0 -1 -0
    outer loop
      vertex 76.987 -2.45 27.4
      vertex 8.27998 -2.45 0
      vertex 76.987 -2.45 0
    endloop
  endfacet
  facet normal 0.0490708 -0.998795 0
    outer loop
      vertex 76.987 -2.45 0
      vertex 78.0387 -2.39833 27.4
      vertex 76.987 -2.45 27.4
    endloop
  endfacet
  facet normal 0.0490708 -0.998795 0
    outer loop
      vertex 78.0387 -2.39833 27.4
      vertex 76.987 -2.45 0
      vertex 78.0387 -2.39833 0
    endloop
  endfacet
  facet normal 0.146715 -0.989179 0
    outer loop
      vertex 78.0387 -2.39833 0
      vertex 79.0803 -2.24384 27.4
      vertex 78.0387 -2.39833 27.4
    endloop
  endfacet
  facet normal 0.146715 -0.989179 0
    outer loop
      vertex 79.0803 -2.24384 27.4
      vertex 78.0387 -2.39833 0
      vertex 79.0803 -2.24384 0
    endloop
  endfacet
  facet normal 0.243004 -0.970025 0
    outer loop
      vertex 79.0803 -2.24384 0
      vertex 79.9763 -2.01938 27.4
      vertex 79.0803 -2.24384 27.4
    endloop
  endfacet
  facet normal 0.243004 -0.970025 0
    outer loop
      vertex 79.9763 -2.01938 27.4
      vertex 79.0803 -2.24384 0
      vertex 79.9763 -2.01938 0
    endloop
  endfacet
  facet normal -0.840778 -0.541381 0
    outer loop
      vertex 83.813 -7.97787 0
      vertex 79.9763 -2.01938 27.4
      vertex 79.9763 -2.01938 0
    endloop
  endfacet
  facet normal -0.840778 -0.541381 0
    outer loop
      vertex 79.9763 -2.01938 27.4
      vertex 83.813 -7.97787 0
      vertex 83.813 -7.97787 27.4
    endloop
  endfacet
  facet normal -0.803225 -0.595675 0
    outer loop
      vertex 84.2105 -8.51387 0
      vertex 83.813 -7.97787 27.4
      vertex 83.813 -7.97787 0
    endloop
  endfacet
  facet normal -0.803225 -0.595675 0
    outer loop
      vertex 83.813 -7.97787 27.4
      vertex 84.2105 -8.51387 0
      vertex 84.2105 -8.51387 27.4
    endloop
  endfacet
  facet normal -0.740909 -0.671606 0
    outer loop
      vertex 84.6587 -9.00832 0
      vertex 84.2105 -8.51387 27.4
      vertex 84.2105 -8.51387 0
    endloop
  endfacet
  facet normal -0.740909 -0.671606 0
    outer loop
      vertex 84.2105 -8.51387 27.4
      vertex 84.6587 -9.00832 0
      vertex 84.6587 -9.00832 27.4
    endloop
  endfacet
  facet normal -0.671602 -0.740912 0
    outer loop
      vertex 84.6587 -9.00832 0
      vertex 85.1531 -9.45647 27.4
      vertex 84.6587 -9.00832 27.4
    endloop
  endfacet
  facet normal -0.671602 -0.740912 -0
    outer loop
      vertex 85.1531 -9.45647 27.4
      vertex 84.6587 -9.00832 0
      vertex 85.1531 -9.45647 0
    endloop
  endfacet
  facet normal -0.595695 -0.803211 0
    outer loop
      vertex 85.1531 -9.45647 0
      vertex 85.6891 -9.85399 27.4
      vertex 85.1531 -9.45647 27.4
    endloop
  endfacet
  facet normal -0.595695 -0.803211 -0
    outer loop
      vertex 85.6891 -9.85399 27.4
      vertex 85.1531 -9.45647 0
      vertex 85.6891 -9.85399 0
    endloop
  endfacet
  facet normal -0.514132 -0.857711 0
    outer loop
      vertex 85.6891 -9.85399 0
      vertex 86.2615 -10.1971 27.4
      vertex 85.6891 -9.85399 27.4
    endloop
  endfacet
  facet normal -0.514132 -0.857711 -0
    outer loop
      vertex 86.2615 -10.1971 27.4
      vertex 85.6891 -9.85399 0
      vertex 86.2615 -10.1971 0
    endloop
  endfacet
  facet normal -0.427564 -0.903985 0
    outer loop
      vertex 86.2615 -10.1971 0
      vertex 86.8647 -10.4824 27.4
      vertex 86.2615 -10.1971 27.4
    endloop
  endfacet
  facet normal -0.427564 -0.903985 -0
    outer loop
      vertex 86.8647 -10.4824 27.4
      vertex 86.2615 -10.1971 0
      vertex 86.8647 -10.4824 0
    endloop
  endfacet
  facet normal -0.33683 -0.941566 0
    outer loop
      vertex 86.8647 -10.4824 0
      vertex 87.4931 -10.7072 27.4
      vertex 86.8647 -10.4824 27.4
    endloop
  endfacet
  facet normal -0.33683 -0.941566 -0
    outer loop
      vertex 87.4931 -10.7072 27.4
      vertex 86.8647 -10.4824 0
      vertex 87.4931 -10.7072 0
    endloop
  endfacet
  facet normal -0.242923 -0.970045 0
    outer loop
      vertex 87.4931 -10.7072 0
      vertex 88.1404 -10.8693 27.4
      vertex 87.4931 -10.7072 27.4
    endloop
  endfacet
  facet normal -0.242923 -0.970045 -0
    outer loop
      vertex 88.1404 -10.8693 27.4
      vertex 87.4931 -10.7072 0
      vertex 88.1404 -10.8693 0
    endloop
  endfacet
  facet normal -0.146853 -0.989158 0
    outer loop
      vertex 88.1404 -10.8693 0
      vertex 88.8005 -10.9673 27.4
      vertex 88.1404 -10.8693 27.4
    endloop
  endfacet
  facet normal -0.146853 -0.989158 -0
    outer loop
      vertex 88.8005 -10.9673 27.4
      vertex 88.1404 -10.8693 0
      vertex 88.8005 -10.9673 0
    endloop
  endfacet
  facet normal -0.0490033 -0.998799 0
    outer loop
      vertex 88.8005 -10.9673 0
      vertex 89.467 -11 27.4
      vertex 88.8005 -10.9673 27.4
    endloop
  endfacet
  facet normal -0.0490033 -0.998799 -0
    outer loop
      vertex 89.467 -11 27.4
      vertex 88.8005 -10.9673 0
      vertex 89.467 -11 0
    endloop
  endfacet
  facet normal 0.0490033 -0.998799 0
    outer loop
      vertex 89.467 -11 0
      vertex 90.1335 -10.9673 27.4
      vertex 89.467 -11 27.4
    endloop
  endfacet
  facet normal 0.0490033 -0.998799 0
    outer loop
      vertex 90.1335 -10.9673 27.4
      vertex 89.467 -11 0
      vertex 90.1335 -10.9673 0
    endloop
  endfacet
  facet normal 0 0 -1
    outer loop
      vertex 85.717 8.27998 0
      vertex 87.717 8.27998 0
      vertex 87.6653 7.22826 0
    endloop
  endfacet
  facet normal 0 0 -1
    outer loop
      vertex 87.717 8.27998 0
      vertex 85.717 8.27998 0
      vertex 87.717 68.986 0
    endloop
  endfacet
  facet normal 0 0 -1
    outer loop
      vertex 85.717 8.27998 0
      vertex 87.6653 7.22826 0
      vertex 87.5108 6.18666 0
    endloop
  endfacet
  facet normal 0 0 -1
    outer loop
      vertex 85.717 68.986 0
      vertex 87.717 68.986 0
      vertex 85.717 8.27998 0
    endloop
  endfacet
  facet normal 0 0 -1
    outer loop
      vertex 85.717 8.27998 0
      vertex 87.5108 6.18666 0
      vertex 87.2864 5.29065 0
    endloop
  endfacet
  facet normal 0 0 -1
    outer loop
      vertex 87.717 68.986 0
      vertex 85.717 68.986 0
      vertex 87.6653 70.0377 0
    endloop
  endfacet
  facet normal 0 0 -1
    outer loop
      vertex 91.167 81.466 0
      vertex 96.267 81.466 0
      vertex 96.2343 80.7995 0
    endloop
  endfacet
  facet normal 0 0 -1
    outer loop
      vertex 91.1588 81.2994 0
      vertex 96.2343 80.7995 0
      vertex 96.1363 80.1394 0
    endloop
  endfacet
  facet normal 0 0 -1
    outer loop
      vertex 96.267 81.466 0
      vertex 91.167 81.466 0
      vertex 96.2343 82.1325 0
    endloop
  endfacet
  facet normal 0 0 -1
    outer loop
      vertex 91.1343 81.1343 0
      vertex 96.1363 80.1394 0
      vertex 95.9742 79.4921 0
    endloop
  endfacet
  facet normal 0 0 -1
    outer loop
      vertex 91.1588 81.6326 0
      vertex 96.2343 82.1325 0
      vertex 91.167 81.466 0
    endloop
  endfacet
  facet normal 0 0 -1
    outer loop
      vertex 91.0938 80.9725 0
      vertex 95.9742 79.4921 0
      vertex 95.7494 78.8637 0
    endloop
  endfacet
  facet normal -0 0 -1
    outer loop
      vertex 96.2343 82.1325 0
      vertex 91.1588 81.6326 0
      vertex 96.1363 82.7926 0
    endloop
  endfacet
  facet normal 0 0 -1
    outer loop
      vertex 91.0376 80.8154 0
      vertex 95.7494 78.8637 0
      vertex 95.4641 78.2605 0
    endloop
  endfacet
  facet normal 0 0 -1
    outer loop
      vertex 91.1343 81.7977 0
      vertex 96.1363 82.7926 0
      vertex 91.1588 81.6326 0
    endloop
  endfacet
  facet normal 0 0 -1
    outer loop
      vertex 90.9663 80.6646 0
      vertex 95.4641 78.2605 0
      vertex 95.121 77.6881 0
    endloop
  endfacet
  facet normal -0 0 -1
    outer loop
      vertex 96.1363 82.7926 0
      vertex 91.1343 81.7977 0
      vertex 95.9742 83.4399 0
    endloop
  endfacet
  facet normal 0 0 -1
    outer loop
      vertex 90.8805 80.5215 0
      vertex 95.121 77.6881 0
      vertex 94.7235 77.1521 0
    endloop
  endfacet
  facet normal 0 0 -1
    outer loop
      vertex 91.0938 81.9595 0
      vertex 95.9742 83.4399 0
      vertex 91.1343 81.7977 0
    endloop
  endfacet
  facet normal 0 0 -1
    outer loop
      vertex 90.7811 80.3875 0
      vertex 94.7235 77.1521 0
      vertex 94.2753 76.6577 0
    endloop
  endfacet
  facet normal -0 0 -1
    outer loop
      vertex 95.9742 83.4399 0
      vertex 91.0938 81.9595 0
      vertex 95.7494 84.0682 0
    endloop
  endfacet
  facet normal 0 0 -1
    outer loop
      vertex 90.6691 80.2639 0
      vertex 94.2753 76.6577 0
      vertex 93.7809 76.2095 0
    endloop
  endfacet
  facet normal 0 0 -1
    outer loop
      vertex 91.0376 82.1166 0
      vertex 95.7494 84.0682 0
      vertex 91.0938 81.9595 0
    endloop
  endfacet
  facet normal 0 0 -1
    outer loop
      vertex 90.5455 80.1519 0
      vertex 93.7809 76.2095 0
      vertex 93.2449 75.812 0
    endloop
  endfacet
  facet normal -0 0 -1
    outer loop
      vertex 95.7494 84.0682 0
      vertex 91.0376 82.1166 0
      vertex 95.4641 84.6715 0
    endloop
  endfacet
  facet normal 0 0 -1
    outer loop
      vertex 90.9663 82.2674 0
      vertex 95.4641 84.6715 0
      vertex 91.0376 82.1166 0
    endloop
  endfacet
  facet normal 0 0 -1
    outer loop
      vertex 90.8805 82.4105 0
      vertex 95.121 85.2439 0
      vertex 90.9663 82.2674 0
    endloop
  endfacet
  facet normal -0 0 -1
    outer loop
      vertex 95.121 85.2439 0
      vertex 90.8805 82.4105 0
      vertex 94.7235 85.7799 0
    endloop
  endfacet
  facet normal -0 0 -1
    outer loop
      vertex 95.4641 84.6715 0
      vertex 90.9663 82.2674 0
      vertex 95.121 85.2439 0
    endloop
  endfacet
  facet normal 0 0 -1
    outer loop
      vertex 96.2343 80.7995 0
      vertex 91.1588 81.2994 0
      vertex 91.167 81.466 0
    endloop
  endfacet
  facet normal 0 0 -1
    outer loop
      vertex 96.1363 80.1394 0
      vertex 91.1343 81.1343 0
      vertex 91.1588 81.2994 0
    endloop
  endfacet
  facet normal 0 0 -1
    outer loop
      vertex 95.9742 79.4921 0
      vertex 91.0938 80.9725 0
      vertex 91.1343 81.1343 0
    endloop
  endfacet
  facet normal 0 0 -1
    outer loop
      vertex 95.7494 78.8637 0
      vertex 91.0376 80.8154 0
      vertex 91.0938 80.9725 0
    endloop
  endfacet
  facet normal 0 0 -1
    outer loop
      vertex 95.4641 78.2605 0
      vertex 90.9663 80.6646 0
      vertex 91.0376 80.8154 0
    endloop
  endfacet
  facet normal 0 0 -1
    outer loop
      vertex 95.121 77.6881 0
      vertex 90.8805 80.5215 0
      vertex 90.9663 80.6646 0
    endloop
  endfacet
  facet normal 0 0 -1
    outer loop
      vertex 94.7235 77.1521 0
      vertex 90.7811 80.3875 0
      vertex 90.8805 80.5215 0
    endloop
  endfacet
  facet normal 0 0 -1
    outer loop
      vertex 94.2753 76.6577 0
      vertex 90.6691 80.2639 0
      vertex 90.7811 80.3875 0
    endloop
  endfacet
  facet normal 0 0 -1
    outer loop
      vertex 93.7809 76.2095 0
      vertex 90.5455 80.1519 0
      vertex 90.6691 80.2639 0
    endloop
  endfacet
  facet normal 0 0 -1
    outer loop
      vertex 93.2449 75.812 0
      vertex 90.4115 80.0525 0
      vertex 90.5455 80.1519 0
    endloop
  endfacet
  facet normal 0 0 -1
    outer loop
      vertex 93.2449 75.812 0
      vertex 90.2684 79.9667 0
      vertex 90.4115 80.0525 0
    endloop
  endfacet
  facet normal 0 0 -1
    outer loop
      vertex 93.2449 75.812 0
      vertex 90.1176 79.8954 0
      vertex 90.2684 79.9667 0
    endloop
  endfacet
  facet normal 0 0 -1
    outer loop
      vertex 93.2449 75.812 0
      vertex 89.9605 79.8392 0
      vertex 90.1176 79.8954 0
    endloop
  endfacet
  facet normal 0 0 -1
    outer loop
      vertex 93.2449 75.812 0
      vertex 89.7987 79.7987 0
      vertex 89.9605 79.8392 0
    endloop
  endfacet
  facet normal 0 0 -1
    outer loop
      vertex 93.2449 75.812 0
      vertex 89.6336 79.7742 0
      vertex 89.7987 79.7987 0
    endloop
  endfacet
  facet normal 0 0 -1
    outer loop
      vertex 93.2449 75.812 0
      vertex 89.467 79.766 0
      vertex 89.6336 79.7742 0
    endloop
  endfacet
  facet normal 0 0 -1
    outer loop
      vertex 93.2449 75.812 0
      vertex 89.3004 79.7742 0
      vertex 89.467 79.766 0
    endloop
  endfacet
  facet normal 0 0 -1
    outer loop
      vertex 87.2864 71.9753 0
      vertex 89.3004 79.7742 0
      vertex 93.2449 75.812 0
    endloop
  endfacet
  facet normal -0 0 -1
    outer loop
      vertex 89.3004 79.7742 0
      vertex 87.2864 71.9753 0
      vertex 89.1353 79.7987 0
    endloop
  endfacet
  facet normal -0 0 -1
    outer loop
      vertex 89.1353 79.7987 0
      vertex 87.2864 71.9753 0
      vertex 88.9735 79.8392 0
    endloop
  endfacet
  facet normal 0 0 -1
    outer loop
      vertex 84.2457 73.8361 0
      vertex 88.9735 79.8392 0
      vertex 87.2864 71.9753 0
    endloop
  endfacet
  facet normal -0 0 -1
    outer loop
      vertex 88.9735 79.8392 0
      vertex 84.2457 73.8361 0
      vertex 88.8164 79.8954 0
    endloop
  endfacet
  facet normal -0 0 -1
    outer loop
      vertex 88.8164 79.8954 0
      vertex 84.2457 73.8361 0
      vertex 88.6656 79.9667 0
    endloop
  endfacet
  facet normal 0 0 -1
    outer loop
      vertex 83.7354 74.5242 0
      vertex 88.6656 79.9667 0
      vertex 84.2457 73.8361 0
    endloop
  endfacet
  facet normal -0 0 -1
    outer loop
      vertex 88.6656 79.9667 0
      vertex 83.7354 74.5242 0
      vertex 88.5225 80.0525 0
    endloop
  endfacet
  facet normal -0 0 -1
    outer loop
      vertex 88.5225 80.0525 0
      vertex 83.7354 74.5242 0
      vertex 88.3885 80.1519 0
    endloop
  endfacet
  facet normal 0 0 -1
    outer loop
      vertex 83.16 75.159 0
      vertex 88.3885 80.1519 0
      vertex 83.7354 74.5242 0
    endloop
  endfacet
  facet normal -0 0 -1
    outer loop
      vertex 88.3885 80.1519 0
      vertex 83.16 75.159 0
      vertex 88.2649 80.2639 0
    endloop
  endfacet
  facet normal -0 0 -1
    outer loop
      vertex 88.2649 80.2639 0
      vertex 83.16 75.159 0
      vertex 88.1529 80.3875 0
    endloop
  endfacet
  facet normal 0 0 -1
    outer loop
      vertex 82.5252 75.7344 0
      vertex 88.1529 80.3875 0
      vertex 83.16 75.159 0
    endloop
  endfacet
  facet normal -0 0 -1
    outer loop
      vertex 88.1529 80.3875 0
      vertex 82.5252 75.7344 0
      vertex 88.0535 80.5215 0
    endloop
  endfacet
  facet normal -0 0 -1
    outer loop
      vertex 88.0535 80.5215 0
      vertex 82.5252 75.7344 0
      vertex 87.9677 80.6646 0
    endloop
  endfacet
  facet normal -0 0 -1
    outer loop
      vertex 87.9677 80.6646 0
      vertex 82.5252 75.7344 0
      vertex 87.8964 80.8154 0
    endloop
  endfacet
  facet normal 0 0 -1
    outer loop
      vertex 81.8371 76.2447 0
      vertex 87.8964 80.8154 0
      vertex 82.5252 75.7344 0
    endloop
  endfacet
  facet normal 0 -0 -1
    outer loop
      vertex 84.2105 85.7799 0
      vertex 87.767 81.466 0
      vertex 83.813 85.2439 0
    endloop
  endfacet
  facet normal 0 0 -1
    outer loop
      vertex 85.6749 69.8417 0
      vertex 87.6653 70.0377 0
      vertex 85.717 68.986 0
    endloop
  endfacet
  facet normal 0 0 -1
    outer loop
      vertex 83.813 -7.97787 0
      vertex 86.8647 -10.4824 0
      vertex 86.2615 -10.1971 0
    endloop
  endfacet
  facet normal -0 0 -1
    outer loop
      vertex 87.6653 70.0377 0
      vertex 85.6749 69.8417 0
      vertex 87.5108 71.0793 0
    endloop
  endfacet
  facet normal 0 0 -1
    outer loop
      vertex 85.5492 70.6891 0
      vertex 87.5108 71.0793 0
      vertex 85.6749 69.8417 0
    endloop
  endfacet
  facet normal 0 0 -1
    outer loop
      vertex 83.813 -7.97787 0
      vertex 86.2615 -10.1971 0
      vertex 85.6891 -9.85399 0
    endloop
  endfacet
  facet normal 0 0 -1
    outer loop
      vertex 86.8647 -10.4824 0
      vertex 85.6749 7.42429 0
      vertex 85.717 8.27998 0
    endloop
  endfacet
  facet normal 0 0 -1
    outer loop
      vertex 86.8647 -10.4824 0
      vertex 85.5492 6.57684 0
      vertex 85.6749 7.42429 0
    endloop
  endfacet
  facet normal 0 0 -1
    outer loop
      vertex 86.8647 -10.4824 0
      vertex 85.3411 5.74579 0
      vertex 85.5492 6.57684 0
    endloop
  endfacet
  facet normal 0 0 -1
    outer loop
      vertex 83.813 -7.97787 0
      vertex 85.6891 -9.85399 0
      vertex 85.1531 -9.45647 0
    endloop
  endfacet
  facet normal 0 0 -1
    outer loop
      vertex 86.8647 -10.4824 0
      vertex 85.0524 4.93915 0
      vertex 85.3411 5.74579 0
    endloop
  endfacet
  facet normal 0 0 -1
    outer loop
      vertex 86.8647 -10.4824 0
      vertex 84.6862 4.16469 0
      vertex 85.0524 4.93915 0
    endloop
  endfacet
  facet normal 0 0 -1
    outer loop
      vertex 83.813 -7.97787 0
      vertex 85.1531 -9.45647 0
      vertex 84.6587 -9.00832 0
    endloop
  endfacet
  facet normal 0 0 -1
    outer loop
      vertex 86.8647 -10.4824 0
      vertex 84.2457 3.42986 0
      vertex 84.6862 4.16469 0
    endloop
  endfacet
  facet normal 0 0 -1
    outer loop
      vertex 83.813 -7.97787 0
      vertex 84.6587 -9.00832 0
      vertex 84.2105 -8.51387 0
    endloop
  endfacet
  facet normal 0 0 -1
    outer loop
      vertex 86.8647 -10.4824 0
      vertex 83.813 -7.97787 0
      vertex 83.7354 2.74173 0
    endloop
  endfacet
  facet normal 0 0 -1
    outer loop
      vertex 86.8647 -10.4824 0
      vertex 83.7354 2.74173 0
      vertex 84.2457 3.42986 0
    endloop
  endfacet
  facet normal 0 0 -1
    outer loop
      vertex 83.813 -7.97787 0
      vertex 83.16 2.10693 0
      vertex 83.7354 2.74173 0
    endloop
  endfacet
  facet normal 0 0 -1
    outer loop
      vertex 83.813 -7.97787 0
      vertex 82.5252 1.5316 0
      vertex 83.16 2.10693 0
    endloop
  endfacet
  facet normal 0 0 -1
    outer loop
      vertex 83.813 -7.97787 0
      vertex 81.8371 1.02126 0
      vertex 82.5252 1.5316 0
    endloop
  endfacet
  facet normal 0 0 -1
    outer loop
      vertex 79.9763 -2.01938 0
      vertex 81.8371 1.02126 0
      vertex 83.813 -7.97787 0
    endloop
  endfacet
  facet normal 0 0 -1
    outer loop
      vertex 81.8371 1.02126 0
      vertex 79.9763 -2.01938 0
      vertex 81.1023 0.580811 0
    endloop
  endfacet
  facet normal 0 0 -1
    outer loop
      vertex 81.1023 0.580811 0
      vertex 79.9763 -2.01938 0
      vertex 80.3278 0.214508 0
    endloop
  endfacet
  facet normal 0 0 -1
    outer loop
      vertex 79.9763 -2.01938 0
      vertex 79.5212 -0.0740967 0
      vertex 80.3278 0.214508 0
    endloop
  endfacet
  facet normal 0 0 -1
    outer loop
      vertex 78.6901 -0.282257 0
      vertex 79.9763 -2.01938 0
      vertex 79.0803 -2.24384 0
    endloop
  endfacet
  facet normal 0 0 -1
    outer loop
      vertex 79.9763 -2.01938 0
      vertex 78.6901 -0.282257 0
      vertex 79.5212 -0.0740967 0
    endloop
  endfacet
  facet normal 0 0 -1
    outer loop
      vertex 78.0387 -2.39833 0
      vertex 78.6901 -0.282257 0
      vertex 79.0803 -2.24384 0
    endloop
  endfacet
  facet normal 0 0 -1
    outer loop
      vertex 78.0387 -2.39833 0
      vertex 77.8427 -0.407974 0
      vertex 78.6901 -0.282257 0
    endloop
  endfacet
  facet normal 0 0 -1
    outer loop
      vertex 76.987 -2.45 0
      vertex 77.8427 -0.407974 0
      vertex 78.0387 -2.39833 0
    endloop
  endfacet
  facet normal 0 0 -1
    outer loop
      vertex 76.987 -2.45 0
      vertex 76.987 -0.449997 0
      vertex 77.8427 -0.407974 0
    endloop
  endfacet
  facet normal 0 0 -1
    outer loop
      vertex 8.27998 -2.45 0
      vertex 76.987 -0.449997 0
      vertex 76.987 -2.45 0
    endloop
  endfacet
  facet normal 0 0 -1
    outer loop
      vertex 8.27998 -2.45 0
      vertex 8.27998 -0.449997 0
      vertex 76.987 -0.449997 0
    endloop
  endfacet
  facet normal 0 0 -1
    outer loop
      vertex 8.27998 -2.45 0
      vertex 7.42429 -0.407974 0
      vertex 8.27998 -0.449997 0
    endloop
  endfacet
  facet normal 0 0 -1
    outer loop
      vertex 7.22826 -2.39833 0
      vertex 7.42429 -0.407974 0
      vertex 8.27998 -2.45 0
    endloop
  endfacet
  facet normal 0 0 -1
    outer loop
      vertex 7.22826 -2.39833 0
      vertex 6.57684 -0.282257 0
      vertex 7.42429 -0.407974 0
    endloop
  endfacet
  facet normal 0 0 -1
    outer loop
      vertex 6.18666 -2.24384 0
      vertex 6.57684 -0.282257 0
      vertex 7.22826 -2.39833 0
    endloop
  endfacet
  facet normal 0 0 -1
    outer loop
      vertex 5.29065 -2.01939 0
      vertex 6.57684 -0.282257 0
      vertex 6.18666 -2.24384 0
    endloop
  endfacet
  facet normal -0 0 -1
    outer loop
      vertex 6.57684 -0.282257 0
      vertex 5.29065 -2.01939 0
      vertex 5.74579 -0.0740967 0
    endloop
  endfacet
  facet normal 0 0 -1
    outer loop
      vertex 5.29065 -2.01939 0
      vertex 4.93915 0.214508 0
      vertex 5.74579 -0.0740967 0
    endloop
  endfacet
  facet normal 0 0 -1
    outer loop
      vertex 5.29065 -2.01939 0
      vertex 4.16469 0.580811 0
      vertex 4.93915 0.214508 0
    endloop
  endfacet
  facet normal 0 0 -1
    outer loop
      vertex 5.29065 -2.01939 0
      vertex 3.42986 1.02126 0
      vertex 4.16469 0.580811 0
    endloop
  endfacet
  facet normal 0 0 -1
    outer loop
      vertex -2.5732 -3.70652 0
      vertex 3.42986 1.02126 0
      vertex 5.29065 -2.01939 0
    endloop
  endfacet
  facet normal -0 0 -1
    outer loop
      vertex 3.42986 1.02126 0
      vertex -2.6294 -3.54944 0
      vertex 2.74173 1.5316 0
    endloop
  endfacet
  facet normal 0 0 -1
    outer loop
      vertex -2.70073 -3.39863 0
      vertex 2.74173 1.5316 0
      vertex -2.6294 -3.54944 0
    endloop
  endfacet
  facet normal 0 0 -1
    outer loop
      vertex -2.50819 -4.03337 0
      vertex 5.29065 -2.01939 0
      vertex 1.45398 -7.97787 0
    endloop
  endfacet
  facet normal 0 0 -1
    outer loop
      vertex -2.50819 -4.03337 0
      vertex 1.45398 -7.97787 0
      vertex 1.05646 -8.51387 0
    endloop
  endfacet
  facet normal 0 0 -1
    outer loop
      vertex -2.5732 -3.70652 0
      vertex 5.29065 -2.01939 0
      vertex -2.53266 -3.86835 0
    endloop
  endfacet
  facet normal 0 0 -1
    outer loop
      vertex -2.50819 -4.03337 0
      vertex 1.05646 -8.51387 0
      vertex 0.608322 -9.00832 0
    endloop
  endfacet
  facet normal 0 0 -1
    outer loop
      vertex 3.42986 1.02126 0
      vertex -2.5732 -3.70652 0
      vertex -2.6294 -3.54944 0
    endloop
  endfacet
  facet normal 0 0 -1
    outer loop
      vertex -2.7865 -3.25553 0
      vertex 2.74173 1.5316 0
      vertex -2.70073 -3.39863 0
    endloop
  endfacet
  facet normal 0 0 -1
    outer loop
      vertex -2.50819 -4.03337 0
      vertex 0.608322 -9.00832 0
      vertex 0.113861 -9.45647 0
    endloop
  endfacet
  facet normal 0 0 -1
    outer loop
      vertex -2.88588 -3.12153 0
      vertex 2.74173 1.5316 0
      vertex -2.7865 -3.25553 0
    endloop
  endfacet
  facet normal -0 0 -1
    outer loop
      vertex 2.74173 1.5316 0
      vertex -2.88588 -3.12153 0
      vertex 2.10693 2.10693 0
    endloop
  endfacet
  facet normal 0 0 -1
    outer loop
      vertex -2.99792 -2.99792 0
      vertex 2.10693 2.10693 0
      vertex -2.88588 -3.12153 0
    endloop
  endfacet
  facet normal 0 0 -1
    outer loop
      vertex -2.50819 -4.03337 0
      vertex 0.113861 -9.45647 0
      vertex -0.422119 -9.85399 0
    endloop
  endfacet
  facet normal 0 0 -1
    outer loop
      vertex -3.12153 -2.88588 0
      vertex 2.10693 2.10693 0
      vertex -2.99792 -2.99792 0
    endloop
  endfacet
  facet normal 0 0 -1
    outer loop
      vertex 5.29065 -2.01939 0
      vertex -2.50819 -4.03337 0
      vertex -2.53266 -3.86835 0
    endloop
  endfacet
  facet normal 0 0 -1
    outer loop
      vertex -2.50819 -4.03337 0
      vertex -0.422119 -9.85399 0
      vertex -0.994492 -10.1971 0
    endloop
  endfacet
  facet normal 0 0 -1
    outer loop
      vertex 90.7811 82.5445 0
      vertex 94.7235 85.7799 0
      vertex 90.8805 82.4105 0
    endloop
  endfacet
  facet normal -0 0 -1
    outer loop
      vertex 94.7235 85.7799 0
      vertex 90.7811 82.5445 0
      vertex 94.2753 86.2743 0
    endloop
  endfacet
  facet normal 0 0 -1
    outer loop
      vertex 90.6691 82.6681 0
      vertex 94.2753 86.2743 0
      vertex 90.7811 82.5445 0
    endloop
  endfacet
  facet normal -0 0 -1
    outer loop
      vertex 94.2753 86.2743 0
      vertex 90.6691 82.6681 0
      vertex 93.7809 86.7225 0
    endloop
  endfacet
  facet normal 0 0 -1
    outer loop
      vertex 90.5455 82.7801 0
      vertex 93.7809 86.7225 0
      vertex 90.6691 82.6681 0
    endloop
  endfacet
  facet normal -0 0 -1
    outer loop
      vertex 93.7809 86.7225 0
      vertex 90.5455 82.7801 0
      vertex 93.2449 87.12 0
    endloop
  endfacet
  facet normal 0 0 -1
    outer loop
      vertex 90.4115 82.8795 0
      vertex 93.2449 87.12 0
      vertex 90.5455 82.7801 0
    endloop
  endfacet
  facet normal -0 0 -1
    outer loop
      vertex 93.2449 87.12 0
      vertex 90.4115 82.8795 0
      vertex 92.6725 87.4631 0
    endloop
  endfacet
  facet normal 0 0 -1
    outer loop
      vertex 90.2684 82.9653 0
      vertex 92.6725 87.4631 0
      vertex 90.4115 82.8795 0
    endloop
  endfacet
  facet normal -0 0 -1
    outer loop
      vertex 92.6725 87.4631 0
      vertex 90.2684 82.9653 0
      vertex 92.0692 87.7484 0
    endloop
  endfacet
  facet normal 0 0 -1
    outer loop
      vertex 90.1176 83.0366 0
      vertex 92.0692 87.7484 0
      vertex 90.2684 82.9653 0
    endloop
  endfacet
  facet normal -0 0 -1
    outer loop
      vertex 92.0692 87.7484 0
      vertex 90.1176 83.0366 0
      vertex 91.4409 87.9732 0
    endloop
  endfacet
  facet normal 0 0 -1
    outer loop
      vertex 89.9605 83.0928 0
      vertex 91.4409 87.9732 0
      vertex 90.1176 83.0366 0
    endloop
  endfacet
  facet normal -0 0 -1
    outer loop
      vertex 91.4409 87.9732 0
      vertex 89.9605 83.0928 0
      vertex 90.7936 88.1353 0
    endloop
  endfacet
  facet normal 0 0 -1
    outer loop
      vertex 89.7987 83.1333 0
      vertex 90.7936 88.1353 0
      vertex 89.9605 83.0928 0
    endloop
  endfacet
  facet normal -0 0 -1
    outer loop
      vertex 90.7936 88.1353 0
      vertex 89.7987 83.1333 0
      vertex 90.1335 88.2332 0
    endloop
  endfacet
  facet normal 0 0 -1
    outer loop
      vertex 89.6336 83.1578 0
      vertex 90.1335 88.2332 0
      vertex 89.7987 83.1333 0
    endloop
  endfacet
  facet normal 0 0 -1
    outer loop
      vertex 89.467 83.166 0
      vertex 90.1335 88.2332 0
      vertex 89.6336 83.1578 0
    endloop
  endfacet
  facet normal 0 0 -1
    outer loop
      vertex 89.467 83.166 0
      vertex 89.467 88.266 0
      vertex 90.1335 88.2332 0
    endloop
  endfacet
  facet normal 0 0 -1
    outer loop
      vertex 89.3004 83.1578 0
      vertex 89.467 88.266 0
      vertex 89.467 83.166 0
    endloop
  endfacet
  facet normal 0 0 -1
    outer loop
      vertex 88.8005 88.2332 0
      vertex 89.3004 83.1578 0
      vertex 89.1353 83.1333 0
    endloop
  endfacet
  facet normal 0 0 -1
    outer loop
      vertex 88.1404 88.1353 0
      vertex 89.1353 83.1333 0
      vertex 88.9735 83.0928 0
    endloop
  endfacet
  facet normal 0 0 -1
    outer loop
      vertex 87.4931 87.9732 0
      vertex 88.9735 83.0928 0
      vertex 88.8164 83.0366 0
    endloop
  endfacet
  facet normal 0 0 -1
    outer loop
      vertex 89.3004 83.1578 0
      vertex 88.8005 88.2332 0
      vertex 89.467 88.266 0
    endloop
  endfacet
  facet normal 0 0 -1
    outer loop
      vertex 87.4931 87.9732 0
      vertex 88.8164 83.0366 0
      vertex 88.6656 82.9653 0
    endloop
  endfacet
  facet normal 0 0 -1
    outer loop
      vertex 87.4931 87.9732 0
      vertex 88.6656 82.9653 0
      vertex 88.5225 82.8795 0
    endloop
  endfacet
  facet normal 0 0 -1
    outer loop
      vertex 87.4931 87.9732 0
      vertex 88.5225 82.8795 0
      vertex 88.3885 82.7801 0
    endloop
  endfacet
  facet normal 0 0 -1
    outer loop
      vertex 87.4931 87.9732 0
      vertex 88.3885 82.7801 0
      vertex 88.2649 82.6681 0
    endloop
  endfacet
  facet normal 0 0 -1
    outer loop
      vertex 87.4931 87.9732 0
      vertex 88.2649 82.6681 0
      vertex 88.1529 82.5445 0
    endloop
  endfacet
  facet normal 0 0 -1
    outer loop
      vertex 89.1353 83.1333 0
      vertex 88.1404 88.1353 0
      vertex 88.8005 88.2332 0
    endloop
  endfacet
  facet normal 0 0 -1
    outer loop
      vertex 87.4931 87.9732 0
      vertex 88.1529 82.5445 0
      vertex 88.0535 82.4105 0
    endloop
  endfacet
  facet normal 0 0 -1
    outer loop
      vertex 87.4931 87.9732 0
      vertex 88.0535 82.4105 0
      vertex 87.9677 82.2674 0
    endloop
  endfacet
  facet normal 0 0 -1
    outer loop
      vertex 87.4931 87.9732 0
      vertex 87.9677 82.2674 0
      vertex 87.8964 82.1166 0
    endloop
  endfacet
  facet normal 0 0 -1
    outer loop
      vertex 87.4931 87.9732 0
      vertex 87.8964 82.1166 0
      vertex 87.8402 81.9595 0
    endloop
  endfacet
  facet normal 0 0 -1
    outer loop
      vertex 87.4931 87.9732 0
      vertex 87.8402 81.9595 0
      vertex 87.7997 81.7977 0
    endloop
  endfacet
  facet normal 0 0 -1
    outer loop
      vertex 87.4931 87.9732 0
      vertex 87.7997 81.7977 0
      vertex 87.7752 81.6326 0
    endloop
  endfacet
  facet normal 0 0 -1
    outer loop
      vertex 88.9735 83.0928 0
      vertex 87.4931 87.9732 0
      vertex 88.1404 88.1353 0
    endloop
  endfacet
  facet normal 0 0 -1
    outer loop
      vertex 87.4931 87.9732 0
      vertex 87.7752 81.6326 0
      vertex 87.767 81.466 0
    endloop
  endfacet
  facet normal 0 0 -1
    outer loop
      vertex -0.994492 -10.1971 0
      vertex -2.50819 -4.36663 0
      vertex -2.5 -4.2 0
    endloop
  endfacet
  facet normal 0 0 -1
    outer loop
      vertex -1.59775 -10.4824 0
      vertex -2.53266 -4.53165 0
      vertex -2.50819 -4.36663 0
    endloop
  endfacet
  facet normal 0 0 -1
    outer loop
      vertex -1.59775 -10.4824 0
      vertex -2.5732 -4.69348 0
      vertex -2.53266 -4.53165 0
    endloop
  endfacet
  facet normal 0 0 -1
    outer loop
      vertex -1.59775 -10.4824 0
      vertex -2.6294 -4.85056 0
      vertex -2.5732 -4.69348 0
    endloop
  endfacet
  facet normal 0 0 -1
    outer loop
      vertex -1.59775 -10.4824 0
      vertex -2.70073 -5.00137 0
      vertex -2.6294 -4.85056 0
    endloop
  endfacet
  facet normal 0 0 -1
    outer loop
      vertex -1.59775 -10.4824 0
      vertex -2.7865 -5.14447 0
      vertex -2.70073 -5.00137 0
    endloop
  endfacet
  facet normal 0 0 -1
    outer loop
      vertex -3.70652 -5.8268 0
      vertex -2.22606 -10.7072 0
      vertex -2.87338 -10.8693 0
    endloop
  endfacet
  facet normal 0 0 -1
    outer loop
      vertex -1.59775 -10.4824 0
      vertex -2.88588 -5.27847 0
      vertex -2.7865 -5.14447 0
    endloop
  endfacet
  facet normal 0 0 -1
    outer loop
      vertex -1.59775 -10.4824 0
      vertex -2.99792 -5.40208 0
      vertex -2.88588 -5.27847 0
    endloop
  endfacet
  facet normal 0 0 -1
    outer loop
      vertex -1.59775 -10.4824 0
      vertex -3.12153 -5.51412 0
      vertex -2.99792 -5.40208 0
    endloop
  endfacet
  facet normal 0 0 -1
    outer loop
      vertex -1.59775 -10.4824 0
      vertex -3.25553 -5.6135 0
      vertex -3.12153 -5.51412 0
    endloop
  endfacet
  facet normal 0 0 -1
    outer loop
      vertex -1.59775 -10.4824 0
      vertex -3.39863 -5.69927 0
      vertex -3.25553 -5.6135 0
    endloop
  endfacet
  facet normal 0 0 -1
    outer loop
      vertex -3.86835 -5.86733 0
      vertex -2.87338 -10.8693 0
      vertex -3.53348 -10.9673 0
    endloop
  endfacet
  facet normal 0 0 -1
    outer loop
      vertex -1.59775 -10.4824 0
      vertex -3.54944 -5.77059 0
      vertex -3.39863 -5.69927 0
    endloop
  endfacet
  facet normal 0 0 -1
    outer loop
      vertex -2.22606 -10.7072 0
      vertex -3.70652 -5.8268 0
      vertex -3.54944 -5.77059 0
    endloop
  endfacet
  facet normal 0 0 -1
    outer loop
      vertex -2.87338 -10.8693 0
      vertex -3.86835 -5.86733 0
      vertex -3.70652 -5.8268 0
    endloop
  endfacet
  facet normal 0 0 -1
    outer loop
      vertex -3.53348 -10.9673 0
      vertex -4.03337 -5.89181 0
      vertex -3.86835 -5.86733 0
    endloop
  endfacet
  facet normal 0 0 -1
    outer loop
      vertex -4.2 -11 0
      vertex -4.03337 -5.89181 0
      vertex -3.53348 -10.9673 0
    endloop
  endfacet
  facet normal 0 0 -1
    outer loop
      vertex -4.2 -11 0
      vertex -4.2 -5.9 0
      vertex -4.03337 -5.89181 0
    endloop
  endfacet
  facet normal 0 0 -1
    outer loop
      vertex -4.2 -11 0
      vertex -4.36663 -5.89181 0
      vertex -4.2 -5.9 0
    endloop
  endfacet
  facet normal 0 0 -1
    outer loop
      vertex -4.86652 -10.9673 0
      vertex -4.36663 -5.89181 0
      vertex -4.2 -11 0
    endloop
  endfacet
  facet normal -0 0 -1
    outer loop
      vertex -4.36663 -5.89181 0
      vertex -4.86652 -10.9673 0
      vertex -4.53165 -5.86733 0
    endloop
  endfacet
  facet normal 0 0 -1
    outer loop
      vertex -5.52661 -10.8693 0
      vertex -4.53165 -5.86733 0
      vertex -4.86652 -10.9673 0
    endloop
  endfacet
  facet normal -0 0 -1
    outer loop
      vertex -4.53165 -5.86733 0
      vertex -5.52661 -10.8693 0
      vertex -4.69348 -5.8268 0
    endloop
  endfacet
  facet normal 0 0 -1
    outer loop
      vertex -6.17393 -10.7072 0
      vertex -4.69348 -5.8268 0
      vertex -5.52661 -10.8693 0
    endloop
  endfacet
  facet normal -0 0 -1
    outer loop
      vertex -4.69348 -5.8268 0
      vertex -6.17393 -10.7072 0
      vertex -4.85056 -5.77059 0
    endloop
  endfacet
  facet normal 0 0 -1
    outer loop
      vertex -6.80225 -10.4824 0
      vertex -4.85056 -5.77059 0
      vertex -6.17393 -10.7072 0
    endloop
  endfacet
  facet normal -0 0 -1
    outer loop
      vertex -4.85056 -5.77059 0
      vertex -6.80225 -10.4824 0
      vertex -5.00137 -5.69927 0
    endloop
  endfacet
  facet normal 0 0 -1
    outer loop
      vertex -7.40549 -10.1971 0
      vertex -5.00137 -5.69927 0
      vertex -6.80225 -10.4824 0
    endloop
  endfacet
  facet normal -0 0 -1
    outer loop
      vertex -5.00137 -5.69927 0
      vertex -7.40549 -10.1971 0
      vertex -5.14447 -5.6135 0
    endloop
  endfacet
  facet normal 0 0 -1
    outer loop
      vertex -7.97787 -9.85399 0
      vertex -5.14447 -5.6135 0
      vertex -7.40549 -10.1971 0
    endloop
  endfacet
  facet normal -0 0 -1
    outer loop
      vertex -5.14447 -5.6135 0
      vertex -7.97787 -9.85399 0
      vertex -5.27847 -5.51412 0
    endloop
  endfacet
  facet normal 0 0 -1
    outer loop
      vertex -8.51387 -9.45647 0
      vertex -5.27847 -5.51412 0
      vertex -7.97787 -9.85399 0
    endloop
  endfacet
  facet normal -0 0 -1
    outer loop
      vertex -5.27847 -5.51412 0
      vertex -8.51387 -9.45647 0
      vertex -5.40208 -5.40208 0
    endloop
  endfacet
  facet normal 0 0 -1
    outer loop
      vertex -9.00832 -9.00832 0
      vertex -5.40208 -5.40208 0
      vertex -8.51387 -9.45647 0
    endloop
  endfacet
  facet normal -0 0 -1
    outer loop
      vertex -5.40208 -5.40208 0
      vertex -9.00832 -9.00832 0
      vertex -5.51412 -5.27847 0
    endloop
  endfacet
  facet normal -0 0 -1
    outer loop
      vertex -5.51412 -5.27847 0
      vertex -9.45647 -8.51387 0
      vertex -5.6135 -5.14447 0
    endloop
  endfacet
  facet normal 0 0 -1
    outer loop
      vertex -9.45647 -8.51387 0
      vertex -5.51412 -5.27847 0
      vertex -9.00832 -9.00832 0
    endloop
  endfacet
  facet normal 0 0 -1
    outer loop
      vertex -0.449997 8.27998 0
      vertex -2.45 8.27998 0
      vertex -0.449997 68.986 0
    endloop
  endfacet
  facet normal 0 0 -1
    outer loop
      vertex -2.45 68.986 0
      vertex -0.449997 68.986 0
      vertex -2.45 8.27998 0
    endloop
  endfacet
  facet normal -0 0 -1
    outer loop
      vertex -0.449997 8.27998 0
      vertex -2.39833 7.22826 0
      vertex -2.45 8.27998 0
    endloop
  endfacet
  facet normal 0 -0 -1
    outer loop
      vertex -2.39833 70.0377 0
      vertex -0.449997 68.986 0
      vertex -2.45 68.986 0
    endloop
  endfacet
  facet normal 0 0 -1
    outer loop
      vertex -0.449997 68.986 0
      vertex -2.24384 71.0793 0
      vertex -2.01939 71.9753 0
    endloop
  endfacet
  facet normal 0 0 -1
    outer loop
      vertex -0.449997 68.986 0
      vertex -2.39833 70.0377 0
      vertex -2.24384 71.0793 0
    endloop
  endfacet
  facet normal 0 0 -1
    outer loop
      vertex 3.42986 76.2447 0
      vertex -2.5732 80.9725 0
      vertex 5.29065 79.2854 0
    endloop
  endfacet
  facet normal 0 -0 -1
    outer loop
      vertex -2.5 81.466 0
      vertex 1.45398 85.2439 0
      vertex -2.50819 81.2994 0
    endloop
  endfacet
  facet normal 0 0 -1
    outer loop
      vertex -2.53266 81.7977 0
      vertex 1.45398 85.2439 0
      vertex -2.50819 81.6326 0
    endloop
  endfacet
  facet normal 0 0 -1
    outer loop
      vertex -2.50819 81.6326 0
      vertex 1.45398 85.2439 0
      vertex -2.5 81.466 0
    endloop
  endfacet
  facet normal 0 0 -1
    outer loop
      vertex 5.29065 79.2854 0
      vertex -2.50819 81.2994 0
      vertex 1.45398 85.2439 0
    endloop
  endfacet
  facet normal 0 -0 -1
    outer loop
      vertex -2.50819 81.2994 0
      vertex 5.29065 79.2854 0
      vertex -2.53266 81.1343 0
    endloop
  endfacet
  facet normal 0 -0 -1
    outer loop
      vertex -2.53266 81.1343 0
      vertex 5.29065 79.2854 0
      vertex -2.5732 80.9725 0
    endloop
  endfacet
  facet normal 0 0 -1
    outer loop
      vertex -2.01939 71.9753 0
      vertex -2.70073 80.6646 0
      vertex -2.6294 80.8154 0
    endloop
  endfacet
  facet normal 0 0 -1
    outer loop
      vertex -2.01939 71.9753 0
      vertex -2.7865 80.5215 0
      vertex -2.70073 80.6646 0
    endloop
  endfacet
  facet normal 0 0 -1
    outer loop
      vertex -2.01939 71.9753 0
      vertex -2.88588 80.3875 0
      vertex -2.7865 80.5215 0
    endloop
  endfacet
  facet normal 0 0 -1
    outer loop
      vertex -2.01939 71.9753 0
      vertex -2.99792 80.2639 0
      vertex -2.88588 80.3875 0
    endloop
  endfacet
  facet normal 0 0 -1
    outer loop
      vertex -2.01939 71.9753 0
      vertex -3.12153 80.1519 0
      vertex -2.99792 80.2639 0
    endloop
  endfacet
  facet normal 0 0 -1
    outer loop
      vertex -2.01939 71.9753 0
      vertex -3.25553 80.0525 0
      vertex -3.12153 80.1519 0
    endloop
  endfacet
  facet normal 0 0 -1
    outer loop
      vertex -2.01939 71.9753 0
      vertex -3.39863 79.9667 0
      vertex -3.25553 80.0525 0
    endloop
  endfacet
  facet normal 0 0 -1
    outer loop
      vertex -2.01939 71.9753 0
      vertex -3.54944 79.8954 0
      vertex -3.39863 79.9667 0
    endloop
  endfacet
  facet normal 0 0 -1
    outer loop
      vertex -2.01939 71.9753 0
      vertex -3.70652 79.8392 0
      vertex -3.54944 79.8954 0
    endloop
  endfacet
  facet normal 0 0 -1
    outer loop
      vertex -2.01939 71.9753 0
      vertex -3.86835 79.7987 0
      vertex -3.70652 79.8392 0
    endloop
  endfacet
  facet normal 0 0 -1
    outer loop
      vertex -2.01939 71.9753 0
      vertex -4.03337 79.7742 0
      vertex -3.86835 79.7987 0
    endloop
  endfacet
  facet normal 0 0 -1
    outer loop
      vertex -7.97787 75.812 0
      vertex -4.03337 79.7742 0
      vertex -2.01939 71.9753 0
    endloop
  endfacet
  facet normal 0 0 -1
    outer loop
      vertex -4.03337 79.7742 0
      vertex -7.97787 75.812 0
      vertex -4.2 79.766 0
    endloop
  endfacet
  facet normal -0 0 -1
    outer loop
      vertex -4.2 79.766 0
      vertex -7.97787 75.812 0
      vertex -4.36663 79.7742 0
    endloop
  endfacet
  facet normal -0 0 -1
    outer loop
      vertex -4.36663 79.7742 0
      vertex -7.97787 75.812 0
      vertex -4.53165 79.7987 0
    endloop
  endfacet
  facet normal -0 0 -1
    outer loop
      vertex -4.53165 79.7987 0
      vertex -7.97787 75.812 0
      vertex -4.69348 79.8392 0
    endloop
  endfacet
  facet normal -0 0 -1
    outer loop
      vertex -4.69348 79.8392 0
      vertex -7.97787 75.812 0
      vertex -4.85056 79.8954 0
    endloop
  endfacet
  facet normal -0 0 -1
    outer loop
      vertex -4.85056 79.8954 0
      vertex -7.97787 75.812 0
      vertex -5.00137 79.9667 0
    endloop
  endfacet
  facet normal -0 0 -1
    outer loop
      vertex -5.00137 79.9667 0
      vertex -7.97787 75.812 0
      vertex -5.14447 80.0525 0
    endloop
  endfacet
  facet normal -0 0 -1
    outer loop
      vertex -5.14447 80.0525 0
      vertex -7.97787 75.812 0
      vertex -5.27847 80.1519 0
    endloop
  endfacet
  facet normal 0 0 -1
    outer loop
      vertex -8.51387 76.2095 0
      vertex -5.27847 80.1519 0
      vertex -7.97787 75.812 0
    endloop
  endfacet
  facet normal -0 0 -1
    outer loop
      vertex -5.27847 80.1519 0
      vertex -8.51387 76.2095 0
      vertex -5.40208 80.2639 0
    endloop
  endfacet
  facet normal 0 0 -1
    outer loop
      vertex -9.00832 76.6577 0
      vertex -5.40208 80.2639 0
      vertex -8.51387 76.2095 0
    endloop
  endfacet
  facet normal -0 0 -1
    outer loop
      vertex -5.40208 80.2639 0
      vertex -9.00832 76.6577 0
      vertex -5.51412 80.3875 0
    endloop
  endfacet
  facet normal 0 0 -1
    outer loop
      vertex -4.85056 83.0366 0
      vertex -6.80225 87.7484 0
      vertex -6.17393 87.9732 0
    endloop
  endfacet
  facet normal 0 0 -1
    outer loop
      vertex -11 81.466 0
      vertex -5.9 81.466 0
      vertex -5.89181 81.2994 0
    endloop
  endfacet
  facet normal 0 0 -1
    outer loop
      vertex -5.89181 81.6326 0
      vertex -7.40549 87.4631 0
      vertex -6.80225 87.7484 0
    endloop
  endfacet
  facet normal 0 0 -1
    outer loop
      vertex -10.9673 80.7995 0
      vertex -5.89181 81.2994 0
      vertex -5.86733 81.1343 0
    endloop
  endfacet
  facet normal 0 0 -1
    outer loop
      vertex -9.45647 77.1521 0
      vertex -5.51412 80.3875 0
      vertex -9.00832 76.6577 0
    endloop
  endfacet
  facet normal -0 0 -1
    outer loop
      vertex -5.51412 80.3875 0
      vertex -9.45647 77.1521 0
      vertex -5.6135 80.5215 0
    endloop
  endfacet
  facet normal 0 0 -1
    outer loop
      vertex -9.85399 77.6881 0
      vertex -5.6135 80.5215 0
      vertex -9.45647 77.1521 0
    endloop
  endfacet
  facet normal -0 0 -1
    outer loop
      vertex -5.6135 80.5215 0
      vertex -9.85399 77.6881 0
      vertex -5.69927 80.6646 0
    endloop
  endfacet
  facet normal 0 0 -1
    outer loop
      vertex -5.89181 81.6326 0
      vertex -7.97787 87.12 0
      vertex -7.40549 87.4631 0
    endloop
  endfacet
  facet normal 0 0 -1
    outer loop
      vertex -10.1971 78.2605 0
      vertex -5.69927 80.6646 0
      vertex -9.85399 77.6881 0
    endloop
  endfacet
  facet normal 0 0 -1
    outer loop
      vertex -5.89181 81.6326 0
      vertex -8.51387 86.7225 0
      vertex -7.97787 87.12 0
    endloop
  endfacet
  facet normal -0 0 -1
    outer loop
      vertex -5.69927 80.6646 0
      vertex -10.1971 78.2605 0
      vertex -5.77059 80.8154 0
    endloop
  endfacet
  facet normal 0 0 -1
    outer loop
      vertex -5.89181 81.6326 0
      vertex -9.00832 86.2743 0
      vertex -8.51387 86.7225 0
    endloop
  endfacet
  facet normal 0 0 -1
    outer loop
      vertex -10.4824 78.8637 0
      vertex -5.77059 80.8154 0
      vertex -10.1971 78.2605 0
    endloop
  endfacet
  facet normal 0 0 -1
    outer loop
      vertex -5.89181 81.6326 0
      vertex -9.45647 85.7799 0
      vertex -9.00832 86.2743 0
    endloop
  endfacet
  facet normal -0 0 -1
    outer loop
      vertex -5.77059 80.8154 0
      vertex -10.4824 78.8637 0
      vertex -5.8268 80.9725 0
    endloop
  endfacet
  facet normal 0 0 -1
    outer loop
      vertex -5.89181 81.6326 0
      vertex -9.85399 85.2439 0
      vertex -9.45647 85.7799 0
    endloop
  endfacet
  facet normal 0 0 -1
    outer loop
      vertex -10.7072 79.4921 0
      vertex -5.8268 80.9725 0
      vertex -10.4824 78.8637 0
    endloop
  endfacet
  facet normal 0 0 -1
    outer loop
      vertex -5.89181 81.6326 0
      vertex -10.1971 84.6715 0
      vertex -9.85399 85.2439 0
    endloop
  endfacet
  facet normal -0 0 -1
    outer loop
      vertex -5.8268 80.9725 0
      vertex -10.7072 79.4921 0
      vertex -5.86733 81.1343 0
    endloop
  endfacet
  facet normal 0 0 -1
    outer loop
      vertex -5.89181 81.6326 0
      vertex -10.4824 84.0682 0
      vertex -10.1971 84.6715 0
    endloop
  endfacet
  facet normal 0 0 -1
    outer loop
      vertex -10.8693 80.1394 0
      vertex -5.86733 81.1343 0
      vertex -10.7072 79.4921 0
    endloop
  endfacet
  facet normal 0 0 -1
    outer loop
      vertex -5.89181 81.6326 0
      vertex -10.7072 83.4399 0
      vertex -10.4824 84.0682 0
    endloop
  endfacet
  facet normal 0 0 -1
    outer loop
      vertex -10.9673 80.7995 0
      vertex -5.86733 81.1343 0
      vertex -10.8693 80.1394 0
    endloop
  endfacet
  facet normal 0 0 -1
    outer loop
      vertex -5.89181 81.6326 0
      vertex -10.8693 82.7926 0
      vertex -10.7072 83.4399 0
    endloop
  endfacet
  facet normal -0 0 -1
    outer loop
      vertex -5.89181 81.2994 0
      vertex -10.9673 80.7995 0
      vertex -11 81.466 0
    endloop
  endfacet
  facet normal 0 0 -1
    outer loop
      vertex -5.89181 81.6326 0
      vertex -10.9673 82.1325 0
      vertex -10.8693 82.7926 0
    endloop
  endfacet
  facet normal 0 0 -1
    outer loop
      vertex -5.9 81.466 0
      vertex -11 81.466 0
      vertex -10.9673 82.1325 0
    endloop
  endfacet
  facet normal 0 0 -1
    outer loop
      vertex -2.5732 81.9595 0
      vertex 1.45398 85.2439 0
      vertex -2.53266 81.7977 0
    endloop
  endfacet
  facet normal 0 0 -1
    outer loop
      vertex -2.6294 82.1166 0
      vertex 1.45398 85.2439 0
      vertex -2.5732 81.9595 0
    endloop
  endfacet
  facet normal 0 0 -1
    outer loop
      vertex -2.70073 82.2674 0
      vertex 1.45398 85.2439 0
      vertex -2.6294 82.1166 0
    endloop
  endfacet
  facet normal 0 0 -1
    outer loop
      vertex -2.7865 82.4105 0
      vertex 1.45398 85.2439 0
      vertex -2.70073 82.2674 0
    endloop
  endfacet
  facet normal 0 0 -1
    outer loop
      vertex -2.88588 82.5445 0
      vertex 1.45398 85.2439 0
      vertex -2.7865 82.4105 0
    endloop
  endfacet
  facet normal 0 0 -1
    outer loop
      vertex -2.99792 82.6681 0
      vertex 1.45398 85.2439 0
      vertex -2.88588 82.5445 0
    endloop
  endfacet
  facet normal 0 0 -1
    outer loop
      vertex -3.12153 82.7801 0
      vertex 1.45398 85.2439 0
      vertex -2.99792 82.6681 0
    endloop
  endfacet
  facet normal -0 0 -1
    outer loop
      vertex 1.45398 85.2439 0
      vertex -3.12153 82.7801 0
      vertex -1.59775 87.7484 0
    endloop
  endfacet
  facet normal 0 0 -1
    outer loop
      vertex -3.25553 82.8795 0
      vertex -1.59775 87.7484 0
      vertex -3.12153 82.7801 0
    endloop
  endfacet
  facet normal 0 0 -1
    outer loop
      vertex -3.39863 82.9653 0
      vertex -1.59775 87.7484 0
      vertex -3.25553 82.8795 0
    endloop
  endfacet
  facet normal 0 0 -1
    outer loop
      vertex -3.54944 83.0366 0
      vertex -1.59775 87.7484 0
      vertex -3.39863 82.9653 0
    endloop
  endfacet
  facet normal -0 0 -1
    outer loop
      vertex -1.59775 87.7484 0
      vertex -3.54944 83.0366 0
      vertex -2.22606 87.9732 0
    endloop
  endfacet
  facet normal 0 0 -1
    outer loop
      vertex -3.70652 83.0928 0
      vertex -2.22606 87.9732 0
      vertex -3.54944 83.0366 0
    endloop
  endfacet
  facet normal -0 0 -1
    outer loop
      vertex -2.22606 87.9732 0
      vertex -3.70652 83.0928 0
      vertex -2.87338 88.1353 0
    endloop
  endfacet
  facet normal 0 0 -1
    outer loop
      vertex -3.86835 83.1333 0
      vertex -2.87338 88.1353 0
      vertex -3.70652 83.0928 0
    endloop
  endfacet
  facet normal -0 0 -1
    outer loop
      vertex -2.87338 88.1353 0
      vertex -3.86835 83.1333 0
      vertex -3.53348 88.2332 0
    endloop
  endfacet
  facet normal 0 0 -1
    outer loop
      vertex -4.03337 83.1578 0
      vertex -3.53348 88.2332 0
      vertex -3.86835 83.1333 0
    endloop
  endfacet
  facet normal 0 0 -1
    outer loop
      vertex -4.03337 83.1578 0
      vertex -4.2 88.266 0
      vertex -3.53348 88.2332 0
    endloop
  endfacet
  facet normal 0 0 -1
    outer loop
      vertex -4.2 83.166 0
      vertex -4.2 88.266 0
      vertex -4.03337 83.1578 0
    endloop
  endfacet
  facet normal 0 0 -1
    outer loop
      vertex -4.36663 83.1578 0
      vertex -4.2 88.266 0
      vertex -4.2 83.166 0
    endloop
  endfacet
  facet normal 0 0 -1
    outer loop
      vertex -4.86652 88.2332 0
      vertex -4.36663 83.1578 0
      vertex -4.53165 83.1333 0
    endloop
  endfacet
  facet normal 0 0 -1
    outer loop
      vertex -5.52661 88.1353 0
      vertex -4.53165 83.1333 0
      vertex -4.69348 83.0928 0
    endloop
  endfacet
  facet normal 0 0 -1
    outer loop
      vertex -6.17393 87.9732 0
      vertex -4.69348 83.0928 0
      vertex -4.85056 83.0366 0
    endloop
  endfacet
  facet normal 0 0 -1
    outer loop
      vertex -4.36663 83.1578 0
      vertex -4.86652 88.2332 0
      vertex -4.2 88.266 0
    endloop
  endfacet
  facet normal 0 0 -1
    outer loop
      vertex -6.80225 87.7484 0
      vertex -4.85056 83.0366 0
      vertex -5.00137 82.9653 0
    endloop
  endfacet
  facet normal 0 0 -1
    outer loop
      vertex -6.80225 87.7484 0
      vertex -5.00137 82.9653 0
      vertex -5.14447 82.8795 0
    endloop
  endfacet
  facet normal 0 0 -1
    outer loop
      vertex -6.80225 87.7484 0
      vertex -5.14447 82.8795 0
      vertex -5.27847 82.7801 0
    endloop
  endfacet
  facet normal 0 0 -1
    outer loop
      vertex -6.80225 87.7484 0
      vertex -5.27847 82.7801 0
      vertex -5.40208 82.6681 0
    endloop
  endfacet
  facet normal 0 0 -1
    outer loop
      vertex -6.80225 87.7484 0
      vertex -5.40208 82.6681 0
      vertex -5.51412 82.5445 0
    endloop
  endfacet
  facet normal 0 0 -1
    outer loop
      vertex -4.53165 83.1333 0
      vertex -5.52661 88.1353 0
      vertex -4.86652 88.2332 0
    endloop
  endfacet
  facet normal 0 0 -1
    outer loop
      vertex -6.80225 87.7484 0
      vertex -5.51412 82.5445 0
      vertex -5.6135 82.4105 0
    endloop
  endfacet
  facet normal 0 0 -1
    outer loop
      vertex -6.80225 87.7484 0
      vertex -5.6135 82.4105 0
      vertex -5.69927 82.2674 0
    endloop
  endfacet
  facet normal 0 0 -1
    outer loop
      vertex -6.80225 87.7484 0
      vertex -5.69927 82.2674 0
      vertex -5.77059 82.1166 0
    endloop
  endfacet
  facet normal 0 0 -1
    outer loop
      vertex -6.80225 87.7484 0
      vertex -5.77059 82.1166 0
      vertex -5.8268 81.9595 0
    endloop
  endfacet
  facet normal 0 0 -1
    outer loop
      vertex -6.80225 87.7484 0
      vertex -5.8268 81.9595 0
      vertex -5.86733 81.7977 0
    endloop
  endfacet
  facet normal 0 0 -1
    outer loop
      vertex -6.80225 87.7484 0
      vertex -5.86733 81.7977 0
      vertex -5.89181 81.6326 0
    endloop
  endfacet
  facet normal 0 0 -1
    outer loop
      vertex -4.69348 83.0928 0
      vertex -6.17393 87.9732 0
      vertex -5.52661 88.1353 0
    endloop
  endfacet
  facet normal 0 0 -1
    outer loop
      vertex -10.9673 82.1325 0
      vertex -5.89181 81.6326 0
      vertex -5.9 81.466 0
    endloop
  endfacet
  facet normal -0 0 -1
    outer loop
      vertex 87.5108 71.0793 0
      vertex 85.5492 70.6891 0
      vertex 87.2864 71.9753 0
    endloop
  endfacet
  facet normal 0 0 -1
    outer loop
      vertex 85.3411 71.5202 0
      vertex 87.2864 71.9753 0
      vertex 85.5492 70.6891 0
    endloop
  endfacet
  facet normal 0 0 -1
    outer loop
      vertex 85.0524 72.3268 0
      vertex 87.2864 71.9753 0
      vertex 85.3411 71.5202 0
    endloop
  endfacet
  facet normal 0 0 -1
    outer loop
      vertex 84.6862 73.1013 0
      vertex 87.2864 71.9753 0
      vertex 85.0524 72.3268 0
    endloop
  endfacet
  facet normal 0 0 -1
    outer loop
      vertex 84.2457 73.8361 0
      vertex 87.2864 71.9753 0
      vertex 84.6862 73.1013 0
    endloop
  endfacet
  facet normal -0 0 -1
    outer loop
      vertex 87.8964 80.8154 0
      vertex 81.8371 76.2447 0
      vertex 87.8402 80.9725 0
    endloop
  endfacet
  facet normal 0 0 -1
    outer loop
      vertex 79.9763 79.2854 0
      vertex 87.8402 80.9725 0
      vertex 81.8371 76.2447 0
    endloop
  endfacet
  facet normal 0 0 -1
    outer loop
      vertex 87.767 81.466 0
      vertex 86.8647 87.7484 0
      vertex 87.4931 87.9732 0
    endloop
  endfacet
  facet normal 0 0 -1
    outer loop
      vertex 87.767 81.466 0
      vertex 86.2615 87.4631 0
      vertex 86.8647 87.7484 0
    endloop
  endfacet
  facet normal 0 0 -1
    outer loop
      vertex 87.767 81.466 0
      vertex 85.6891 87.12 0
      vertex 86.2615 87.4631 0
    endloop
  endfacet
  facet normal 0 0 -1
    outer loop
      vertex 87.767 81.466 0
      vertex 84.6587 86.2743 0
      vertex 85.1531 86.7225 0
    endloop
  endfacet
  facet normal 0 0 -1
    outer loop
      vertex 87.767 81.466 0
      vertex 84.2105 85.7799 0
      vertex 84.6587 86.2743 0
    endloop
  endfacet
  facet normal 0 0 -1
    outer loop
      vertex 87.767 81.466 0
      vertex 85.1531 86.7225 0
      vertex 85.6891 87.12 0
    endloop
  endfacet
  facet normal -0 0 -1
    outer loop
      vertex 87.8402 80.9725 0
      vertex 79.9763 79.2854 0
      vertex 87.7997 81.1343 0
    endloop
  endfacet
  facet normal -0 0 -1
    outer loop
      vertex 87.7997 81.1343 0
      vertex 79.9763 79.2854 0
      vertex 87.7752 81.2994 0
    endloop
  endfacet
  facet normal 0 -0 -1
    outer loop
      vertex 83.813 85.2439 0
      vertex 87.7752 81.2994 0
      vertex 79.9763 79.2854 0
    endloop
  endfacet
  facet normal 0 0 -1
    outer loop
      vertex 79.9763 79.2854 0
      vertex 81.8371 76.2447 0
      vertex 81.1023 76.6852 0
    endloop
  endfacet
  facet normal 0 0 -1
    outer loop
      vertex 79.9763 79.2854 0
      vertex 81.1023 76.6852 0
      vertex 80.3278 77.0515 0
    endloop
  endfacet
  facet normal 0 0 -1
    outer loop
      vertex 87.7752 81.2994 0
      vertex 83.813 85.2439 0
      vertex 87.767 81.466 0
    endloop
  endfacet
  facet normal 0 0 -1
    outer loop
      vertex 79.5212 77.3401 0
      vertex 79.9763 79.2854 0
      vertex 80.3278 77.0515 0
    endloop
  endfacet
  facet normal 0 0 -1
    outer loop
      vertex 78.6901 77.5482 0
      vertex 79.9763 79.2854 0
      vertex 79.5212 77.3401 0
    endloop
  endfacet
  facet normal -0 0 -1
    outer loop
      vertex 79.9763 79.2854 0
      vertex 78.6901 77.5482 0
      vertex 79.0803 79.5098 0
    endloop
  endfacet
  facet normal 0 0 -1
    outer loop
      vertex 78.6901 77.5482 0
      vertex 78.0387 79.6643 0
      vertex 79.0803 79.5098 0
    endloop
  endfacet
  facet normal 0 0 -1
    outer loop
      vertex 77.8427 77.674 0
      vertex 78.0387 79.6643 0
      vertex 78.6901 77.5482 0
    endloop
  endfacet
  facet normal 0 0 -1
    outer loop
      vertex 76.987 77.716 0
      vertex 78.0387 79.6643 0
      vertex 77.8427 77.674 0
    endloop
  endfacet
  facet normal 0 0 -1
    outer loop
      vertex 76.987 77.716 0
      vertex 76.987 79.716 0
      vertex 78.0387 79.6643 0
    endloop
  endfacet
  facet normal 0 0 -1
    outer loop
      vertex 8.27998 77.716 0
      vertex 76.987 79.716 0
      vertex 76.987 77.716 0
    endloop
  endfacet
  facet normal 0 0 -1
    outer loop
      vertex 8.27998 77.716 0
      vertex 8.27998 79.716 0
      vertex 76.987 79.716 0
    endloop
  endfacet
  facet normal 0 0 -1
    outer loop
      vertex 7.42429 77.674 0
      vertex 8.27998 79.716 0
      vertex 8.27998 77.716 0
    endloop
  endfacet
  facet normal 0 0 -1
    outer loop
      vertex 7.42429 77.674 0
      vertex 7.22826 79.6643 0
      vertex 8.27998 79.716 0
    endloop
  endfacet
  facet normal 0 0 -1
    outer loop
      vertex 6.57684 77.5482 0
      vertex 7.22826 79.6643 0
      vertex 7.42429 77.674 0
    endloop
  endfacet
  facet normal 0 0 -1
    outer loop
      vertex 6.57684 77.5482 0
      vertex 6.18666 79.5098 0
      vertex 7.22826 79.6643 0
    endloop
  endfacet
  facet normal 0 0 -1
    outer loop
      vertex 5.29065 79.2854 0
      vertex 6.57684 77.5482 0
      vertex 5.74579 77.3401 0
    endloop
  endfacet
  facet normal 0 0 -1
    outer loop
      vertex 6.57684 77.5482 0
      vertex 5.29065 79.2854 0
      vertex 6.18666 79.5098 0
    endloop
  endfacet
  facet normal 0 0 -1
    outer loop
      vertex 4.93915 77.0515 0
      vertex 5.29065 79.2854 0
      vertex 5.74579 77.3401 0
    endloop
  endfacet
  facet normal 0 0 -1
    outer loop
      vertex 4.16469 76.6852 0
      vertex 5.29065 79.2854 0
      vertex 4.93915 77.0515 0
    endloop
  endfacet
  facet normal 0 0 -1
    outer loop
      vertex 3.42986 76.2447 0
      vertex 5.29065 79.2854 0
      vertex 4.16469 76.6852 0
    endloop
  endfacet
  facet normal 0 0 -1
    outer loop
      vertex -2.6294 80.8154 0
      vertex 3.42986 76.2447 0
      vertex 2.74173 75.7344 0
    endloop
  endfacet
  facet normal 0 0 -1
    outer loop
      vertex -2.6294 80.8154 0
      vertex 2.74173 75.7344 0
      vertex 2.10693 75.159 0
    endloop
  endfacet
  facet normal 0 0 -1
    outer loop
      vertex -2.6294 80.8154 0
      vertex 2.10693 75.159 0
      vertex 1.5316 74.5242 0
    endloop
  endfacet
  facet normal 0 -0 -1
    outer loop
      vertex -2.5732 80.9725 0
      vertex 3.42986 76.2447 0
      vertex -2.6294 80.8154 0
    endloop
  endfacet
  facet normal 0 0 -1
    outer loop
      vertex 1.02126 73.8361 0
      vertex -2.6294 80.8154 0
      vertex 1.5316 74.5242 0
    endloop
  endfacet
  facet normal 0 0 -1
    outer loop
      vertex -2.6294 80.8154 0
      vertex 1.02126 73.8361 0
      vertex -2.01939 71.9753 0
    endloop
  endfacet
  facet normal 0 0 -1
    outer loop
      vertex 1.45398 85.2439 0
      vertex -1.59775 87.7484 0
      vertex 1.05646 85.7799 0
    endloop
  endfacet
  facet normal 0 0 -1
    outer loop
      vertex -2.01939 71.9753 0
      vertex 1.02126 73.8361 0
      vertex 0.580811 73.1013 0
    endloop
  endfacet
  facet normal 0 0 -1
    outer loop
      vertex -2.01939 71.9753 0
      vertex 0.580811 73.1013 0
      vertex 0.214508 72.3268 0
    endloop
  endfacet
  facet normal 0 0 -1
    outer loop
      vertex 1.05646 85.7799 0
      vertex -1.59775 87.7484 0
      vertex 0.608322 86.2743 0
    endloop
  endfacet
  facet normal 0 0 -1
    outer loop
      vertex -2.01939 71.9753 0
      vertex 0.214508 72.3268 0
      vertex -0.0740967 71.5202 0
    endloop
  endfacet
  facet normal 0 0 -1
    outer loop
      vertex -2.01939 71.9753 0
      vertex -0.0740967 71.5202 0
      vertex -0.282257 70.6891 0
    endloop
  endfacet
  facet normal 0 0 -1
    outer loop
      vertex -2.01939 71.9753 0
      vertex -0.282257 70.6891 0
      vertex -0.407974 69.8417 0
    endloop
  endfacet
  facet normal 0 0 -1
    outer loop
      vertex 0.608322 86.2743 0
      vertex -1.59775 87.7484 0
      vertex 0.113861 86.7225 0
    endloop
  endfacet
  facet normal 0 0 -1
    outer loop
      vertex -2.01939 71.9753 0
      vertex -0.407974 69.8417 0
      vertex -0.449997 68.986 0
    endloop
  endfacet
  facet normal 0 0 -1
    outer loop
      vertex -2.39833 7.22826 0
      vertex -0.407974 7.42429 0
      vertex -2.24384 6.18666 0
    endloop
  endfacet
  facet normal -0 0 -1
    outer loop
      vertex -0.407974 7.42429 0
      vertex -2.39833 7.22826 0
      vertex -0.449997 8.27998 0
    endloop
  endfacet
  facet normal 0 0 -1
    outer loop
      vertex -2.50819 -4.36663 0
      vertex -0.994492 -10.1971 0
      vertex -1.59775 -10.4824 0
    endloop
  endfacet
  facet normal 0 0 -1
    outer loop
      vertex 0.113861 86.7225 0
      vertex -1.59775 87.7484 0
      vertex -0.422119 87.12 0
    endloop
  endfacet
  facet normal 0 0 -1
    outer loop
      vertex -0.422119 87.12 0
      vertex -1.59775 87.7484 0
      vertex -0.994492 87.4631 0
    endloop
  endfacet
  facet normal 0 0 -1
    outer loop
      vertex -3.54944 -5.77059 0
      vertex -1.59775 -10.4824 0
      vertex -2.22606 -10.7072 0
    endloop
  endfacet
  facet normal 0 0 -1
    outer loop
      vertex -0.994492 -10.1971 0
      vertex -2.5 -4.2 0
      vertex -2.50819 -4.03337 0
    endloop
  endfacet
  facet normal -0 0 -1
    outer loop
      vertex 2.10693 2.10693 0
      vertex -3.12153 -2.88588 0
      vertex 1.5316 2.74173 0
    endloop
  endfacet
  facet normal -0 0 -1
    outer loop
      vertex -0.282257 6.57684 0
      vertex -2.24384 6.18666 0
      vertex -0.407974 7.42429 0
    endloop
  endfacet
  facet normal 0 0 -1
    outer loop
      vertex -3.25553 -2.7865 0
      vertex 1.5316 2.74173 0
      vertex -3.12153 -2.88588 0
    endloop
  endfacet
  facet normal 0 0 -1
    outer loop
      vertex -2.24384 6.18666 0
      vertex -0.282257 6.57684 0
      vertex -2.01939 5.29065 0
    endloop
  endfacet
  facet normal 0 0 -1
    outer loop
      vertex -3.39863 -2.70073 0
      vertex 1.5316 2.74173 0
      vertex -3.25553 -2.7865 0
    endloop
  endfacet
  facet normal -0 0 -1
    outer loop
      vertex -0.0740967 5.74579 0
      vertex -2.01939 5.29065 0
      vertex -0.282257 6.57684 0
    endloop
  endfacet
  facet normal -0 0 -1
    outer loop
      vertex 1.5316 2.74173 0
      vertex -3.39863 -2.70073 0
      vertex 1.02126 3.42986 0
    endloop
  endfacet
  facet normal 0 0 -1
    outer loop
      vertex -3.54944 -2.6294 0
      vertex 1.02126 3.42986 0
      vertex -3.39863 -2.70073 0
    endloop
  endfacet
  facet normal 0 0 -1
    outer loop
      vertex 0.214508 4.93915 0
      vertex -2.01939 5.29065 0
      vertex -0.0740967 5.74579 0
    endloop
  endfacet
  facet normal 0 0 -1
    outer loop
      vertex -3.70652 -2.5732 0
      vertex 1.02126 3.42986 0
      vertex -3.54944 -2.6294 0
    endloop
  endfacet
  facet normal 0 0 -1
    outer loop
      vertex 0.580811 4.16469 0
      vertex -2.01939 5.29065 0
      vertex 0.214508 4.93915 0
    endloop
  endfacet
  facet normal 0 0 -1
    outer loop
      vertex 1.02126 3.42986 0
      vertex -2.01939 5.29065 0
      vertex 0.580811 4.16469 0
    endloop
  endfacet
  facet normal -0 0 -1
    outer loop
      vertex 1.02126 3.42986 0
      vertex -3.70652 -2.5732 0
      vertex -2.01939 5.29065 0
    endloop
  endfacet
  facet normal 0 0 -1
    outer loop
      vertex -3.86835 -2.53266 0
      vertex -2.01939 5.29065 0
      vertex -3.70652 -2.5732 0
    endloop
  endfacet
  facet normal 0 0 -1
    outer loop
      vertex -4.03337 -2.50819 0
      vertex -2.01939 5.29065 0
      vertex -3.86835 -2.53266 0
    endloop
  endfacet
  facet normal 0 0 -1
    outer loop
      vertex -7.97787 1.45398 0
      vertex -4.03337 -2.50819 0
      vertex -4.2 -2.5 0
    endloop
  endfacet
  facet normal 0 0 -1
    outer loop
      vertex -7.97787 1.45398 0
      vertex -4.2 -2.5 0
      vertex -4.36663 -2.50819 0
    endloop
  endfacet
  facet normal 0 0 -1
    outer loop
      vertex -7.97787 1.45398 0
      vertex -4.36663 -2.50819 0
      vertex -4.53165 -2.53266 0
    endloop
  endfacet
  facet normal 0 0 -1
    outer loop
      vertex -7.97787 1.45398 0
      vertex -4.53165 -2.53266 0
      vertex -4.69348 -2.5732 0
    endloop
  endfacet
  facet normal 0 0 -1
    outer loop
      vertex -7.97787 1.45398 0
      vertex -4.69348 -2.5732 0
      vertex -4.85056 -2.6294 0
    endloop
  endfacet
  facet normal 0 0 -1
    outer loop
      vertex -7.97787 1.45398 0
      vertex -4.85056 -2.6294 0
      vertex -5.00137 -2.70073 0
    endloop
  endfacet
  facet normal 0 0 -1
    outer loop
      vertex -7.97787 1.45398 0
      vertex -5.00137 -2.70073 0
      vertex -5.14447 -2.7865 0
    endloop
  endfacet
  facet normal 0 0 -1
    outer loop
      vertex -7.97787 1.45398 0
      vertex -5.14447 -2.7865 0
      vertex -5.27847 -2.88588 0
    endloop
  endfacet
  facet normal 0 0 -1
    outer loop
      vertex -8.51387 1.05646 0
      vertex -5.27847 -2.88588 0
      vertex -5.40208 -2.99792 0
    endloop
  endfacet
  facet normal 0 0 -1
    outer loop
      vertex -9.00832 0.608322 0
      vertex -5.40208 -2.99792 0
      vertex -5.51412 -3.12153 0
    endloop
  endfacet
  facet normal 0 0 -1
    outer loop
      vertex -9.45647 0.113861 0
      vertex -5.51412 -3.12153 0
      vertex -5.6135 -3.25553 0
    endloop
  endfacet
  facet normal 0 0 -1
    outer loop
      vertex -9.85399 -0.422119 0
      vertex -5.6135 -3.25553 0
      vertex -5.69927 -3.39863 0
    endloop
  endfacet
  facet normal 0 0 -1
    outer loop
      vertex -10.1971 -0.994492 0
      vertex -5.69927 -3.39863 0
      vertex -5.77059 -3.54944 0
    endloop
  endfacet
  facet normal 0 0 -1
    outer loop
      vertex -9.85399 -7.97787 0
      vertex -5.6135 -5.14447 0
      vertex -9.45647 -8.51387 0
    endloop
  endfacet
  facet normal -0 0 -1
    outer loop
      vertex -5.6135 -5.14447 0
      vertex -9.85399 -7.97787 0
      vertex -5.69927 -5.00137 0
    endloop
  endfacet
  facet normal 0 0 -1
    outer loop
      vertex -10.1971 -7.40549 0
      vertex -5.69927 -5.00137 0
      vertex -9.85399 -7.97787 0
    endloop
  endfacet
  facet normal -0 0 -1
    outer loop
      vertex -5.69927 -5.00137 0
      vertex -10.1971 -7.40549 0
      vertex -5.77059 -4.85056 0
    endloop
  endfacet
  facet normal 0 0 -1
    outer loop
      vertex -10.4824 -6.80225 0
      vertex -5.77059 -4.85056 0
      vertex -10.1971 -7.40549 0
    endloop
  endfacet
  facet normal -0 0 -1
    outer loop
      vertex -5.77059 -4.85056 0
      vertex -10.4824 -6.80225 0
      vertex -5.8268 -4.69348 0
    endloop
  endfacet
  facet normal 0 0 -1
    outer loop
      vertex -4.03337 -2.50819 0
      vertex -7.97787 1.45398 0
      vertex -2.01939 5.29065 0
    endloop
  endfacet
  facet normal 0 0 -1
    outer loop
      vertex -10.4824 -1.59775 0
      vertex -5.77059 -3.54944 0
      vertex -5.8268 -3.70652 0
    endloop
  endfacet
  facet normal 0 0 -1
    outer loop
      vertex -10.7072 -6.17393 0
      vertex -5.8268 -4.69348 0
      vertex -10.4824 -6.80225 0
    endloop
  endfacet
  facet normal -0 0 -1
    outer loop
      vertex -5.8268 -4.69348 0
      vertex -10.7072 -6.17393 0
      vertex -5.86733 -4.53165 0
    endloop
  endfacet
  facet normal 0 0 -1
    outer loop
      vertex -5.27847 -2.88588 0
      vertex -8.51387 1.05646 0
      vertex -7.97787 1.45398 0
    endloop
  endfacet
  facet normal 0 0 -1
    outer loop
      vertex -10.8693 -5.52661 0
      vertex -5.86733 -4.53165 0
      vertex -10.7072 -6.17393 0
    endloop
  endfacet
  facet normal 0 0 -1
    outer loop
      vertex -5.40208 -2.99792 0
      vertex -9.00832 0.608322 0
      vertex -8.51387 1.05646 0
    endloop
  endfacet
  facet normal -0 0 -1
    outer loop
      vertex -5.86733 -4.53165 0
      vertex -10.8693 -5.52661 0
      vertex -5.89181 -4.36663 0
    endloop
  endfacet
  facet normal 0 0 -1
    outer loop
      vertex -5.51412 -3.12153 0
      vertex -9.45647 0.113861 0
      vertex -9.00832 0.608322 0
    endloop
  endfacet
  facet normal 0 0 -1
    outer loop
      vertex -10.9673 -4.86652 0
      vertex -5.89181 -4.36663 0
      vertex -10.8693 -5.52661 0
    endloop
  endfacet
  facet normal 0 0 -1
    outer loop
      vertex -5.6135 -3.25553 0
      vertex -9.85399 -0.422119 0
      vertex -9.45647 0.113861 0
    endloop
  endfacet
  facet normal -0 0 -1
    outer loop
      vertex -5.89181 -4.36663 0
      vertex -10.9673 -4.86652 0
      vertex -5.9 -4.2 0
    endloop
  endfacet
  facet normal 0 0 -1
    outer loop
      vertex -5.69927 -3.39863 0
      vertex -10.1971 -0.994492 0
      vertex -9.85399 -0.422119 0
    endloop
  endfacet
  facet normal 0 0 -1
    outer loop
      vertex -11 -4.2 0
      vertex -5.9 -4.2 0
      vertex -10.9673 -4.86652 0
    endloop
  endfacet
  facet normal 0 0 -1
    outer loop
      vertex -5.77059 -3.54944 0
      vertex -10.4824 -1.59775 0
      vertex -10.1971 -0.994492 0
    endloop
  endfacet
  facet normal 0 0 -1
    outer loop
      vertex -5.9 -4.2 0
      vertex -11 -4.2 0
      vertex -5.89181 -4.03337 0
    endloop
  endfacet
  facet normal 0 0 -1
    outer loop
      vertex -5.8268 -3.70652 0
      vertex -10.7072 -2.22606 0
      vertex -10.4824 -1.59775 0
    endloop
  endfacet
  facet normal 0 -0 -1
    outer loop
      vertex -10.9673 -3.53348 0
      vertex -5.89181 -4.03337 0
      vertex -11 -4.2 0
    endloop
  endfacet
  facet normal 0 0 -1
    outer loop
      vertex -5.8268 -3.70652 0
      vertex -10.8693 -2.87338 0
      vertex -10.7072 -2.22606 0
    endloop
  endfacet
  facet normal 0 0 -1
    outer loop
      vertex -5.89181 -4.03337 0
      vertex -10.9673 -3.53348 0
      vertex -5.86733 -3.86835 0
    endloop
  endfacet
  facet normal 0 0 -1
    outer loop
      vertex -5.86733 -3.86835 0
      vertex -10.8693 -2.87338 0
      vertex -5.8268 -3.70652 0
    endloop
  endfacet
  facet normal 0 -0 -1
    outer loop
      vertex -10.8693 -2.87338 0
      vertex -5.86733 -3.86835 0
      vertex -10.9673 -3.53348 0
    endloop
  endfacet
  facet normal 0 0 -1
    outer loop
      vertex 96.2343 -4.86652 0
      vertex 91.1588 -4.36663 0
      vertex 91.167 -4.2 0
    endloop
  endfacet
  facet normal 0 0 -1
    outer loop
      vertex 92.0692 -10.4824 0
      vertex 91.1343 -4.53165 0
      vertex 91.1588 -4.36663 0
    endloop
  endfacet
  facet normal 0 0 -1
    outer loop
      vertex 92.0692 -10.4824 0
      vertex 91.0938 -4.69348 0
      vertex 91.1343 -4.53165 0
    endloop
  endfacet
  facet normal 0 0 -1
    outer loop
      vertex 92.0692 -10.4824 0
      vertex 91.0376 -4.85056 0
      vertex 91.0938 -4.69348 0
    endloop
  endfacet
  facet normal 0 0 -1
    outer loop
      vertex 92.0692 -10.4824 0
      vertex 90.9663 -5.00137 0
      vertex 91.0376 -4.85056 0
    endloop
  endfacet
  facet normal 0 0 -1
    outer loop
      vertex 92.0692 -10.4824 0
      vertex 90.8805 -5.14447 0
      vertex 90.9663 -5.00137 0
    endloop
  endfacet
  facet normal 0 0 -1
    outer loop
      vertex 89.9605 -5.8268 0
      vertex 91.4409 -10.7072 0
      vertex 90.7936 -10.8693 0
    endloop
  endfacet
  facet normal 0 0 -1
    outer loop
      vertex 92.0692 -10.4824 0
      vertex 90.7811 -5.27847 0
      vertex 90.8805 -5.14447 0
    endloop
  endfacet
  facet normal 0 0 -1
    outer loop
      vertex 92.0692 -10.4824 0
      vertex 90.6691 -5.40208 0
      vertex 90.7811 -5.27847 0
    endloop
  endfacet
  facet normal 0 0 -1
    outer loop
      vertex 92.0692 -10.4824 0
      vertex 90.5455 -5.51412 0
      vertex 90.6691 -5.40208 0
    endloop
  endfacet
  facet normal 0 0 -1
    outer loop
      vertex 92.0692 -10.4824 0
      vertex 90.4115 -5.6135 0
      vertex 90.5455 -5.51412 0
    endloop
  endfacet
  facet normal 0 0 -1
    outer loop
      vertex 92.0692 -10.4824 0
      vertex 90.2684 -5.69927 0
      vertex 90.4115 -5.6135 0
    endloop
  endfacet
  facet normal 0 0 -1
    outer loop
      vertex 89.7987 -5.86733 0
      vertex 90.7936 -10.8693 0
      vertex 90.1335 -10.9673 0
    endloop
  endfacet
  facet normal 0 0 -1
    outer loop
      vertex 92.0692 -10.4824 0
      vertex 90.1176 -5.77059 0
      vertex 90.2684 -5.69927 0
    endloop
  endfacet
  facet normal 0 0 -1
    outer loop
      vertex 91.4409 -10.7072 0
      vertex 89.9605 -5.8268 0
      vertex 90.1176 -5.77059 0
    endloop
  endfacet
  facet normal 0 0 -1
    outer loop
      vertex 90.7936 -10.8693 0
      vertex 89.7987 -5.86733 0
      vertex 89.9605 -5.8268 0
    endloop
  endfacet
  facet normal 0 0 -1
    outer loop
      vertex 90.1335 -10.9673 0
      vertex 89.6336 -5.89181 0
      vertex 89.7987 -5.86733 0
    endloop
  endfacet
  facet normal 0 0 -1
    outer loop
      vertex 89.467 -11 0
      vertex 89.6336 -5.89181 0
      vertex 90.1335 -10.9673 0
    endloop
  endfacet
  facet normal 0 0 -1
    outer loop
      vertex 89.467 -11 0
      vertex 89.467 -5.9 0
      vertex 89.6336 -5.89181 0
    endloop
  endfacet
  facet normal 0 0 -1
    outer loop
      vertex 89.467 -11 0
      vertex 89.3004 -5.89181 0
      vertex 89.467 -5.9 0
    endloop
  endfacet
  facet normal 0 0 -1
    outer loop
      vertex 88.8005 -10.9673 0
      vertex 89.3004 -5.89181 0
      vertex 89.467 -11 0
    endloop
  endfacet
  facet normal -0 0 -1
    outer loop
      vertex 89.3004 -5.89181 0
      vertex 88.8005 -10.9673 0
      vertex 89.1353 -5.86733 0
    endloop
  endfacet
  facet normal 0 0 -1
    outer loop
      vertex 88.1404 -10.8693 0
      vertex 89.1353 -5.86733 0
      vertex 88.8005 -10.9673 0
    endloop
  endfacet
  facet normal -0 0 -1
    outer loop
      vertex 89.1353 -5.86733 0
      vertex 88.1404 -10.8693 0
      vertex 88.9735 -5.8268 0
    endloop
  endfacet
  facet normal 0 0 -1
    outer loop
      vertex 87.4931 -10.7072 0
      vertex 88.9735 -5.8268 0
      vertex 88.1404 -10.8693 0
    endloop
  endfacet
  facet normal -0 0 -1
    outer loop
      vertex 88.9735 -5.8268 0
      vertex 87.4931 -10.7072 0
      vertex 88.8164 -5.77059 0
    endloop
  endfacet
  facet normal 0 0 -1
    outer loop
      vertex 86.8647 -10.4824 0
      vertex 88.8164 -5.77059 0
      vertex 87.4931 -10.7072 0
    endloop
  endfacet
  facet normal -0 0 -1
    outer loop
      vertex 88.8164 -5.77059 0
      vertex 86.8647 -10.4824 0
      vertex 88.6656 -5.69927 0
    endloop
  endfacet
  facet normal -0 0 -1
    outer loop
      vertex 88.6656 -5.69927 0
      vertex 86.8647 -10.4824 0
      vertex 88.5225 -5.6135 0
    endloop
  endfacet
  facet normal -0 0 -1
    outer loop
      vertex 88.5225 -5.6135 0
      vertex 86.8647 -10.4824 0
      vertex 88.3885 -5.51412 0
    endloop
  endfacet
  facet normal -0 0 -1
    outer loop
      vertex 88.3885 -5.51412 0
      vertex 86.8647 -10.4824 0
      vertex 88.2649 -5.40208 0
    endloop
  endfacet
  facet normal -0 0 -1
    outer loop
      vertex 88.2649 -5.40208 0
      vertex 86.8647 -10.4824 0
      vertex 88.1529 -5.27847 0
    endloop
  endfacet
  facet normal -0 0 -1
    outer loop
      vertex 88.1529 -5.27847 0
      vertex 86.8647 -10.4824 0
      vertex 88.0535 -5.14447 0
    endloop
  endfacet
  facet normal -0 0 -1
    outer loop
      vertex 88.0535 -5.14447 0
      vertex 86.8647 -10.4824 0
      vertex 87.9677 -5.00137 0
    endloop
  endfacet
  facet normal -0 0 -1
    outer loop
      vertex 87.9677 -5.00137 0
      vertex 86.8647 -10.4824 0
      vertex 87.8964 -4.85056 0
    endloop
  endfacet
  facet normal -0 0 -1
    outer loop
      vertex 87.8964 -4.85056 0
      vertex 86.8647 -10.4824 0
      vertex 87.8402 -4.69348 0
    endloop
  endfacet
  facet normal -0 0 -1
    outer loop
      vertex 87.7997 -4.53165 0
      vertex 86.8647 -10.4824 0
      vertex 87.7752 -4.36663 0
    endloop
  endfacet
  facet normal -0 0 -1
    outer loop
      vertex 87.8402 -4.69348 0
      vertex 86.8647 -10.4824 0
      vertex 87.7997 -4.53165 0
    endloop
  endfacet
  facet normal 0 0 -1
    outer loop
      vertex 91.167 -4.2 0
      vertex 96.267 -4.2 0
      vertex 96.2343 -4.86652 0
    endloop
  endfacet
  facet normal 0 0 -1
    outer loop
      vertex 91.1588 -4.36663 0
      vertex 96.2343 -4.86652 0
      vertex 96.1363 -5.52661 0
    endloop
  endfacet
  facet normal 0 0 -1
    outer loop
      vertex 96.267 -4.2 0
      vertex 91.167 -4.2 0
      vertex 96.2343 -3.53348 0
    endloop
  endfacet
  facet normal 0 0 -1
    outer loop
      vertex 91.1588 -4.36663 0
      vertex 96.1363 -5.52661 0
      vertex 95.9742 -6.17393 0
    endloop
  endfacet
  facet normal 0 0 -1
    outer loop
      vertex 91.1588 -4.03337 0
      vertex 96.2343 -3.53348 0
      vertex 91.167 -4.2 0
    endloop
  endfacet
  facet normal 0 0 -1
    outer loop
      vertex 91.1588 -4.36663 0
      vertex 95.9742 -6.17393 0
      vertex 95.7494 -6.80225 0
    endloop
  endfacet
  facet normal -0 0 -1
    outer loop
      vertex 96.2343 -3.53348 0
      vertex 91.1588 -4.03337 0
      vertex 96.1363 -2.87338 0
    endloop
  endfacet
  facet normal 0 0 -1
    outer loop
      vertex 91.1588 -4.36663 0
      vertex 95.7494 -6.80225 0
      vertex 95.4641 -7.40549 0
    endloop
  endfacet
  facet normal 0 0 -1
    outer loop
      vertex 91.1343 -3.86835 0
      vertex 96.1363 -2.87338 0
      vertex 91.1588 -4.03337 0
    endloop
  endfacet
  facet normal 0 0 -1
    outer loop
      vertex 91.1588 -4.36663 0
      vertex 95.4641 -7.40549 0
      vertex 95.121 -7.97787 0
    endloop
  endfacet
  facet normal -0 0 -1
    outer loop
      vertex 96.1363 -2.87338 0
      vertex 91.1343 -3.86835 0
      vertex 95.9742 -2.22606 0
    endloop
  endfacet
  facet normal 0 0 -1
    outer loop
      vertex 91.1588 -4.36663 0
      vertex 95.121 -7.97787 0
      vertex 94.7235 -8.51387 0
    endloop
  endfacet
  facet normal 0 0 -1
    outer loop
      vertex 91.0938 -3.70652 0
      vertex 95.9742 -2.22606 0
      vertex 91.1343 -3.86835 0
    endloop
  endfacet
  facet normal 0 0 -1
    outer loop
      vertex 91.1588 -4.36663 0
      vertex 94.7235 -8.51387 0
      vertex 94.2753 -9.00832 0
    endloop
  endfacet
  facet normal -0 0 -1
    outer loop
      vertex 95.9742 -2.22606 0
      vertex 91.0938 -3.70652 0
      vertex 95.7494 -1.59775 0
    endloop
  endfacet
  facet normal 0 0 -1
    outer loop
      vertex 91.1588 -4.36663 0
      vertex 94.2753 -9.00832 0
      vertex 93.7809 -9.45647 0
    endloop
  endfacet
  facet normal 0 0 -1
    outer loop
      vertex 91.0376 -3.54944 0
      vertex 95.7494 -1.59775 0
      vertex 91.0938 -3.70652 0
    endloop
  endfacet
  facet normal 0 0 -1
    outer loop
      vertex 91.1588 -4.36663 0
      vertex 93.7809 -9.45647 0
      vertex 93.2449 -9.85399 0
    endloop
  endfacet
  facet normal -0 0 -1
    outer loop
      vertex 95.7494 -1.59775 0
      vertex 91.0376 -3.54944 0
      vertex 95.4641 -0.994492 0
    endloop
  endfacet
  facet normal 0 0 -1
    outer loop
      vertex 91.1588 -4.36663 0
      vertex 93.2449 -9.85399 0
      vertex 92.6725 -10.1971 0
    endloop
  endfacet
  facet normal 0 0 -1
    outer loop
      vertex 91.1588 -4.36663 0
      vertex 92.6725 -10.1971 0
      vertex 92.0692 -10.4824 0
    endloop
  endfacet
  facet normal 0 0 -1
    outer loop
      vertex 90.1176 -5.77059 0
      vertex 92.0692 -10.4824 0
      vertex 91.4409 -10.7072 0
    endloop
  endfacet
  facet normal 0 0 -1
    outer loop
      vertex 90.9663 -3.39863 0
      vertex 95.4641 -0.994492 0
      vertex 91.0376 -3.54944 0
    endloop
  endfacet
  facet normal -0 0 -1
    outer loop
      vertex 95.4641 -0.994492 0
      vertex 90.9663 -3.39863 0
      vertex 95.121 -0.422119 0
    endloop
  endfacet
  facet normal 0 0 -1
    outer loop
      vertex 90.8805 -3.25553 0
      vertex 95.121 -0.422119 0
      vertex 90.9663 -3.39863 0
    endloop
  endfacet
  facet normal -0 0 -1
    outer loop
      vertex 95.121 -0.422119 0
      vertex 90.8805 -3.25553 0
      vertex 94.7235 0.113861 0
    endloop
  endfacet
  facet normal 0 0 -1
    outer loop
      vertex 90.7811 -3.12153 0
      vertex 94.7235 0.113861 0
      vertex 90.8805 -3.25553 0
    endloop
  endfacet
  facet normal -0 0 -1
    outer loop
      vertex 94.7235 0.113861 0
      vertex 90.7811 -3.12153 0
      vertex 94.2753 0.608322 0
    endloop
  endfacet
  facet normal 0 0 -1
    outer loop
      vertex 90.6691 -2.99792 0
      vertex 94.2753 0.608322 0
      vertex 90.7811 -3.12153 0
    endloop
  endfacet
  facet normal -0 0 -1
    outer loop
      vertex 94.2753 0.608322 0
      vertex 90.6691 -2.99792 0
      vertex 93.7809 1.05646 0
    endloop
  endfacet
  facet normal 0 0 -1
    outer loop
      vertex 90.5455 -2.88588 0
      vertex 93.7809 1.05646 0
      vertex 90.6691 -2.99792 0
    endloop
  endfacet
  facet normal -0 0 -1
    outer loop
      vertex 93.7809 1.05646 0
      vertex 90.5455 -2.88588 0
      vertex 93.2449 1.45398 0
    endloop
  endfacet
  facet normal 0 0 -1
    outer loop
      vertex 90.4115 -2.7865 0
      vertex 93.2449 1.45398 0
      vertex 90.5455 -2.88588 0
    endloop
  endfacet
  facet normal 0 0 -1
    outer loop
      vertex 90.2684 -2.70073 0
      vertex 93.2449 1.45398 0
      vertex 90.4115 -2.7865 0
    endloop
  endfacet
  facet normal 0 0 -1
    outer loop
      vertex 90.1176 -2.6294 0
      vertex 93.2449 1.45398 0
      vertex 90.2684 -2.70073 0
    endloop
  endfacet
  facet normal 0 0 -1
    outer loop
      vertex 89.9605 -2.5732 0
      vertex 93.2449 1.45398 0
      vertex 90.1176 -2.6294 0
    endloop
  endfacet
  facet normal 0 0 -1
    outer loop
      vertex 89.7987 -2.53266 0
      vertex 93.2449 1.45398 0
      vertex 89.9605 -2.5732 0
    endloop
  endfacet
  facet normal 0 0 -1
    outer loop
      vertex 89.6336 -2.50819 0
      vertex 93.2449 1.45398 0
      vertex 89.7987 -2.53266 0
    endloop
  endfacet
  facet normal 0 0 -1
    outer loop
      vertex 89.467 -2.5 0
      vertex 93.2449 1.45398 0
      vertex 89.6336 -2.50819 0
    endloop
  endfacet
  facet normal 0 0 -1
    outer loop
      vertex 89.3004 -2.50819 0
      vertex 93.2449 1.45398 0
      vertex 89.467 -2.5 0
    endloop
  endfacet
  facet normal 0 0 -1
    outer loop
      vertex 87.2864 5.29065 0
      vertex 89.3004 -2.50819 0
      vertex 89.1353 -2.53266 0
    endloop
  endfacet
  facet normal 0 0 -1
    outer loop
      vertex 87.2864 5.29065 0
      vertex 89.1353 -2.53266 0
      vertex 88.9735 -2.5732 0
    endloop
  endfacet
  facet normal 0 0 -1
    outer loop
      vertex 87.2864 5.29065 0
      vertex 88.9735 -2.5732 0
      vertex 88.8164 -2.6294 0
    endloop
  endfacet
  facet normal 0 0 -1
    outer loop
      vertex 87.2864 5.29065 0
      vertex 88.8164 -2.6294 0
      vertex 88.6656 -2.70073 0
    endloop
  endfacet
  facet normal 0 0 -1
    outer loop
      vertex 87.2864 5.29065 0
      vertex 88.6656 -2.70073 0
      vertex 88.5225 -2.7865 0
    endloop
  endfacet
  facet normal 0 0 -1
    outer loop
      vertex 87.2864 5.29065 0
      vertex 88.5225 -2.7865 0
      vertex 88.3885 -2.88588 0
    endloop
  endfacet
  facet normal 0 0 -1
    outer loop
      vertex 89.3004 -2.50819 0
      vertex 87.2864 5.29065 0
      vertex 93.2449 1.45398 0
    endloop
  endfacet
  facet normal 0 0 -1
    outer loop
      vertex 88.2649 -2.99792 0
      vertex 87.2864 5.29065 0
      vertex 88.3885 -2.88588 0
    endloop
  endfacet
  facet normal 0 0 -1
    outer loop
      vertex 88.1529 -3.12153 0
      vertex 87.2864 5.29065 0
      vertex 88.2649 -2.99792 0
    endloop
  endfacet
  facet normal 0 0 -1
    outer loop
      vertex 88.0535 -3.25553 0
      vertex 87.2864 5.29065 0
      vertex 88.1529 -3.12153 0
    endloop
  endfacet
  facet normal 0 0 -1
    outer loop
      vertex 87.9677 -3.39863 0
      vertex 87.2864 5.29065 0
      vertex 88.0535 -3.25553 0
    endloop
  endfacet
  facet normal 0 0 -1
    outer loop
      vertex 87.8964 -3.54944 0
      vertex 87.2864 5.29065 0
      vertex 87.9677 -3.39863 0
    endloop
  endfacet
  facet normal 0 0 -1
    outer loop
      vertex 87.8402 -3.70652 0
      vertex 87.2864 5.29065 0
      vertex 87.8964 -3.54944 0
    endloop
  endfacet
  facet normal 0 0 -1
    outer loop
      vertex 87.7997 -3.86835 0
      vertex 87.2864 5.29065 0
      vertex 87.8402 -3.70652 0
    endloop
  endfacet
  facet normal 0 0 -1
    outer loop
      vertex 85.717 8.27998 0
      vertex 87.7997 -3.86835 0
      vertex 87.7752 -4.03337 0
    endloop
  endfacet
  facet normal 0 0 -1
    outer loop
      vertex 85.717 8.27998 0
      vertex 87.767 -4.2 0
      vertex 86.8647 -10.4824 0
    endloop
  endfacet
  facet normal -0 0 -1
    outer loop
      vertex 87.7752 -4.36663 0
      vertex 86.8647 -10.4824 0
      vertex 87.767 -4.2 0
    endloop
  endfacet
  facet normal 0 0 -1
    outer loop
      vertex 87.7997 -3.86835 0
      vertex 85.717 8.27998 0
      vertex 87.2864 5.29065 0
    endloop
  endfacet
  facet normal 0 0 -1
    outer loop
      vertex 87.767 -4.2 0
      vertex 85.717 8.27998 0
      vertex 87.7752 -4.03337 0
    endloop
  endfacet
  facet normal 0.049051 0.998796 -0
    outer loop
      vertex 8.27998 -0.449997 0
      vertex 7.42429 -0.407974 25
      vertex 8.27998 -0.449997 25
    endloop
  endfacet
  facet normal 0.049051 0.998796 0
    outer loop
      vertex 7.42429 -0.407974 25
      vertex 8.27998 -0.449997 0
      vertex 7.42429 -0.407974 0
    endloop
  endfacet
  facet normal 0.146742 0.989175 -0
    outer loop
      vertex 7.42429 -0.407974 0
      vertex 6.57684 -0.282257 25
      vertex 7.42429 -0.407974 25
    endloop
  endfacet
  facet normal 0.146742 0.989175 0
    outer loop
      vertex 6.57684 -0.282257 25
      vertex 7.42429 -0.407974 0
      vertex 6.57684 -0.282257 0
    endloop
  endfacet
  facet normal 0.242973 0.970033 -0
    outer loop
      vertex 6.57684 -0.282257 0
      vertex 5.74579 -0.0740967 25
      vertex 6.57684 -0.282257 25
    endloop
  endfacet
  facet normal 0.242973 0.970033 0
    outer loop
      vertex 5.74579 -0.0740967 25
      vertex 6.57684 -0.282257 0
      vertex 5.74579 -0.0740967 0
    endloop
  endfacet
  facet normal 0.336874 0.94155 -0
    outer loop
      vertex 5.74579 -0.0740967 0
      vertex 4.93915 0.214508 25
      vertex 5.74579 -0.0740967 25
    endloop
  endfacet
  facet normal 0.336874 0.94155 0
    outer loop
      vertex 4.93915 0.214508 25
      vertex 5.74579 -0.0740967 0
      vertex 4.93915 0.214508 0
    endloop
  endfacet
  facet normal 0.427565 0.903984 -0
    outer loop
      vertex 4.93915 0.214508 0
      vertex 4.16469 0.580811 25
      vertex 4.93915 0.214508 25
    endloop
  endfacet
  facet normal 0.427565 0.903984 0
    outer loop
      vertex 4.16469 0.580811 25
      vertex 4.93915 0.214508 0
      vertex 4.16469 0.580811 0
    endloop
  endfacet
  facet normal 0.51411 0.857724 -0
    outer loop
      vertex 4.16469 0.580811 0
      vertex 3.42986 1.02126 25
      vertex 4.16469 0.580811 25
    endloop
  endfacet
  facet normal 0.51411 0.857724 0
    outer loop
      vertex 3.42986 1.02126 25
      vertex 4.16469 0.580811 0
      vertex 3.42986 1.02126 0
    endloop
  endfacet
  facet normal 0.59569 0.803214 -0
    outer loop
      vertex 3.42986 1.02126 0
      vertex 2.74173 1.5316 25
      vertex 3.42986 1.02126 25
    endloop
  endfacet
  facet normal 0.59569 0.803214 0
    outer loop
      vertex 2.74173 1.5316 25
      vertex 3.42986 1.02126 0
      vertex 2.74173 1.5316 0
    endloop
  endfacet
  facet normal 0.671547 0.740962 -0
    outer loop
      vertex 2.74173 1.5316 0
      vertex 2.10693 2.10693 25
      vertex 2.74173 1.5316 25
    endloop
  endfacet
  facet normal 0.671547 0.740962 0
    outer loop
      vertex 2.10693 2.10693 25
      vertex 2.74173 1.5316 0
      vertex 2.10693 2.10693 0
    endloop
  endfacet
  facet normal 0.740962 0.671547 0
    outer loop
      vertex 2.10693 2.10693 25
      vertex 1.5316 2.74173 0
      vertex 1.5316 2.74173 25
    endloop
  endfacet
  facet normal 0.740962 0.671547 0
    outer loop
      vertex 1.5316 2.74173 0
      vertex 2.10693 2.10693 25
      vertex 2.10693 2.10693 0
    endloop
  endfacet
  facet normal 0.803214 0.59569 0
    outer loop
      vertex 1.5316 2.74173 25
      vertex 1.02126 3.42986 0
      vertex 1.02126 3.42986 25
    endloop
  endfacet
  facet normal 0.803214 0.59569 0
    outer loop
      vertex 1.02126 3.42986 0
      vertex 1.5316 2.74173 25
      vertex 1.5316 2.74173 0
    endloop
  endfacet
  facet normal 0.857724 0.51411 0
    outer loop
      vertex 1.02126 3.42986 25
      vertex 0.580811 4.16469 0
      vertex 0.580811 4.16469 25
    endloop
  endfacet
  facet normal 0.857724 0.51411 0
    outer loop
      vertex 0.580811 4.16469 0
      vertex 1.02126 3.42986 25
      vertex 1.02126 3.42986 0
    endloop
  endfacet
  facet normal 0.903984 0.427565 0
    outer loop
      vertex 0.580811 4.16469 25
      vertex 0.214508 4.93915 0
      vertex 0.214508 4.93915 25
    endloop
  endfacet
  facet normal 0.903984 0.427565 0
    outer loop
      vertex 0.214508 4.93915 0
      vertex 0.580811 4.16469 25
      vertex 0.580811 4.16469 0
    endloop
  endfacet
  facet normal 0.94155 0.336874 0
    outer loop
      vertex 0.214508 4.93915 25
      vertex -0.0740967 5.74579 0
      vertex -0.0740967 5.74579 25
    endloop
  endfacet
  facet normal 0.94155 0.336874 0
    outer loop
      vertex -0.0740967 5.74579 0
      vertex 0.214508 4.93915 25
      vertex 0.214508 4.93915 0
    endloop
  endfacet
  facet normal 0.970033 0.242973 0
    outer loop
      vertex -0.0740967 5.74579 25
      vertex -0.282257 6.57684 0
      vertex -0.282257 6.57684 25
    endloop
  endfacet
  facet normal 0.970033 0.242973 0
    outer loop
      vertex -0.282257 6.57684 0
      vertex -0.0740967 5.74579 25
      vertex -0.0740967 5.74579 0
    endloop
  endfacet
  facet normal 0.989175 0.146742 0
    outer loop
      vertex -0.282257 6.57684 25
      vertex -0.407974 7.42429 0
      vertex -0.407974 7.42429 25
    endloop
  endfacet
  facet normal 0.989175 0.146742 0
    outer loop
      vertex -0.407974 7.42429 0
      vertex -0.282257 6.57684 25
      vertex -0.282257 6.57684 0
    endloop
  endfacet
  facet normal 0.998796 0.049051 0
    outer loop
      vertex -0.407974 7.42429 25
      vertex -0.449997 8.27998 0
      vertex -0.449997 8.27998 25
    endloop
  endfacet
  facet normal 0.998796 0.049051 0
    outer loop
      vertex -0.449997 8.27998 0
      vertex -0.407974 7.42429 25
      vertex -0.407974 7.42429 0
    endloop
  endfacet
  facet normal 1 0 0
    outer loop
      vertex -0.449997 52.733 11.5
      vertex -0.449997 68.986 25
      vertex -0.449997 52.733 19.5
    endloop
  endfacet
  facet normal 1 0 0
    outer loop
      vertex -0.449997 68.986 25
      vertex -0.449997 50.533 19.5
      vertex -0.449997 52.733 19.5
    endloop
  endfacet
  facet normal 1 0 0
    outer loop
      vertex -0.449997 50.533 19.5
      vertex -0.449997 46.233 19.5
      vertex -0.449997 50.533 11.5
    endloop
  endfacet
  facet normal 1 0 0
    outer loop
      vertex -0.449997 68.986 25
      vertex -0.449997 46.233 19.5
      vertex -0.449997 50.533 19.5
    endloop
  endfacet
  facet normal 1 0 0
    outer loop
      vertex -0.449997 68.986 25
      vertex -0.449997 44.033 19.5
      vertex -0.449997 46.233 19.5
    endloop
  endfacet
  facet normal 1 0 0
    outer loop
      vertex -0.449997 44.033 19.5
      vertex -0.449997 39.733 19.5
      vertex -0.449997 44.033 11.5
    endloop
  endfacet
  facet normal 1 0 0
    outer loop
      vertex -0.449997 68.986 25
      vertex -0.449997 39.733 19.5
      vertex -0.449997 44.033 19.5
    endloop
  endfacet
  facet normal 1 0 0
    outer loop
      vertex -0.449997 68.986 25
      vertex -0.449997 37.533 19.5
      vertex -0.449997 39.733 19.5
    endloop
  endfacet
  facet normal 1 0 0
    outer loop
      vertex -0.449997 37.533 19.5
      vertex -0.449997 33.233 19.5
      vertex -0.449997 37.533 11.5
    endloop
  endfacet
  facet normal 1 -0 0
    outer loop
      vertex -0.449997 8.27998 25
      vertex -0.449997 37.533 19.5
      vertex -0.449997 68.986 25
    endloop
  endfacet
  facet normal 1 0 0
    outer loop
      vertex -0.449997 37.533 19.5
      vertex -0.449997 8.27998 25
      vertex -0.449997 33.233 19.5
    endloop
  endfacet
  facet normal 1 0 0
    outer loop
      vertex -0.449997 31.033 19.5
      vertex -0.449997 26.733 19.5
      vertex -0.449997 31.033 11.5
    endloop
  endfacet
  facet normal 1 0 0
    outer loop
      vertex -0.449997 33.233 19.5
      vertex -0.449997 8.27998 25
      vertex -0.449997 31.033 19.5
    endloop
  endfacet
  facet normal 1 0 0
    outer loop
      vertex -0.449997 31.033 19.5
      vertex -0.449997 8.27998 25
      vertex -0.449997 26.733 19.5
    endloop
  endfacet
  facet normal 1 0 0
    outer loop
      vertex -0.449997 24.533 19.5
      vertex -0.449997 8.27998 25
      vertex -0.449997 24.533 11.5
    endloop
  endfacet
  facet normal 1 0 0
    outer loop
      vertex -0.449997 26.733 19.5
      vertex -0.449997 8.27998 25
      vertex -0.449997 24.533 19.5
    endloop
  endfacet
  facet normal 1 0 0
    outer loop
      vertex -0.449997 68.986 25
      vertex -0.449997 52.733 11.5
      vertex -0.449997 68.986 0
    endloop
  endfacet
  facet normal 1 -0 0
    outer loop
      vertex -0.449997 50.533 11.5
      vertex -0.449997 68.986 0
      vertex -0.449997 52.733 11.5
    endloop
  endfacet
  facet normal 1 0 0
    outer loop
      vertex -0.449997 46.233 11.5
      vertex -0.449997 50.533 11.5
      vertex -0.449997 46.233 19.5
    endloop
  endfacet
  facet normal 1 -0 0
    outer loop
      vertex -0.449997 46.233 11.5
      vertex -0.449997 68.986 0
      vertex -0.449997 50.533 11.5
    endloop
  endfacet
  facet normal 1 -0 0
    outer loop
      vertex -0.449997 44.033 11.5
      vertex -0.449997 68.986 0
      vertex -0.449997 46.233 11.5
    endloop
  endfacet
  facet normal 1 0 0
    outer loop
      vertex -0.449997 39.733 11.5
      vertex -0.449997 44.033 11.5
      vertex -0.449997 39.733 19.5
    endloop
  endfacet
  facet normal 1 -0 0
    outer loop
      vertex -0.449997 39.733 11.5
      vertex -0.449997 68.986 0
      vertex -0.449997 44.033 11.5
    endloop
  endfacet
  facet normal 1 -0 0
    outer loop
      vertex -0.449997 37.533 11.5
      vertex -0.449997 68.986 0
      vertex -0.449997 39.733 11.5
    endloop
  endfacet
  facet normal 1 0 0
    outer loop
      vertex -0.449997 33.233 11.5
      vertex -0.449997 37.533 11.5
      vertex -0.449997 33.233 19.5
    endloop
  endfacet
  facet normal 1 0 0
    outer loop
      vertex -0.449997 8.27998 0
      vertex -0.449997 37.533 11.5
      vertex -0.449997 33.233 11.5
    endloop
  endfacet
  facet normal 1 0 0
    outer loop
      vertex -0.449997 8.27998 0
      vertex -0.449997 33.233 11.5
      vertex -0.449997 31.033 11.5
    endloop
  endfacet
  facet normal 1 0 0
    outer loop
      vertex -0.449997 26.733 11.5
      vertex -0.449997 31.033 11.5
      vertex -0.449997 26.733 19.5
    endloop
  endfacet
  facet normal 1 0 0
    outer loop
      vertex -0.449997 8.27998 0
      vertex -0.449997 31.033 11.5
      vertex -0.449997 26.733 11.5
    endloop
  endfacet
  facet normal 1 0 0
    outer loop
      vertex -0.449997 8.27998 0
      vertex -0.449997 26.733 11.5
      vertex -0.449997 24.533 11.5
    endloop
  endfacet
  facet normal 1 0 0
    outer loop
      vertex -0.449997 37.533 11.5
      vertex -0.449997 8.27998 0
      vertex -0.449997 68.986 0
    endloop
  endfacet
  facet normal 1 0 0
    outer loop
      vertex -0.449997 8.27998 0
      vertex -0.449997 24.533 11.5
      vertex -0.449997 8.27998 25
    endloop
  endfacet
  facet normal 0.998796 -0.0490504 0
    outer loop
      vertex -0.449997 68.986 25
      vertex -0.407974 69.8417 0
      vertex -0.407974 69.8417 25
    endloop
  endfacet
  facet normal 0.998796 -0.0490504 0
    outer loop
      vertex -0.407974 69.8417 0
      vertex -0.449997 68.986 25
      vertex -0.449997 68.986 0
    endloop
  endfacet
  facet normal 0.989174 -0.14675 0
    outer loop
      vertex -0.407974 69.8417 25
      vertex -0.282257 70.6891 0
      vertex -0.282257 70.6891 25
    endloop
  endfacet
  facet normal 0.989174 -0.14675 0
    outer loop
      vertex -0.282257 70.6891 0
      vertex -0.407974 69.8417 25
      vertex -0.407974 69.8417 0
    endloop
  endfacet
  facet normal 0.970037 -0.242959 0
    outer loop
      vertex -0.282257 70.6891 25
      vertex -0.0740967 71.5202 0
      vertex -0.0740967 71.5202 25
    endloop
  endfacet
  facet normal 0.970037 -0.242959 0
    outer loop
      vertex -0.0740967 71.5202 0
      vertex -0.282257 70.6891 25
      vertex -0.282257 70.6891 0
    endloop
  endfacet
  facet normal 0.941545 -0.336888 0
    outer loop
      vertex -0.0740967 71.5202 25
      vertex 0.214508 72.3268 0
      vertex 0.214508 72.3268 25
    endloop
  endfacet
  facet normal 0.941545 -0.336888 0
    outer loop
      vertex 0.214508 72.3268 0
      vertex -0.0740967 71.5202 25
      vertex -0.0740967 71.5202 0
    endloop
  endfacet
  facet normal 0.903993 -0.427547 0
    outer loop
      vertex 0.214508 72.3268 25
      vertex 0.580811 73.1013 0
      vertex 0.580811 73.1013 25
    endloop
  endfacet
  facet normal 0.903993 -0.427547 0
    outer loop
      vertex 0.580811 73.1013 0
      vertex 0.214508 72.3268 25
      vertex 0.214508 72.3268 0
    endloop
  endfacet
  facet normal 0.857715 -0.514126 0
    outer loop
      vertex 0.580811 73.1013 25
      vertex 1.02126 73.8361 0
      vertex 1.02126 73.8361 25
    endloop
  endfacet
  facet normal 0.857715 -0.514126 0
    outer loop
      vertex 1.02126 73.8361 0
      vertex 0.580811 73.1013 25
      vertex 0.580811 73.1013 0
    endloop
  endfacet
  facet normal 0.803202 -0.595707 0
    outer loop
      vertex 1.02126 73.8361 25
      vertex 1.5316 74.5242 0
      vertex 1.5316 74.5242 25
    endloop
  endfacet
  facet normal 0.803202 -0.595707 0
    outer loop
      vertex 1.5316 74.5242 0
      vertex 1.02126 73.8361 25
      vertex 1.02126 73.8361 0
    endloop
  endfacet
  facet normal 0.740962 -0.671547 0
    outer loop
      vertex 1.5316 74.5242 25
      vertex 2.10693 75.159 0
      vertex 2.10693 75.159 25
    endloop
  endfacet
  facet normal 0.740962 -0.671547 0
    outer loop
      vertex 2.10693 75.159 0
      vertex 1.5316 74.5242 25
      vertex 1.5316 74.5242 0
    endloop
  endfacet
  facet normal 0.671592 -0.740922 0
    outer loop
      vertex 2.10693 75.159 0
      vertex 2.74173 75.7344 25
      vertex 2.10693 75.159 25
    endloop
  endfacet
  facet normal 0.671592 -0.740922 0
    outer loop
      vertex 2.74173 75.7344 25
      vertex 2.10693 75.159 0
      vertex 2.74173 75.7344 0
    endloop
  endfacet
  facet normal 0.59566 -0.803237 0
    outer loop
      vertex 2.74173 75.7344 0
      vertex 3.42986 76.2447 25
      vertex 2.74173 75.7344 25
    endloop
  endfacet
  facet normal 0.59566 -0.803237 0
    outer loop
      vertex 3.42986 76.2447 25
      vertex 2.74173 75.7344 0
      vertex 3.42986 76.2447 0
    endloop
  endfacet
  facet normal 0.514154 -0.857698 0
    outer loop
      vertex 3.42986 76.2447 0
      vertex 4.16469 76.6852 25
      vertex 3.42986 76.2447 25
    endloop
  endfacet
  facet normal 0.514154 -0.857698 0
    outer loop
      vertex 4.16469 76.6852 25
      vertex 3.42986 76.2447 0
      vertex 4.16469 76.6852 0
    endloop
  endfacet
  facet normal 0.427562 -0.903986 0
    outer loop
      vertex 4.16469 76.6852 0
      vertex 4.93915 77.0515 25
      vertex 4.16469 76.6852 25
    endloop
  endfacet
  facet normal 0.427562 -0.903986 0
    outer loop
      vertex 4.93915 77.0515 25
      vertex 4.16469 76.6852 0
      vertex 4.93915 77.0515 0
    endloop
  endfacet
  facet normal 0.336869 -0.941552 0
    outer loop
      vertex 4.93915 77.0515 0
      vertex 5.74579 77.3401 25
      vertex 4.93915 77.0515 25
    endloop
  endfacet
  facet normal 0.336869 -0.941552 0
    outer loop
      vertex 5.74579 77.3401 25
      vertex 4.93915 77.0515 0
      vertex 5.74579 77.3401 0
    endloop
  endfacet
  facet normal 0.242906 -0.97005 0
    outer loop
      vertex 5.74579 77.3401 0
      vertex 6.57684 77.5482 25
      vertex 5.74579 77.3401 25
    endloop
  endfacet
  facet normal 0.242906 -0.97005 0
    outer loop
      vertex 6.57684 77.5482 25
      vertex 5.74579 77.3401 0
      vertex 6.57684 77.5482 0
    endloop
  endfacet
  facet normal 0.146836 -0.989161 0
    outer loop
      vertex 6.57684 77.5482 0
      vertex 7.42429 77.674 25
      vertex 6.57684 77.5482 25
    endloop
  endfacet
  facet normal 0.146836 -0.989161 0
    outer loop
      vertex 7.42429 77.674 25
      vertex 6.57684 77.5482 0
      vertex 7.42429 77.674 0
    endloop
  endfacet
  facet normal 0.0490242 -0.998798 0
    outer loop
      vertex 7.42429 77.674 0
      vertex 8.27998 77.716 25
      vertex 7.42429 77.674 25
    endloop
  endfacet
  facet normal 0.0490242 -0.998798 0
    outer loop
      vertex 8.27998 77.716 25
      vertex 7.42429 77.674 0
      vertex 8.27998 77.716 0
    endloop
  endfacet
  facet normal 0 -1 0
    outer loop
      vertex 8.27998 77.716 0
      vertex 76.987 77.716 25
      vertex 8.27998 77.716 25
    endloop
  endfacet
  facet normal 0 -1 -0
    outer loop
      vertex 76.987 77.716 25
      vertex 8.27998 77.716 0
      vertex 76.987 77.716 0
    endloop
  endfacet
  facet normal -0.0490236 -0.998798 0
    outer loop
      vertex 76.987 77.716 0
      vertex 77.8427 77.674 25
      vertex 76.987 77.716 25
    endloop
  endfacet
  facet normal -0.0490236 -0.998798 -0
    outer loop
      vertex 77.8427 77.674 25
      vertex 76.987 77.716 0
      vertex 77.8427 77.674 0
    endloop
  endfacet
  facet normal -0.146845 -0.98916 0
    outer loop
      vertex 77.8427 77.674 0
      vertex 78.6901 77.5482 25
      vertex 77.8427 77.674 25
    endloop
  endfacet
  facet normal -0.146845 -0.98916 -0
    outer loop
      vertex 78.6901 77.5482 25
      vertex 77.8427 77.674 0
      vertex 78.6901 77.5482 0
    endloop
  endfacet
  facet normal -0.242893 -0.970053 0
    outer loop
      vertex 78.6901 77.5482 0
      vertex 79.5212 77.3401 25
      vertex 78.6901 77.5482 25
    endloop
  endfacet
  facet normal -0.242893 -0.970053 -0
    outer loop
      vertex 79.5212 77.3401 25
      vertex 78.6901 77.5482 0
      vertex 79.5212 77.3401 0
    endloop
  endfacet
  facet normal -0.336884 -0.941546 0
    outer loop
      vertex 79.5212 77.3401 0
      vertex 80.3278 77.0515 25
      vertex 79.5212 77.3401 25
    endloop
  endfacet
  facet normal -0.336884 -0.941546 -0
    outer loop
      vertex 80.3278 77.0515 25
      vertex 79.5212 77.3401 0
      vertex 80.3278 77.0515 0
    endloop
  endfacet
  facet normal -0.427544 -0.903994 0
    outer loop
      vertex 80.3278 77.0515 0
      vertex 81.1023 76.6852 25
      vertex 80.3278 77.0515 25
    endloop
  endfacet
  facet normal -0.427544 -0.903994 -0
    outer loop
      vertex 81.1023 76.6852 25
      vertex 80.3278 77.0515 0
      vertex 81.1023 76.6852 0
    endloop
  endfacet
  facet normal -0.51417 -0.857689 0
    outer loop
      vertex 81.1023 76.6852 0
      vertex 81.8371 76.2447 25
      vertex 81.1023 76.6852 25
    endloop
  endfacet
  facet normal -0.51417 -0.857689 -0
    outer loop
      vertex 81.8371 76.2447 25
      vertex 81.1023 76.6852 0
      vertex 81.8371 76.2447 0
    endloop
  endfacet
  facet normal -0.595677 -0.803224 0
    outer loop
      vertex 81.8371 76.2447 0
      vertex 82.5252 75.7344 25
      vertex 81.8371 76.2447 25
    endloop
  endfacet
  facet normal -0.595677 -0.803224 -0
    outer loop
      vertex 82.5252 75.7344 25
      vertex 81.8371 76.2447 0
      vertex 82.5252 75.7344 0
    endloop
  endfacet
  facet normal -0.671592 -0.740922 0
    outer loop
      vertex 82.5252 75.7344 0
      vertex 83.16 75.159 25
      vertex 82.5252 75.7344 25
    endloop
  endfacet
  facet normal -0.671592 -0.740922 -0
    outer loop
      vertex 83.16 75.159 25
      vertex 82.5252 75.7344 0
      vertex 83.16 75.159 0
    endloop
  endfacet
  facet normal -0.740922 -0.671592 0
    outer loop
      vertex 83.7354 74.5242 0
      vertex 83.16 75.159 25
      vertex 83.16 75.159 0
    endloop
  endfacet
  facet normal -0.740922 -0.671592 0
    outer loop
      vertex 83.16 75.159 25
      vertex 83.7354 74.5242 0
      vertex 83.7354 74.5242 25
    endloop
  endfacet
  facet normal -0.803224 -0.595677 0
    outer loop
      vertex 84.2457 73.8361 0
      vertex 83.7354 74.5242 25
      vertex 83.7354 74.5242 0
    endloop
  endfacet
  facet normal -0.803224 -0.595677 0
    outer loop
      vertex 83.7354 74.5242 25
      vertex 84.2457 73.8361 0
      vertex 84.2457 73.8361 25
    endloop
  endfacet
  facet normal -0.857689 -0.51417 0
    outer loop
      vertex 84.6862 73.1013 0
      vertex 84.2457 73.8361 25
      vertex 84.2457 73.8361 0
    endloop
  endfacet
  facet normal -0.857689 -0.51417 0
    outer loop
      vertex 84.2457 73.8361 25
      vertex 84.6862 73.1013 0
      vertex 84.6862 73.1013 25
    endloop
  endfacet
  facet normal -0.904039 -0.427449 0
    outer loop
      vertex 85.0524 72.3268 0
      vertex 84.6862 73.1013 25
      vertex 84.6862 73.1013 0
    endloop
  endfacet
  facet normal -0.904039 -0.427449 0
    outer loop
      vertex 84.6862 73.1013 25
      vertex 85.0524 72.3268 0
      vertex 85.0524 72.3268 25
    endloop
  endfacet
  facet normal -0.941509 -0.336987 0
    outer loop
      vertex 85.3411 71.5202 0
      vertex 85.0524 72.3268 25
      vertex 85.0524 72.3268 0
    endloop
  endfacet
  facet normal -0.941509 -0.336987 0
    outer loop
      vertex 85.0524 72.3268 25
      vertex 85.3411 71.5202 0
      vertex 85.3411 71.5202 25
    endloop
  endfacet
  facet normal -0.970053 -0.242893 0
    outer loop
      vertex 85.5492 70.6891 0
      vertex 85.3411 71.5202 25
      vertex 85.3411 71.5202 0
    endloop
  endfacet
  facet normal -0.970053 -0.242893 0
    outer loop
      vertex 85.3411 71.5202 25
      vertex 85.5492 70.6891 0
      vertex 85.5492 70.6891 25
    endloop
  endfacet
  facet normal -0.989176 -0.146731 0
    outer loop
      vertex 85.6749 69.8417 0
      vertex 85.5492 70.6891 25
      vertex 85.5492 70.6891 0
    endloop
  endfacet
  facet normal -0.989176 -0.146731 0
    outer loop
      vertex 85.5492 70.6891 25
      vertex 85.6749 69.8417 0
      vertex 85.6749 69.8417 25
    endloop
  endfacet
  facet normal -0.998792 -0.04914 0
    outer loop
      vertex 85.717 68.986 0
      vertex 85.6749 69.8417 25
      vertex 85.6749 69.8417 0
    endloop
  endfacet
  facet normal -0.998792 -0.04914 0
    outer loop
      vertex 85.6749 69.8417 25
      vertex 85.717 68.986 0
      vertex 85.717 68.986 25
    endloop
  endfacet
  facet normal -1 0 0
    outer loop
      vertex 85.717 68.986 0
      vertex 85.717 52.733 11.5
      vertex 85.717 68.986 25
    endloop
  endfacet
  facet normal -1 0 0
    outer loop
      vertex 85.717 68.986 0
      vertex 85.717 50.533 11.5
      vertex 85.717 52.733 11.5
    endloop
  endfacet
  facet normal -1 0 0
    outer loop
      vertex 85.717 50.533 11.5
      vertex 85.717 46.233 11.5
      vertex 85.717 50.533 19.5
    endloop
  endfacet
  facet normal -1 0 0
    outer loop
      vertex 85.717 68.986 0
      vertex 85.717 46.233 11.5
      vertex 85.717 50.533 11.5
    endloop
  endfacet
  facet normal -1 0 0
    outer loop
      vertex 85.717 68.986 0
      vertex 85.717 44.033 11.5
      vertex 85.717 46.233 11.5
    endloop
  endfacet
  facet normal -1 0 0
    outer loop
      vertex 85.717 44.033 11.5
      vertex 85.717 39.733 11.5
      vertex 85.717 44.033 19.5
    endloop
  endfacet
  facet normal -1 0 0
    outer loop
      vertex 85.717 68.986 0
      vertex 85.717 39.733 11.5
      vertex 85.717 44.033 11.5
    endloop
  endfacet
  facet normal -1 0 0
    outer loop
      vertex 85.717 68.986 0
      vertex 85.717 37.533 11.5
      vertex 85.717 39.733 11.5
    endloop
  endfacet
  facet normal -1 0 0
    outer loop
      vertex 85.717 37.533 11.5
      vertex 85.717 33.233 11.5
      vertex 85.717 37.533 19.5
    endloop
  endfacet
  facet normal -1 0 0
    outer loop
      vertex 85.717 8.27998 0
      vertex 85.717 37.533 11.5
      vertex 85.717 68.986 0
    endloop
  endfacet
  facet normal -1 -0 0
    outer loop
      vertex 85.717 37.533 11.5
      vertex 85.717 8.27998 0
      vertex 85.717 33.233 11.5
    endloop
  endfacet
  facet normal -1 0 0
    outer loop
      vertex 85.717 31.033 11.5
      vertex 85.717 26.733 11.5
      vertex 85.717 31.033 19.5
    endloop
  endfacet
  facet normal -1 -0 0
    outer loop
      vertex 85.717 33.233 11.5
      vertex 85.717 8.27998 0
      vertex 85.717 31.033 11.5
    endloop
  endfacet
  facet normal -1 -0 0
    outer loop
      vertex 85.717 31.033 11.5
      vertex 85.717 8.27998 0
      vertex 85.717 26.733 11.5
    endloop
  endfacet
  facet normal -1 0 0
    outer loop
      vertex 85.717 8.27998 25
      vertex 85.717 24.533 11.5
      vertex 85.717 8.27998 0
    endloop
  endfacet
  facet normal -1 -0 0
    outer loop
      vertex 85.717 26.733 11.5
      vertex 85.717 8.27998 0
      vertex 85.717 24.533 11.5
    endloop
  endfacet
  facet normal -1 0 0
    outer loop
      vertex 85.717 52.733 19.5
      vertex 85.717 68.986 25
      vertex 85.717 52.733 11.5
    endloop
  endfacet
  facet normal -1 0 0
    outer loop
      vertex 85.717 50.533 19.5
      vertex 85.717 68.986 25
      vertex 85.717 52.733 19.5
    endloop
  endfacet
  facet normal -1 0 0
    outer loop
      vertex 85.717 46.233 19.5
      vertex 85.717 50.533 19.5
      vertex 85.717 46.233 11.5
    endloop
  endfacet
  facet normal -1 0 0
    outer loop
      vertex 85.717 46.233 19.5
      vertex 85.717 68.986 25
      vertex 85.717 50.533 19.5
    endloop
  endfacet
  facet normal -1 0 0
    outer loop
      vertex 85.717 44.033 19.5
      vertex 85.717 68.986 25
      vertex 85.717 46.233 19.5
    endloop
  endfacet
  facet normal -1 0 0
    outer loop
      vertex 85.717 39.733 19.5
      vertex 85.717 44.033 19.5
      vertex 85.717 39.733 11.5
    endloop
  endfacet
  facet normal -1 0 0
    outer loop
      vertex 85.717 39.733 19.5
      vertex 85.717 68.986 25
      vertex 85.717 44.033 19.5
    endloop
  endfacet
  facet normal -1 0 0
    outer loop
      vertex 85.717 37.533 19.5
      vertex 85.717 68.986 25
      vertex 85.717 39.733 19.5
    endloop
  endfacet
  facet normal -1 0 0
    outer loop
      vertex 85.717 33.233 19.5
      vertex 85.717 37.533 19.5
      vertex 85.717 33.233 11.5
    endloop
  endfacet
  facet normal -1 0 0
    outer loop
      vertex 85.717 8.27998 25
      vertex 85.717 37.533 19.5
      vertex 85.717 33.233 19.5
    endloop
  endfacet
  facet normal -1 0 0
    outer loop
      vertex 85.717 8.27998 25
      vertex 85.717 33.233 19.5
      vertex 85.717 31.033 19.5
    endloop
  endfacet
  facet normal -1 0 0
    outer loop
      vertex 85.717 26.733 19.5
      vertex 85.717 31.033 19.5
      vertex 85.717 26.733 11.5
    endloop
  endfacet
  facet normal -1 0 0
    outer loop
      vertex 85.717 8.27998 25
      vertex 85.717 31.033 19.5
      vertex 85.717 26.733 19.5
    endloop
  endfacet
  facet normal -1 0 0
    outer loop
      vertex 85.717 8.27998 25
      vertex 85.717 26.733 19.5
      vertex 85.717 24.533 19.5
    endloop
  endfacet
  facet normal -1 0 0
    outer loop
      vertex 85.717 37.533 19.5
      vertex 85.717 8.27998 25
      vertex 85.717 68.986 25
    endloop
  endfacet
  facet normal -1 0 0
    outer loop
      vertex 85.717 24.533 11.5
      vertex 85.717 8.27998 25
      vertex 85.717 24.533 19.5
    endloop
  endfacet
  facet normal -0.998792 0.0491406 0
    outer loop
      vertex 85.6749 7.42429 0
      vertex 85.717 8.27998 25
      vertex 85.717 8.27998 0
    endloop
  endfacet
  facet normal -0.998792 0.0491406 0
    outer loop
      vertex 85.717 8.27998 25
      vertex 85.6749 7.42429 0
      vertex 85.6749 7.42429 25
    endloop
  endfacet
  facet normal -0.989178 0.146722 0
    outer loop
      vertex 85.5492 6.57684 0
      vertex 85.6749 7.42429 25
      vertex 85.6749 7.42429 0
    endloop
  endfacet
  facet normal -0.989178 0.146722 0
    outer loop
      vertex 85.6749 7.42429 25
      vertex 85.5492 6.57684 0
      vertex 85.5492 6.57684 25
    endloop
  endfacet
  facet normal -0.97005 0.242906 0
    outer loop
      vertex 85.3411 5.74579 0
      vertex 85.5492 6.57684 25
      vertex 85.5492 6.57684 0
    endloop
  endfacet
  facet normal -0.97005 0.242906 0
    outer loop
      vertex 85.5492 6.57684 25
      vertex 85.3411 5.74579 0
      vertex 85.3411 5.74579 25
    endloop
  endfacet
  facet normal -0.941515 0.336972 0
    outer loop
      vertex 85.0524 4.93915 0
      vertex 85.3411 5.74579 25
      vertex 85.3411 5.74579 0
    endloop
  endfacet
  facet normal -0.941515 0.336972 0
    outer loop
      vertex 85.3411 5.74579 25
      vertex 85.0524 4.93915 0
      vertex 85.0524 4.93915 25
    endloop
  endfacet
  facet normal -0.904031 0.427467 0
    outer loop
      vertex 84.6862 4.16469 0
      vertex 85.0524 4.93915 25
      vertex 85.0524 4.93915 0
    endloop
  endfacet
  facet normal -0.904031 0.427467 0
    outer loop
      vertex 85.0524 4.93915 25
      vertex 84.6862 4.16469 0
      vertex 84.6862 4.16469 25
    endloop
  endfacet
  facet normal -0.857698 0.514154 0
    outer loop
      vertex 84.2457 3.42986 0
      vertex 84.6862 4.16469 25
      vertex 84.6862 4.16469 0
    endloop
  endfacet
  facet normal -0.857698 0.514154 0
    outer loop
      vertex 84.6862 4.16469 25
      vertex 84.2457 3.42986 0
      vertex 84.2457 3.42986 25
    endloop
  endfacet
  facet normal -0.803237 0.59566 0
    outer loop
      vertex 83.7354 2.74173 0
      vertex 84.2457 3.42986 25
      vertex 84.2457 3.42986 0
    endloop
  endfacet
  facet normal -0.803237 0.59566 0
    outer loop
      vertex 84.2457 3.42986 25
      vertex 83.7354 2.74173 0
      vertex 83.7354 2.74173 25
    endloop
  endfacet
  facet normal -0.740922 0.671592 0
    outer loop
      vertex 83.16 2.10693 0
      vertex 83.7354 2.74173 25
      vertex 83.7354 2.74173 0
    endloop
  endfacet
  facet normal -0.740922 0.671592 0
    outer loop
      vertex 83.7354 2.74173 25
      vertex 83.16 2.10693 0
      vertex 83.16 2.10693 25
    endloop
  endfacet
  facet normal -0.671547 0.740962 0
    outer loop
      vertex 83.16 2.10693 0
      vertex 82.5252 1.5316 25
      vertex 83.16 2.10693 25
    endloop
  endfacet
  facet normal -0.671547 0.740962 0
    outer loop
      vertex 82.5252 1.5316 25
      vertex 83.16 2.10693 0
      vertex 82.5252 1.5316 0
    endloop
  endfacet
  facet normal -0.595707 0.803202 0
    outer loop
      vertex 82.5252 1.5316 0
      vertex 81.8371 1.02126 25
      vertex 82.5252 1.5316 25
    endloop
  endfacet
  facet normal -0.595707 0.803202 0
    outer loop
      vertex 81.8371 1.02126 25
      vertex 82.5252 1.5316 0
      vertex 81.8371 1.02126 0
    endloop
  endfacet
  facet normal -0.514126 0.857715 0
    outer loop
      vertex 81.8371 1.02126 0
      vertex 81.1023 0.580811 25
      vertex 81.8371 1.02126 25
    endloop
  endfacet
  facet normal -0.514126 0.857715 0
    outer loop
      vertex 81.1023 0.580811 25
      vertex 81.8371 1.02126 0
      vertex 81.1023 0.580811 0
    endloop
  endfacet
  facet normal -0.427547 0.903993 0
    outer loop
      vertex 81.1023 0.580811 0
      vertex 80.3278 0.214508 25
      vertex 81.1023 0.580811 25
    endloop
  endfacet
  facet normal -0.427547 0.903993 0
    outer loop
      vertex 80.3278 0.214508 25
      vertex 81.1023 0.580811 0
      vertex 80.3278 0.214508 0
    endloop
  endfacet
  facet normal -0.336888 0.941545 0
    outer loop
      vertex 80.3278 0.214508 0
      vertex 79.5212 -0.0740967 25
      vertex 80.3278 0.214508 25
    endloop
  endfacet
  facet normal -0.336888 0.941545 0
    outer loop
      vertex 79.5212 -0.0740967 25
      vertex 80.3278 0.214508 0
      vertex 79.5212 -0.0740967 0
    endloop
  endfacet
  facet normal -0.242959 0.970037 0
    outer loop
      vertex 79.5212 -0.0740967 0
      vertex 78.6901 -0.282257 25
      vertex 79.5212 -0.0740967 25
    endloop
  endfacet
  facet normal -0.242959 0.970037 0
    outer loop
      vertex 78.6901 -0.282257 25
      vertex 79.5212 -0.0740967 0
      vertex 78.6901 -0.282257 0
    endloop
  endfacet
  facet normal -0.14675 0.989174 0
    outer loop
      vertex 78.6901 -0.282257 0
      vertex 77.8427 -0.407974 25
      vertex 78.6901 -0.282257 25
    endloop
  endfacet
  facet normal -0.14675 0.989174 0
    outer loop
      vertex 77.8427 -0.407974 25
      vertex 78.6901 -0.282257 0
      vertex 77.8427 -0.407974 0
    endloop
  endfacet
  facet normal -0.0490504 0.998796 0
    outer loop
      vertex 77.8427 -0.407974 0
      vertex 76.987 -0.449997 25
      vertex 77.8427 -0.407974 25
    endloop
  endfacet
  facet normal -0.0490504 0.998796 0
    outer loop
      vertex 76.987 -0.449997 25
      vertex 77.8427 -0.407974 0
      vertex 76.987 -0.449997 0
    endloop
  endfacet
  facet normal 0 1 -0
    outer loop
      vertex 76.987 -0.449997 0
      vertex 8.27998 -0.449997 25
      vertex 76.987 -0.449997 25
    endloop
  endfacet
  facet normal 0 1 0
    outer loop
      vertex 8.27998 -0.449997 25
      vertex 76.987 -0.449997 0
      vertex 8.27998 -0.449997 0
    endloop
  endfacet
  facet normal 1 -0 0
    outer loop
      vertex 8.35 38.83 25.2
      vertex 8.35 74.52 25
      vertex 8.35 74.52 25.2
    endloop
  endfacet
  facet normal 1 0 0
    outer loop
      vertex 8.35 74.52 25
      vertex 8.35 38.83 25.2
      vertex 8.35 38.83 25
    endloop
  endfacet
  facet normal 0 0 -1
    outer loop
      vertex 8.35 38.83 25.2
      vertex 48.85 74.52 25.2
      vertex 48.85 38.83 25.2
    endloop
  endfacet
  facet normal -0 0 -1
    outer loop
      vertex 48.85 74.52 25.2
      vertex 8.35 38.83 25.2
      vertex 8.35 74.52 25.2
    endloop
  endfacet
  facet normal -1 0 0
    outer loop
      vertex 48.85 38.83 25
      vertex 48.85 74.52 25.2
      vertex 48.85 74.52 25
    endloop
  endfacet
  facet normal -1 -0 0
    outer loop
      vertex 48.85 74.52 25.2
      vertex 48.85 38.83 25
      vertex 48.85 38.83 25.2
    endloop
  endfacet
  facet normal 0 -1 0
    outer loop
      vertex 8.35 74.52 25
      vertex 48.85 74.52 25.2
      vertex 8.35 74.52 25.2
    endloop
  endfacet
  facet normal 0 -1 -0
    outer loop
      vertex 48.85 74.52 25.2
      vertex 8.35 74.52 25
      vertex 48.85 74.52 25
    endloop
  endfacet
  facet normal 0 1 -0
    outer loop
      vertex 48.85 38.83 25
      vertex 8.35 38.83 25.2
      vertex 48.85 38.83 25.2
    endloop
  endfacet
  facet normal 0 1 0
    outer loop
      vertex 8.35 38.83 25.2
      vertex 48.85 38.83 25
      vertex 8.35 38.83 25
    endloop
  endfacet
  facet normal 1 -0 0
    outer loop
      vertex 50.38 41.68 25.2
      vertex 50.38 74.93 25
      vertex 50.38 74.93 25.2
    endloop
  endfacet
  facet normal 1 0 0
    outer loop
      vertex 50.38 74.93 25
      vertex 50.38 41.68 25.2
      vertex 50.38 41.68 25
    endloop
  endfacet
  facet normal 0 0 -1
    outer loop
      vertex 50.38 41.68 25.2
      vertex 79.98 74.93 25.2
      vertex 79.98 41.68 25.2
    endloop
  endfacet
  facet normal -0 0 -1
    outer loop
      vertex 79.98 74.93 25.2
      vertex 50.38 41.68 25.2
      vertex 50.38 74.93 25.2
    endloop
  endfacet
  facet normal -1 0 0
    outer loop
      vertex 79.98 41.68 25
      vertex 79.98 74.93 25.2
      vertex 79.98 74.93 25
    endloop
  endfacet
  facet normal -1 -0 0
    outer loop
      vertex 79.98 74.93 25.2
      vertex 79.98 41.68 25
      vertex 79.98 41.68 25.2
    endloop
  endfacet
  facet normal 0 -1 0
    outer loop
      vertex 50.38 74.93 25
      vertex 79.98 74.93 25.2
      vertex 50.38 74.93 25.2
    endloop
  endfacet
  facet normal 0 -1 -0
    outer loop
      vertex 79.98 74.93 25.2
      vertex 50.38 74.93 25
      vertex 79.98 74.93 25
    endloop
  endfacet
  facet normal 0 1 -0
    outer loop
      vertex 79.98 41.68 25
      vertex 50.38 41.68 25.2
      vertex 79.98 41.68 25.2
    endloop
  endfacet
  facet normal 0 1 0
    outer loop
      vertex 50.38 41.68 25.2
      vertex 79.98 41.68 25
      vertex 50.38 41.68 25
    endloop
  endfacet
  facet normal 1 -0 0
    outer loop
      vertex 8.22 31.46 25.2
      vertex 8.22 36.4 25
      vertex 8.22 36.4 25.2
    endloop
  endfacet
  facet normal 1 0 0
    outer loop
      vertex 8.22 36.4 25
      vertex 8.22 31.46 25.2
      vertex 8.22 31.46 25
    endloop
  endfacet
  facet normal 0 0 -1
    outer loop
      vertex 8.22 31.46 25.2
      vertex 30.94 36.4 25.2
      vertex 30.94 31.46 25.2
    endloop
  endfacet
  facet normal -0 0 -1
    outer loop
      vertex 30.94 36.4 25.2
      vertex 8.22 31.46 25.2
      vertex 8.22 36.4 25.2
    endloop
  endfacet
  facet normal -1 0 0
    outer loop
      vertex 30.94 31.46 25
      vertex 30.94 36.4 25.2
      vertex 30.94 36.4 25
    endloop
  endfacet
  facet normal -1 -0 0
    outer loop
      vertex 30.94 36.4 25.2
      vertex 30.94 31.46 25
      vertex 30.94 31.46 25.2
    endloop
  endfacet
  facet normal 0 -1 0
    outer loop
      vertex 8.22 36.4 25
      vertex 30.94 36.4 25.2
      vertex 8.22 36.4 25.2
    endloop
  endfacet
  facet normal 0 -1 -0
    outer loop
      vertex 30.94 36.4 25.2
      vertex 8.22 36.4 25
      vertex 30.94 36.4 25
    endloop
  endfacet
  facet normal 0 1 -0
    outer loop
      vertex 30.94 31.46 25
      vertex 8.22 31.46 25.2
      vertex 30.94 31.46 25.2
    endloop
  endfacet
  facet normal 0 1 0
    outer loop
      vertex 8.22 31.46 25.2
      vertex 30.94 31.46 25
      vertex 8.22 31.46 25
    endloop
  endfacet
  facet normal 1 -0 0
    outer loop
      vertex 42.51 31.59 25.2
      vertex 42.51 36.53 25
      vertex 42.51 36.53 25.2
    endloop
  endfacet
  facet normal 1 0 0
    outer loop
      vertex 42.51 36.53 25
      vertex 42.51 31.59 25.2
      vertex 42.51 31.59 25
    endloop
  endfacet
  facet normal 0 0 -1
    outer loop
      vertex 42.51 31.59 25.2
      vertex 57.61 36.53 25.2
      vertex 57.61 31.59 25.2
    endloop
  endfacet
  facet normal -0 0 -1
    outer loop
      vertex 57.61 36.53 25.2
      vertex 42.51 31.59 25.2
      vertex 42.51 36.53 25.2
    endloop
  endfacet
  facet normal -1 0 0
    outer loop
      vertex 57.61 31.59 25
      vertex 57.61 36.53 25.2
      vertex 57.61 36.53 25
    endloop
  endfacet
  facet normal -1 -0 0
    outer loop
      vertex 57.61 36.53 25.2
      vertex 57.61 31.59 25
      vertex 57.61 31.59 25.2
    endloop
  endfacet
  facet normal 0 1 -0
    outer loop
      vertex 57.61 31.59 25
      vertex 42.51 31.59 25.2
      vertex 57.61 31.59 25.2
    endloop
  endfacet
  facet normal 0 1 0
    outer loop
      vertex 42.51 31.59 25.2
      vertex 57.61 31.59 25
      vertex 42.51 31.59 25
    endloop
  endfacet
  facet normal 0 -1 0
    outer loop
      vertex 42.51 36.53 25
      vertex 57.61 36.53 25.2
      vertex 42.51 36.53 25.2
    endloop
  endfacet
  facet normal 0 -1 -0
    outer loop
      vertex 57.61 36.53 25.2
      vertex 42.51 36.53 25
      vertex 57.61 36.53 25
    endloop
  endfacet
  facet normal 1 -0 0
    outer loop
      vertex 11.4 26.38 25.2
      vertex 11.4 31.32 25
      vertex 11.4 31.32 25.2
    endloop
  endfacet
  facet normal 1 0 0
    outer loop
      vertex 11.4 31.32 25
      vertex 11.4 26.38 25.2
      vertex 11.4 26.38 25
    endloop
  endfacet
  facet normal 0 0 -1
    outer loop
      vertex 11.4 26.38 25.2
      vertex 29.04 31.32 25.2
      vertex 29.04 26.38 25.2
    endloop
  endfacet
  facet normal -0 0 -1
    outer loop
      vertex 29.04 31.32 25.2
      vertex 11.4 26.38 25.2
      vertex 11.4 31.32 25.2
    endloop
  endfacet
  facet normal -1 0 0
    outer loop
      vertex 29.04 26.38 25
      vertex 29.04 31.32 25.2
      vertex 29.04 31.32 25
    endloop
  endfacet
  facet normal -1 -0 0
    outer loop
      vertex 29.04 31.32 25.2
      vertex 29.04 26.38 25
      vertex 29.04 26.38 25.2
    endloop
  endfacet
  facet normal 0 1 -0
    outer loop
      vertex 29.04 26.38 25
      vertex 11.4 26.38 25.2
      vertex 29.04 26.38 25.2
    endloop
  endfacet
  facet normal 0 1 0
    outer loop
      vertex 11.4 26.38 25.2
      vertex 29.04 26.38 25
      vertex 11.4 26.38 25
    endloop
  endfacet
  facet normal 0 -1 0
    outer loop
      vertex 11.4 31.32 25
      vertex 29.04 31.32 25.2
      vertex 11.4 31.32 25.2
    endloop
  endfacet
  facet normal 0 -1 -0
    outer loop
      vertex 29.04 31.32 25.2
      vertex 11.4 31.32 25
      vertex 29.04 31.32 25
    endloop
  endfacet
  facet normal -0.998794 -0.0490916 0
    outer loop
      vertex -2.5 -4.2 0
      vertex -2.50819 -4.03337 25.2
      vertex -2.50819 -4.03337 0
    endloop
  endfacet
  facet normal -0.998794 -0.0490916 0
    outer loop
      vertex -2.50819 -4.03337 25.2
      vertex -2.5 -4.2 0
      vertex -2.5 -4.2 25.2
    endloop
  endfacet
  facet normal 0.998794 -0.0490916 0
    outer loop
      vertex -5.9 -4.2 25.2
      vertex -5.89181 -4.03337 0
      vertex -5.89181 -4.03337 25.2
    endloop
  endfacet
  facet normal 0.998794 -0.0490916 0
    outer loop
      vertex -5.89181 -4.03337 0
      vertex -5.9 -4.2 25.2
      vertex -5.9 -4.2 0
    endloop
  endfacet
  facet normal 0.0490916 -0.998794 0
    outer loop
      vertex -4.36663 -2.50819 0
      vertex -4.2 -2.5 25.2
      vertex -4.36663 -2.50819 25.2
    endloop
  endfacet
  facet normal 0.0490916 -0.998794 0
    outer loop
      vertex -4.2 -2.5 25.2
      vertex -4.36663 -2.50819 0
      vertex -4.2 -2.5 0
    endloop
  endfacet
  facet normal 0.0490916 0.998794 -0
    outer loop
      vertex -4.2 -5.9 0
      vertex -4.36663 -5.89181 25.2
      vertex -4.2 -5.9 25.2
    endloop
  endfacet
  facet normal 0.0490916 0.998794 0
    outer loop
      vertex -4.36663 -5.89181 25.2
      vertex -4.2 -5.9 0
      vertex -4.36663 -5.89181 0
    endloop
  endfacet
  facet normal -0.67158 -0.740932 0
    outer loop
      vertex -3.12153 -2.88588 0
      vertex -2.99792 -2.99792 25.2
      vertex -3.12153 -2.88588 25.2
    endloop
  endfacet
  facet normal -0.67158 -0.740932 -0
    outer loop
      vertex -2.99792 -2.99792 25.2
      vertex -3.12153 -2.88588 0
      vertex -2.99792 -2.99792 0
    endloop
  endfacet
  facet normal 0.740932 -0.67158 0
    outer loop
      vertex -5.51412 -3.12153 25.2
      vertex -5.40208 -2.99792 0
      vertex -5.40208 -2.99792 25.2
    endloop
  endfacet
  facet normal 0.740932 -0.67158 0
    outer loop
      vertex -5.40208 -2.99792 0
      vertex -5.51412 -3.12153 25.2
      vertex -5.51412 -3.12153 0
    endloop
  endfacet
  facet normal 0.427566 -0.903984 0
    outer loop
      vertex -5.00137 -2.70073 0
      vertex -4.85056 -2.6294 25.2
      vertex -5.00137 -2.70073 25.2
    endloop
  endfacet
  facet normal 0.427566 -0.903984 0
    outer loop
      vertex -4.85056 -2.6294 25.2
      vertex -5.00137 -2.70073 0
      vertex -4.85056 -2.6294 0
    endloop
  endfacet
  facet normal -0.903984 -0.427566 0
    outer loop
      vertex -2.6294 -3.54944 0
      vertex -2.70073 -3.39863 25.2
      vertex -2.70073 -3.39863 0
    endloop
  endfacet
  facet normal -0.903984 -0.427566 0
    outer loop
      vertex -2.70073 -3.39863 25.2
      vertex -2.6294 -3.54944 0
      vertex -2.6294 -3.54944 25.2
    endloop
  endfacet
  facet normal -0.336868 -0.941552 0
    outer loop
      vertex -3.70652 -2.5732 0
      vertex -3.54944 -2.6294 25.2
      vertex -3.70652 -2.5732 25.2
    endloop
  endfacet
  facet normal -0.336868 -0.941552 -0
    outer loop
      vertex -3.54944 -2.6294 25.2
      vertex -3.70652 -2.5732 0
      vertex -3.54944 -2.6294 0
    endloop
  endfacet
  facet normal -0.514099 -0.857731 0
    outer loop
      vertex -3.39863 -2.70073 0
      vertex -3.25553 -2.7865 25.2
      vertex -3.39863 -2.70073 25.2
    endloop
  endfacet
  facet normal -0.514099 -0.857731 -0
    outer loop
      vertex -3.25553 -2.7865 25.2
      vertex -3.39863 -2.70073 0
      vertex -3.25553 -2.7865 0
    endloop
  endfacet
  facet normal 0.941533 -0.336921 0
    outer loop
      vertex -5.8268 -3.70652 25.2
      vertex -5.77059 -3.54944 0
      vertex -5.77059 -3.54944 25.2
    endloop
  endfacet
  facet normal 0.941533 -0.336921 0
    outer loop
      vertex -5.77059 -3.54944 0
      vertex -5.8268 -3.70652 25.2
      vertex -5.8268 -3.70652 0
    endloop
  endfacet
  facet normal 0.243001 -0.970026 0
    outer loop
      vertex -4.69348 -2.5732 0
      vertex -4.53165 -2.53266 25.2
      vertex -4.69348 -2.5732 25.2
    endloop
  endfacet
  facet normal 0.243001 -0.970026 0
    outer loop
      vertex -4.53165 -2.53266 25.2
      vertex -4.69348 -2.5732 0
      vertex -4.53165 -2.53266 0
    endloop
  endfacet
  facet normal -0.941552 0.336868 0
    outer loop
      vertex -2.6294 -4.85056 0
      vertex -2.5732 -4.69348 25.2
      vertex -2.5732 -4.69348 0
    endloop
  endfacet
  facet normal -0.941552 0.336868 0
    outer loop
      vertex -2.5732 -4.69348 25.2
      vertex -2.6294 -4.85056 0
      vertex -2.6294 -4.85056 25.2
    endloop
  endfacet
  facet normal -0.970026 0.243001 0
    outer loop
      vertex -2.5732 -4.69348 0
      vertex -2.53266 -4.53165 25.2
      vertex -2.53266 -4.53165 0
    endloop
  endfacet
  facet normal -0.970026 0.243001 0
    outer loop
      vertex -2.53266 -4.53165 25.2
      vertex -2.5732 -4.69348 0
      vertex -2.5732 -4.69348 25.2
    endloop
  endfacet
  facet normal -0.970026 -0.243001 0
    outer loop
      vertex -2.53266 -3.86835 0
      vertex -2.5732 -3.70652 25.2
      vertex -2.5732 -3.70652 0
    endloop
  endfacet
  facet normal -0.970026 -0.243001 0
    outer loop
      vertex -2.5732 -3.70652 25.2
      vertex -2.53266 -3.86835 0
      vertex -2.53266 -3.86835 25.2
    endloop
  endfacet
  facet normal -0.989184 -0.146681 0
    outer loop
      vertex -2.50819 -4.03337 0
      vertex -2.53266 -3.86835 25.2
      vertex -2.53266 -3.86835 0
    endloop
  endfacet
  facet normal -0.989184 -0.146681 0
    outer loop
      vertex -2.53266 -3.86835 25.2
      vertex -2.50819 -4.03337 0
      vertex -2.50819 -4.03337 25.2
    endloop
  endfacet
  facet normal -0.941552 -0.336868 0
    outer loop
      vertex -2.5732 -3.70652 0
      vertex -2.6294 -3.54944 25.2
      vertex -2.6294 -3.54944 0
    endloop
  endfacet
  facet normal -0.941552 -0.336868 0
    outer loop
      vertex -2.6294 -3.54944 25.2
      vertex -2.5732 -3.70652 0
      vertex -2.5732 -3.70652 25.2
    endloop
  endfacet
  facet normal -0.803211 -0.595695 0
    outer loop
      vertex -2.7865 -3.25553 0
      vertex -2.88588 -3.12153 25.2
      vertex -2.88588 -3.12153 0
    endloop
  endfacet
  facet normal -0.803211 -0.595695 0
    outer loop
      vertex -2.88588 -3.12153 25.2
      vertex -2.7865 -3.25553 0
      vertex -2.7865 -3.25553 25.2
    endloop
  endfacet
  facet normal -0.740932 -0.67158 0
    outer loop
      vertex -2.88588 -3.12153 0
      vertex -2.99792 -2.99792 25.2
      vertex -2.99792 -2.99792 0
    endloop
  endfacet
  facet normal -0.740932 -0.67158 0
    outer loop
      vertex -2.99792 -2.99792 25.2
      vertex -2.88588 -3.12153 0
      vertex -2.88588 -3.12153 25.2
    endloop
  endfacet
  facet normal -0.857731 -0.514099 0
    outer loop
      vertex -2.70073 -3.39863 0
      vertex -2.7865 -3.25553 25.2
      vertex -2.7865 -3.25553 0
    endloop
  endfacet
  facet normal -0.857731 -0.514099 0
    outer loop
      vertex -2.7865 -3.25553 25.2
      vertex -2.70073 -3.39863 0
      vertex -2.70073 -3.39863 25.2
    endloop
  endfacet
  facet normal -0.146681 -0.989184 0
    outer loop
      vertex -4.03337 -2.50819 0
      vertex -3.86835 -2.53266 25.2
      vertex -4.03337 -2.50819 25.2
    endloop
  endfacet
  facet normal -0.146681 -0.989184 -0
    outer loop
      vertex -3.86835 -2.53266 25.2
      vertex -4.03337 -2.50819 0
      vertex -3.86835 -2.53266 0
    endloop
  endfacet
  facet normal -0.243001 -0.970026 0
    outer loop
      vertex -3.86835 -2.53266 0
      vertex -3.70652 -2.5732 25.2
      vertex -3.86835 -2.53266 25.2
    endloop
  endfacet
  facet normal -0.243001 -0.970026 -0
    outer loop
      vertex -3.70652 -2.5732 25.2
      vertex -3.86835 -2.53266 0
      vertex -3.70652 -2.5732 0
    endloop
  endfacet
  facet normal -0.0490916 -0.998794 0
    outer loop
      vertex -4.2 -2.5 0
      vertex -4.03337 -2.50819 25.2
      vertex -4.2 -2.5 25.2
    endloop
  endfacet
  facet normal -0.0490916 -0.998794 -0
    outer loop
      vertex -4.03337 -2.50819 25.2
      vertex -4.2 -2.5 0
      vertex -4.03337 -2.50819 0
    endloop
  endfacet
  facet normal -0.427566 -0.903984 0
    outer loop
      vertex -3.54944 -2.6294 0
      vertex -3.39863 -2.70073 25.2
      vertex -3.54944 -2.6294 25.2
    endloop
  endfacet
  facet normal -0.427566 -0.903984 -0
    outer loop
      vertex -3.39863 -2.70073 25.2
      vertex -3.54944 -2.6294 0
      vertex -3.39863 -2.70073 0
    endloop
  endfacet
  facet normal -0.595695 -0.803211 0
    outer loop
      vertex -3.25553 -2.7865 0
      vertex -3.12153 -2.88588 25.2
      vertex -3.25553 -2.7865 25.2
    endloop
  endfacet
  facet normal -0.595695 -0.803211 -0
    outer loop
      vertex -3.12153 -2.88588 25.2
      vertex -3.25553 -2.7865 0
      vertex -3.12153 -2.88588 0
    endloop
  endfacet
  facet normal 0.857731 -0.514099 0
    outer loop
      vertex -5.69927 -3.39863 25.2
      vertex -5.6135 -3.25553 0
      vertex -5.6135 -3.25553 25.2
    endloop
  endfacet
  facet normal 0.857731 -0.514099 0
    outer loop
      vertex -5.6135 -3.25553 0
      vertex -5.69927 -3.39863 25.2
      vertex -5.69927 -3.39863 0
    endloop
  endfacet
  facet normal 0.803211 -0.595695 0
    outer loop
      vertex -5.6135 -3.25553 25.2
      vertex -5.51412 -3.12153 0
      vertex -5.51412 -3.12153 25.2
    endloop
  endfacet
  facet normal 0.803211 -0.595695 0
    outer loop
      vertex -5.51412 -3.12153 0
      vertex -5.6135 -3.25553 25.2
      vertex -5.6135 -3.25553 0
    endloop
  endfacet
  facet normal 0.904007 -0.427517 0
    outer loop
      vertex -5.77059 -3.54944 25.2
      vertex -5.69927 -3.39863 0
      vertex -5.69927 -3.39863 25.2
    endloop
  endfacet
  facet normal 0.904007 -0.427517 0
    outer loop
      vertex -5.69927 -3.39863 0
      vertex -5.77059 -3.54944 25.2
      vertex -5.77059 -3.54944 0
    endloop
  endfacet
  facet normal 0.97004 -0.242945 0
    outer loop
      vertex -5.86733 -3.86835 25.2
      vertex -5.8268 -3.70652 0
      vertex -5.8268 -3.70652 25.2
    endloop
  endfacet
  facet normal 0.97004 -0.242945 0
    outer loop
      vertex -5.8268 -3.70652 0
      vertex -5.86733 -3.86835 25.2
      vertex -5.86733 -3.86835 0
    endloop
  endfacet
  facet normal 0.989175 -0.14674 0
    outer loop
      vertex -5.89181 -4.03337 25.2
      vertex -5.86733 -3.86835 0
      vertex -5.86733 -3.86835 25.2
    endloop
  endfacet
  facet normal 0.989175 -0.14674 0
    outer loop
      vertex -5.86733 -3.86835 0
      vertex -5.89181 -4.03337 25.2
      vertex -5.89181 -4.03337 0
    endloop
  endfacet
  facet normal 0.595695 -0.803211 0
    outer loop
      vertex -5.27847 -2.88588 0
      vertex -5.14447 -2.7865 25.2
      vertex -5.27847 -2.88588 25.2
    endloop
  endfacet
  facet normal 0.595695 -0.803211 0
    outer loop
      vertex -5.14447 -2.7865 25.2
      vertex -5.27847 -2.88588 0
      vertex -5.14447 -2.7865 0
    endloop
  endfacet
  facet normal 0.514099 -0.857731 0
    outer loop
      vertex -5.14447 -2.7865 0
      vertex -5.00137 -2.70073 25.2
      vertex -5.14447 -2.7865 25.2
    endloop
  endfacet
  facet normal 0.514099 -0.857731 0
    outer loop
      vertex -5.00137 -2.70073 25.2
      vertex -5.14447 -2.7865 0
      vertex -5.00137 -2.70073 0
    endloop
  endfacet
  facet normal 0.67158 -0.740932 0
    outer loop
      vertex -5.40208 -2.99792 0
      vertex -5.27847 -2.88588 25.2
      vertex -5.40208 -2.99792 25.2
    endloop
  endfacet
  facet normal 0.67158 -0.740932 0
    outer loop
      vertex -5.27847 -2.88588 25.2
      vertex -5.40208 -2.99792 0
      vertex -5.27847 -2.88588 0
    endloop
  endfacet
  facet normal 0.336868 -0.941552 0
    outer loop
      vertex -4.85056 -2.6294 0
      vertex -4.69348 -2.5732 25.2
      vertex -4.85056 -2.6294 25.2
    endloop
  endfacet
  facet normal 0.336868 -0.941552 0
    outer loop
      vertex -4.69348 -2.5732 25.2
      vertex -4.85056 -2.6294 0
      vertex -4.69348 -2.5732 0
    endloop
  endfacet
  facet normal 0.146681 -0.989184 0
    outer loop
      vertex -4.53165 -2.53266 0
      vertex -4.36663 -2.50819 25.2
      vertex -4.53165 -2.53266 25.2
    endloop
  endfacet
  facet normal 0.146681 -0.989184 0
    outer loop
      vertex -4.36663 -2.50819 25.2
      vertex -4.53165 -2.53266 0
      vertex -4.36663 -2.50819 0
    endloop
  endfacet
  facet normal -0.0490916 0.998794 0
    outer loop
      vertex -4.03337 -5.89181 0
      vertex -4.2 -5.9 25.2
      vertex -4.03337 -5.89181 25.2
    endloop
  endfacet
  facet normal -0.0490916 0.998794 0
    outer loop
      vertex -4.2 -5.9 25.2
      vertex -4.03337 -5.89181 0
      vertex -4.2 -5.9 0
    endloop
  endfacet
  facet normal -0.242945 0.97004 0
    outer loop
      vertex -3.70652 -5.8268 0
      vertex -3.86835 -5.86733 25.2
      vertex -3.70652 -5.8268 25.2
    endloop
  endfacet
  facet normal -0.242945 0.97004 0
    outer loop
      vertex -3.86835 -5.86733 25.2
      vertex -3.70652 -5.8268 0
      vertex -3.86835 -5.86733 0
    endloop
  endfacet
  facet normal -0.67158 0.740932 0
    outer loop
      vertex -2.99792 -5.40208 0
      vertex -3.12153 -5.51412 25.2
      vertex -2.99792 -5.40208 25.2
    endloop
  endfacet
  facet normal -0.67158 0.740932 0
    outer loop
      vertex -3.12153 -5.51412 25.2
      vertex -2.99792 -5.40208 0
      vertex -3.12153 -5.51412 0
    endloop
  endfacet
  facet normal -0.803211 0.595695 0
    outer loop
      vertex -2.88588 -5.27847 0
      vertex -2.7865 -5.14447 25.2
      vertex -2.7865 -5.14447 0
    endloop
  endfacet
  facet normal -0.803211 0.595695 0
    outer loop
      vertex -2.7865 -5.14447 25.2
      vertex -2.88588 -5.27847 0
      vertex -2.88588 -5.27847 25.2
    endloop
  endfacet
  facet normal -0.903984 0.427566 0
    outer loop
      vertex -2.70073 -5.00137 0
      vertex -2.6294 -4.85056 25.2
      vertex -2.6294 -4.85056 0
    endloop
  endfacet
  facet normal -0.903984 0.427566 0
    outer loop
      vertex -2.6294 -4.85056 25.2
      vertex -2.70073 -5.00137 0
      vertex -2.70073 -5.00137 25.2
    endloop
  endfacet
  facet normal 0.67158 0.740932 -0
    outer loop
      vertex -5.27847 -5.51412 0
      vertex -5.40208 -5.40208 25.2
      vertex -5.27847 -5.51412 25.2
    endloop
  endfacet
  facet normal 0.67158 0.740932 0
    outer loop
      vertex -5.40208 -5.40208 25.2
      vertex -5.27847 -5.51412 0
      vertex -5.40208 -5.40208 0
    endloop
  endfacet
  facet normal 0.514099 0.857731 -0
    outer loop
      vertex -5.00137 -5.69927 0
      vertex -5.14447 -5.6135 25.2
      vertex -5.00137 -5.69927 25.2
    endloop
  endfacet
  facet normal 0.514099 0.857731 0
    outer loop
      vertex -5.14447 -5.6135 25.2
      vertex -5.00137 -5.69927 0
      vertex -5.14447 -5.6135 0
    endloop
  endfacet
  facet normal 0.336921 0.941533 -0
    outer loop
      vertex -4.69348 -5.8268 0
      vertex -4.85056 -5.77059 25.2
      vertex -4.69348 -5.8268 25.2
    endloop
  endfacet
  facet normal 0.336921 0.941533 0
    outer loop
      vertex -4.85056 -5.77059 25.2
      vertex -4.69348 -5.8268 0
      vertex -4.85056 -5.77059 0
    endloop
  endfacet
  facet normal 0.14674 0.989175 -0
    outer loop
      vertex -4.36663 -5.89181 0
      vertex -4.53165 -5.86733 25.2
      vertex -4.36663 -5.89181 25.2
    endloop
  endfacet
  facet normal 0.14674 0.989175 0
    outer loop
      vertex -4.53165 -5.86733 25.2
      vertex -4.36663 -5.89181 0
      vertex -4.53165 -5.86733 0
    endloop
  endfacet
  facet normal 0.904007 0.427517 0
    outer loop
      vertex -5.69927 -5.00137 25.2
      vertex -5.77059 -4.85056 0
      vertex -5.77059 -4.85056 25.2
    endloop
  endfacet
  facet normal 0.904007 0.427517 0
    outer loop
      vertex -5.77059 -4.85056 0
      vertex -5.69927 -5.00137 25.2
      vertex -5.69927 -5.00137 0
    endloop
  endfacet
  facet normal 0.803211 0.595695 0
    outer loop
      vertex -5.51412 -5.27847 25.2
      vertex -5.6135 -5.14447 0
      vertex -5.6135 -5.14447 25.2
    endloop
  endfacet
  facet normal 0.803211 0.595695 0
    outer loop
      vertex -5.6135 -5.14447 0
      vertex -5.51412 -5.27847 25.2
      vertex -5.51412 -5.27847 0
    endloop
  endfacet
  facet normal 0.97004 0.242945 0
    outer loop
      vertex -5.8268 -4.69348 25.2
      vertex -5.86733 -4.53165 0
      vertex -5.86733 -4.53165 25.2
    endloop
  endfacet
  facet normal 0.97004 0.242945 0
    outer loop
      vertex -5.86733 -4.53165 0
      vertex -5.8268 -4.69348 25.2
      vertex -5.8268 -4.69348 0
    endloop
  endfacet
  facet normal 0.998794 0.0490916 0
    outer loop
      vertex -5.89181 -4.36663 25.2
      vertex -5.9 -4.2 0
      vertex -5.9 -4.2 25.2
    endloop
  endfacet
  facet normal 0.998794 0.0490916 0
    outer loop
      vertex -5.9 -4.2 0
      vertex -5.89181 -4.36663 25.2
      vertex -5.89181 -4.36663 0
    endloop
  endfacet
  facet normal -0.14674 0.989175 0
    outer loop
      vertex -3.86835 -5.86733 0
      vertex -4.03337 -5.89181 25.2
      vertex -3.86835 -5.86733 25.2
    endloop
  endfacet
  facet normal -0.14674 0.989175 0
    outer loop
      vertex -4.03337 -5.89181 25.2
      vertex -3.86835 -5.86733 0
      vertex -4.03337 -5.89181 0
    endloop
  endfacet
  facet normal -0.336921 0.941533 0
    outer loop
      vertex -3.54944 -5.77059 0
      vertex -3.70652 -5.8268 25.2
      vertex -3.54944 -5.77059 25.2
    endloop
  endfacet
  facet normal -0.336921 0.941533 0
    outer loop
      vertex -3.70652 -5.8268 25.2
      vertex -3.54944 -5.77059 0
      vertex -3.70652 -5.8268 0
    endloop
  endfacet
  facet normal -0.740932 0.67158 0
    outer loop
      vertex -2.99792 -5.40208 0
      vertex -2.88588 -5.27847 25.2
      vertex -2.88588 -5.27847 0
    endloop
  endfacet
  facet normal -0.740932 0.67158 0
    outer loop
      vertex -2.88588 -5.27847 25.2
      vertex -2.99792 -5.40208 0
      vertex -2.99792 -5.40208 25.2
    endloop
  endfacet
  facet normal -0.595695 0.803211 0
    outer loop
      vertex -3.12153 -5.51412 0
      vertex -3.25553 -5.6135 25.2
      vertex -3.12153 -5.51412 25.2
    endloop
  endfacet
  facet normal -0.595695 0.803211 0
    outer loop
      vertex -3.25553 -5.6135 25.2
      vertex -3.12153 -5.51412 0
      vertex -3.25553 -5.6135 0
    endloop
  endfacet
  facet normal -0.427517 0.904007 0
    outer loop
      vertex -3.39863 -5.69927 0
      vertex -3.54944 -5.77059 25.2
      vertex -3.39863 -5.69927 25.2
    endloop
  endfacet
  facet normal -0.427517 0.904007 0
    outer loop
      vertex -3.54944 -5.77059 25.2
      vertex -3.39863 -5.69927 0
      vertex -3.54944 -5.77059 0
    endloop
  endfacet
  facet normal -0.857731 0.514099 0
    outer loop
      vertex -2.7865 -5.14447 0
      vertex -2.70073 -5.00137 25.2
      vertex -2.70073 -5.00137 0
    endloop
  endfacet
  facet normal -0.857731 0.514099 0
    outer loop
      vertex -2.70073 -5.00137 25.2
      vertex -2.7865 -5.14447 0
      vertex -2.7865 -5.14447 25.2
    endloop
  endfacet
  facet normal -0.989184 0.146681 0
    outer loop
      vertex -2.53266 -4.53165 0
      vertex -2.50819 -4.36663 25.2
      vertex -2.50819 -4.36663 0
    endloop
  endfacet
  facet normal -0.989184 0.146681 0
    outer loop
      vertex -2.50819 -4.36663 25.2
      vertex -2.53266 -4.53165 0
      vertex -2.53266 -4.53165 25.2
    endloop
  endfacet
  facet normal 0.595695 0.803211 -0
    outer loop
      vertex -5.14447 -5.6135 0
      vertex -5.27847 -5.51412 25.2
      vertex -5.14447 -5.6135 25.2
    endloop
  endfacet
  facet normal 0.595695 0.803211 0
    outer loop
      vertex -5.27847 -5.51412 25.2
      vertex -5.14447 -5.6135 0
      vertex -5.27847 -5.51412 0
    endloop
  endfacet
  facet normal 0.427517 0.904007 -0
    outer loop
      vertex -4.85056 -5.77059 0
      vertex -5.00137 -5.69927 25.2
      vertex -4.85056 -5.77059 25.2
    endloop
  endfacet
  facet normal 0.427517 0.904007 0
    outer loop
      vertex -5.00137 -5.69927 25.2
      vertex -4.85056 -5.77059 0
      vertex -5.00137 -5.69927 0
    endloop
  endfacet
  facet normal 0.242945 0.97004 -0
    outer loop
      vertex -4.53165 -5.86733 0
      vertex -4.69348 -5.8268 25.2
      vertex -4.53165 -5.86733 25.2
    endloop
  endfacet
  facet normal 0.242945 0.97004 0
    outer loop
      vertex -4.69348 -5.8268 25.2
      vertex -4.53165 -5.86733 0
      vertex -4.69348 -5.8268 0
    endloop
  endfacet
  facet normal 0.857731 0.514099 0
    outer loop
      vertex -5.6135 -5.14447 25.2
      vertex -5.69927 -5.00137 0
      vertex -5.69927 -5.00137 25.2
    endloop
  endfacet
  facet normal 0.857731 0.514099 0
    outer loop
      vertex -5.69927 -5.00137 0
      vertex -5.6135 -5.14447 25.2
      vertex -5.6135 -5.14447 0
    endloop
  endfacet
  facet normal 0.740932 0.67158 0
    outer loop
      vertex -5.40208 -5.40208 25.2
      vertex -5.51412 -5.27847 0
      vertex -5.51412 -5.27847 25.2
    endloop
  endfacet
  facet normal 0.740932 0.67158 0
    outer loop
      vertex -5.51412 -5.27847 0
      vertex -5.40208 -5.40208 25.2
      vertex -5.40208 -5.40208 0
    endloop
  endfacet
  facet normal 0.941533 0.336921 0
    outer loop
      vertex -5.77059 -4.85056 25.2
      vertex -5.8268 -4.69348 0
      vertex -5.8268 -4.69348 25.2
    endloop
  endfacet
  facet normal 0.941533 0.336921 0
    outer loop
      vertex -5.8268 -4.69348 0
      vertex -5.77059 -4.85056 25.2
      vertex -5.77059 -4.85056 0
    endloop
  endfacet
  facet normal 0.989175 0.14674 0
    outer loop
      vertex -5.86733 -4.53165 25.2
      vertex -5.89181 -4.36663 0
      vertex -5.89181 -4.36663 25.2
    endloop
  endfacet
  facet normal 0.989175 0.14674 0
    outer loop
      vertex -5.89181 -4.36663 0
      vertex -5.86733 -4.53165 25.2
      vertex -5.86733 -4.53165 0
    endloop
  endfacet
  facet normal -0.514099 0.857731 0
    outer loop
      vertex -3.25553 -5.6135 0
      vertex -3.39863 -5.69927 25.2
      vertex -3.25553 -5.6135 25.2
    endloop
  endfacet
  facet normal -0.514099 0.857731 0
    outer loop
      vertex -3.39863 -5.69927 25.2
      vertex -3.25553 -5.6135 0
      vertex -3.39863 -5.69927 0
    endloop
  endfacet
  facet normal -0.998794 0.0490916 0
    outer loop
      vertex -2.50819 -4.36663 0
      vertex -2.5 -4.2 25.2
      vertex -2.5 -4.2 0
    endloop
  endfacet
  facet normal -0.998794 0.0490916 0
    outer loop
      vertex -2.5 -4.2 25.2
      vertex -2.50819 -4.36663 0
      vertex -2.50819 -4.36663 25.2
    endloop
  endfacet
  facet normal -0.998791 -0.0491513 0
    outer loop
      vertex 91.167 -4.2 0
      vertex 91.1588 -4.03337 25.2
      vertex 91.1588 -4.03337 0
    endloop
  endfacet
  facet normal -0.998791 -0.0491513 0
    outer loop
      vertex 91.1588 -4.03337 25.2
      vertex 91.167 -4.2 0
      vertex 91.167 -4.2 25.2
    endloop
  endfacet
  facet normal 0.998791 -0.0491513 0
    outer loop
      vertex 87.767 -4.2 25.2
      vertex 87.7752 -4.03337 0
      vertex 87.7752 -4.03337 25.2
    endloop
  endfacet
  facet normal 0.998791 -0.0491513 0
    outer loop
      vertex 87.7752 -4.03337 0
      vertex 87.767 -4.2 25.2
      vertex 87.767 -4.2 0
    endloop
  endfacet
  facet normal 0.0491004 -0.998794 0
    outer loop
      vertex 89.3004 -2.50819 0
      vertex 89.467 -2.5 25.2
      vertex 89.3004 -2.50819 25.2
    endloop
  endfacet
  facet normal 0.0491004 -0.998794 0
    outer loop
      vertex 89.467 -2.5 25.2
      vertex 89.3004 -2.50819 0
      vertex 89.467 -2.5 0
    endloop
  endfacet
  facet normal -0.67161 -0.740905 0
    outer loop
      vertex 90.5455 -2.88588 0
      vertex 90.6691 -2.99792 25.2
      vertex 90.5455 -2.88588 25.2
    endloop
  endfacet
  facet normal -0.67161 -0.740905 -0
    outer loop
      vertex 90.6691 -2.99792 25.2
      vertex 90.5455 -2.88588 0
      vertex 90.6691 -2.99792 0
    endloop
  endfacet
  facet normal 0.741051 -0.671448 0
    outer loop
      vertex 88.1529 -3.12153 25.2
      vertex 88.2649 -2.99792 0
      vertex 88.2649 -2.99792 25.2
    endloop
  endfacet
  facet normal 0.741051 -0.671448 0
    outer loop
      vertex 88.2649 -2.99792 0
      vertex 88.1529 -3.12153 25.2
      vertex 88.1529 -3.12153 0
    endloop
  endfacet
  facet normal 0.427589 -0.903973 0
    outer loop
      vertex 88.6656 -2.70073 0
      vertex 88.8164 -2.6294 25.2
      vertex 88.6656 -2.70073 25.2
    endloop
  endfacet
  facet normal 0.427589 -0.903973 0
    outer loop
      vertex 88.8164 -2.6294 25.2
      vertex 88.6656 -2.70073 0
      vertex 88.8164 -2.6294 0
    endloop
  endfacet
  facet normal 0.970083 0.242775 0
    outer loop
      vertex 87.8402 -4.69348 25.2
      vertex 87.7997 -4.53165 0
      vertex 87.7997 -4.53165 25.2
    endloop
  endfacet
  facet normal 0.970083 0.242775 0
    outer loop
      vertex 87.7997 -4.53165 0
      vertex 87.8402 -4.69348 25.2
      vertex 87.8402 -4.69348 0
    endloop
  endfacet
  facet normal -0.904054 -0.427419 0
    outer loop
      vertex 91.0376 -3.54944 0
      vertex 90.9663 -3.39863 25.2
      vertex 90.9663 -3.39863 0
    endloop
  endfacet
  facet normal -0.904054 -0.427419 0
    outer loop
      vertex 90.9663 -3.39863 25.2
      vertex 91.0376 -3.54944 0
      vertex 91.0376 -3.54944 25.2
    endloop
  endfacet
  facet normal -0.33683 -0.941566 0
    outer loop
      vertex 89.9605 -2.5732 0
      vertex 90.1176 -2.6294 25.2
      vertex 89.9605 -2.5732 25.2
    endloop
  endfacet
  facet normal -0.33683 -0.941566 -0
    outer loop
      vertex 90.1176 -2.6294 25.2
      vertex 89.9605 -2.5732 0
      vertex 90.1176 -2.6294 0
    endloop
  endfacet
  facet normal 0.857652 -0.514231 0
    outer loop
      vertex 87.9677 -3.39863 25.2
      vertex 88.0535 -3.25553 0
      vertex 88.0535 -3.25553 25.2
    endloop
  endfacet
  facet normal 0.857652 -0.514231 0
    outer loop
      vertex 88.0535 -3.25553 0
      vertex 87.9677 -3.39863 25.2
      vertex 87.9677 -3.39863 0
    endloop
  endfacet
  facet normal 0.803154 -0.595772 0
    outer loop
      vertex 88.0535 -3.25553 25.2
      vertex 88.1529 -3.12153 0
      vertex 88.1529 -3.12153 25.2
    endloop
  endfacet
  facet normal 0.803154 -0.595772 0
    outer loop
      vertex 88.1529 -3.12153 0
      vertex 88.0535 -3.25553 25.2
      vertex 88.0535 -3.25553 0
    endloop
  endfacet
  facet normal 0.243043 -0.970015 0
    outer loop
      vertex 88.9735 -2.5732 0
      vertex 89.1353 -2.53266 25.2
      vertex 88.9735 -2.5732 25.2
    endloop
  endfacet
  facet normal 0.243043 -0.970015 0
    outer loop
      vertex 89.1353 -2.53266 25.2
      vertex 88.9735 -2.5732 0
      vertex 89.1353 -2.53266 0
    endloop
  endfacet
  facet normal -0.904054 0.427419 0
    outer loop
      vertex 90.9663 -5.00137 0
      vertex 91.0376 -4.85056 25.2
      vertex 91.0376 -4.85056 0
    endloop
  endfacet
  facet normal -0.904054 0.427419 0
    outer loop
      vertex 91.0376 -4.85056 25.2
      vertex 90.9663 -5.00137 0
      vertex 90.9663 -5.00137 25.2
    endloop
  endfacet
  facet normal -0.336883 0.941546 0
    outer loop
      vertex 90.1176 -5.77059 0
      vertex 89.9605 -5.8268 25.2
      vertex 90.1176 -5.77059 25.2
    endloop
  endfacet
  facet normal -0.336883 0.941546 0
    outer loop
      vertex 89.9605 -5.8268 25.2
      vertex 90.1176 -5.77059 0
      vertex 89.9605 -5.8268 0
    endloop
  endfacet
  facet normal -0.741051 0.671448 0
    outer loop
      vertex 90.6691 -5.40208 0
      vertex 90.7811 -5.27847 25.2
      vertex 90.7811 -5.27847 0
    endloop
  endfacet
  facet normal -0.741051 0.671448 0
    outer loop
      vertex 90.7811 -5.27847 25.2
      vertex 90.6691 -5.40208 0
      vertex 90.6691 -5.40208 25.2
    endloop
  endfacet
  facet normal -0.970083 0.242775 0
    outer loop
      vertex 91.0938 -4.69348 0
      vertex 91.1343 -4.53165 25.2
      vertex 91.1343 -4.53165 0
    endloop
  endfacet
  facet normal -0.970083 0.242775 0
    outer loop
      vertex 91.1343 -4.53165 25.2
      vertex 91.0938 -4.69348 0
      vertex 91.0938 -4.69348 25.2
    endloop
  endfacet
  facet normal 0.336883 0.941546 -0
    outer loop
      vertex 88.9735 -5.8268 0
      vertex 88.8164 -5.77059 25.2
      vertex 88.9735 -5.8268 25.2
    endloop
  endfacet
  facet normal 0.336883 0.941546 0
    outer loop
      vertex 88.8164 -5.77059 25.2
      vertex 88.9735 -5.8268 0
      vertex 88.8164 -5.77059 0
    endloop
  endfacet
  facet normal 0.741051 0.671448 0
    outer loop
      vertex 88.2649 -5.40208 25.2
      vertex 88.1529 -5.27847 0
      vertex 88.1529 -5.27847 25.2
    endloop
  endfacet
  facet normal 0.741051 0.671448 0
    outer loop
      vertex 88.1529 -5.27847 0
      vertex 88.2649 -5.40208 25.2
      vertex 88.2649 -5.40208 0
    endloop
  endfacet
  facet normal 0.803154 0.595772 0
    outer loop
      vertex 88.1529 -5.27847 25.2
      vertex 88.0535 -5.14447 0
      vertex 88.0535 -5.14447 25.2
    endloop
  endfacet
  facet normal 0.803154 0.595772 0
    outer loop
      vertex 88.0535 -5.14447 0
      vertex 88.1529 -5.27847 25.2
      vertex 88.1529 -5.27847 0
    endloop
  endfacet
  facet normal -0.970083 -0.242775 0
    outer loop
      vertex 91.1343 -3.86835 0
      vertex 91.0938 -3.70652 25.2
      vertex 91.0938 -3.70652 0
    endloop
  endfacet
  facet normal -0.970083 -0.242775 0
    outer loop
      vertex 91.0938 -3.70652 25.2
      vertex 91.1343 -3.86835 0
      vertex 91.1343 -3.86835 25.2
    endloop
  endfacet
  facet normal -0.989158 -0.146857 0
    outer loop
      vertex 91.1588 -4.03337 0
      vertex 91.1343 -3.86835 25.2
      vertex 91.1343 -3.86835 0
    endloop
  endfacet
  facet normal -0.989158 -0.146857 0
    outer loop
      vertex 91.1343 -3.86835 25.2
      vertex 91.1588 -4.03337 0
      vertex 91.1588 -4.03337 25.2
    endloop
  endfacet
  facet normal -0.941552 -0.336868 0
    outer loop
      vertex 91.0938 -3.70652 0
      vertex 91.0376 -3.54944 25.2
      vertex 91.0376 -3.54944 0
    endloop
  endfacet
  facet normal -0.941552 -0.336868 0
    outer loop
      vertex 91.0376 -3.54944 25.2
      vertex 91.0938 -3.70652 0
      vertex 91.0938 -3.70652 25.2
    endloop
  endfacet
  facet normal -0.803154 -0.595772 0
    outer loop
      vertex 90.8805 -3.25553 0
      vertex 90.7811 -3.12153 25.2
      vertex 90.7811 -3.12153 0
    endloop
  endfacet
  facet normal -0.803154 -0.595772 0
    outer loop
      vertex 90.7811 -3.12153 25.2
      vertex 90.8805 -3.25553 0
      vertex 90.8805 -3.25553 25.2
    endloop
  endfacet
  facet normal -0.857652 -0.514231 0
    outer loop
      vertex 90.9663 -3.39863 0
      vertex 90.8805 -3.25553 25.2
      vertex 90.8805 -3.25553 0
    endloop
  endfacet
  facet normal -0.857652 -0.514231 0
    outer loop
      vertex 90.8805 -3.25553 25.2
      vertex 90.9663 -3.39863 0
      vertex 90.9663 -3.39863 25.2
    endloop
  endfacet
  facet normal -0.146612 -0.989194 0
    outer loop
      vertex 89.6336 -2.50819 0
      vertex 89.7987 -2.53266 25.2
      vertex 89.6336 -2.50819 25.2
    endloop
  endfacet
  facet normal -0.146612 -0.989194 -0
    outer loop
      vertex 89.7987 -2.53266 25.2
      vertex 89.6336 -2.50819 0
      vertex 89.7987 -2.53266 0
    endloop
  endfacet
  facet normal -0.243043 -0.970015 0
    outer loop
      vertex 89.7987 -2.53266 0
      vertex 89.9605 -2.5732 25.2
      vertex 89.7987 -2.53266 25.2
    endloop
  endfacet
  facet normal -0.243043 -0.970015 -0
    outer loop
      vertex 89.9605 -2.5732 25.2
      vertex 89.7987 -2.53266 0
      vertex 89.9605 -2.5732 0
    endloop
  endfacet
  facet normal -0.0491004 -0.998794 0
    outer loop
      vertex 89.467 -2.5 0
      vertex 89.6336 -2.50819 25.2
      vertex 89.467 -2.5 25.2
    endloop
  endfacet
  facet normal -0.0491004 -0.998794 -0
    outer loop
      vertex 89.6336 -2.50819 25.2
      vertex 89.467 -2.5 0
      vertex 89.6336 -2.50819 0
    endloop
  endfacet
  facet normal -0.514099 -0.857731 0
    outer loop
      vertex 90.2684 -2.70073 0
      vertex 90.4115 -2.7865 25.2
      vertex 90.2684 -2.70073 25.2
    endloop
  endfacet
  facet normal -0.514099 -0.857731 -0
    outer loop
      vertex 90.4115 -2.7865 25.2
      vertex 90.2684 -2.70073 0
      vertex 90.4115 -2.7865 0
    endloop
  endfacet
  facet normal -0.595695 -0.803211 0
    outer loop
      vertex 90.4115 -2.7865 0
      vertex 90.5455 -2.88588 25.2
      vertex 90.4115 -2.7865 25.2
    endloop
  endfacet
  facet normal -0.595695 -0.803211 -0
    outer loop
      vertex 90.5455 -2.88588 25.2
      vertex 90.4115 -2.7865 0
      vertex 90.5455 -2.88588 0
    endloop
  endfacet
  facet normal 0.970083 -0.242775 0
    outer loop
      vertex 87.7997 -3.86835 25.2
      vertex 87.8402 -3.70652 0
      vertex 87.8402 -3.70652 25.2
    endloop
  endfacet
  facet normal 0.970083 -0.242775 0
    outer loop
      vertex 87.8402 -3.70652 0
      vertex 87.7997 -3.86835 25.2
      vertex 87.7997 -3.86835 0
    endloop
  endfacet
  facet normal 0.904054 -0.427419 0
    outer loop
      vertex 87.8964 -3.54944 25.2
      vertex 87.9677 -3.39863 0
      vertex 87.9677 -3.39863 25.2
    endloop
  endfacet
  facet normal 0.904054 -0.427419 0
    outer loop
      vertex 87.9677 -3.39863 0
      vertex 87.8964 -3.54944 25.2
      vertex 87.8964 -3.54944 0
    endloop
  endfacet
  facet normal 0.941552 -0.336868 0
    outer loop
      vertex 87.8402 -3.70652 25.2
      vertex 87.8964 -3.54944 0
      vertex 87.8964 -3.54944 25.2
    endloop
  endfacet
  facet normal 0.941552 -0.336868 0
    outer loop
      vertex 87.8964 -3.54944 0
      vertex 87.8402 -3.70652 25.2
      vertex 87.8402 -3.70652 0
    endloop
  endfacet
  facet normal 0.989158 -0.146857 0
    outer loop
      vertex 87.7752 -4.03337 25.2
      vertex 87.7997 -3.86835 0
      vertex 87.7997 -3.86835 25.2
    endloop
  endfacet
  facet normal 0.989158 -0.146857 0
    outer loop
      vertex 87.7997 -3.86835 0
      vertex 87.7752 -4.03337 25.2
      vertex 87.7752 -4.03337 0
    endloop
  endfacet
  facet normal 0.514099 -0.857731 0
    outer loop
      vertex 88.5225 -2.7865 0
      vertex 88.6656 -2.70073 25.2
      vertex 88.5225 -2.7865 25.2
    endloop
  endfacet
  facet normal 0.514099 -0.857731 0
    outer loop
      vertex 88.6656 -2.70073 25.2
      vertex 88.5225 -2.7865 0
      vertex 88.6656 -2.70073 0
    endloop
  endfacet
  facet normal 0.595695 -0.803211 0
    outer loop
      vertex 88.3885 -2.88588 0
      vertex 88.5225 -2.7865 25.2
      vertex 88.3885 -2.88588 25.2
    endloop
  endfacet
  facet normal 0.595695 -0.803211 0
    outer loop
      vertex 88.5225 -2.7865 25.2
      vertex 88.3885 -2.88588 0
      vertex 88.5225 -2.7865 0
    endloop
  endfacet
  facet normal 0.67161 -0.740905 0
    outer loop
      vertex 88.2649 -2.99792 0
      vertex 88.3885 -2.88588 25.2
      vertex 88.2649 -2.99792 25.2
    endloop
  endfacet
  facet normal 0.67161 -0.740905 0
    outer loop
      vertex 88.3885 -2.88588 25.2
      vertex 88.2649 -2.99792 0
      vertex 88.3885 -2.88588 0
    endloop
  endfacet
  facet normal 0.33683 -0.941566 0
    outer loop
      vertex 88.8164 -2.6294 0
      vertex 88.9735 -2.5732 25.2
      vertex 88.8164 -2.6294 25.2
    endloop
  endfacet
  facet normal 0.33683 -0.941566 0
    outer loop
      vertex 88.9735 -2.5732 25.2
      vertex 88.8164 -2.6294 0
      vertex 88.9735 -2.5732 0
    endloop
  endfacet
  facet normal 0.146612 -0.989194 0
    outer loop
      vertex 89.1353 -2.53266 0
      vertex 89.3004 -2.50819 25.2
      vertex 89.1353 -2.53266 25.2
    endloop
  endfacet
  facet normal 0.146612 -0.989194 0
    outer loop
      vertex 89.3004 -2.50819 25.2
      vertex 89.1353 -2.53266 0
      vertex 89.3004 -2.50819 0
    endloop
  endfacet
  facet normal -0.0491004 0.998794 0
    outer loop
      vertex 89.6336 -5.89181 0
      vertex 89.467 -5.9 25.2
      vertex 89.6336 -5.89181 25.2
    endloop
  endfacet
  facet normal -0.0491004 0.998794 0
    outer loop
      vertex 89.467 -5.9 25.2
      vertex 89.6336 -5.89181 0
      vertex 89.467 -5.9 0
    endloop
  endfacet
  facet normal -0.514099 0.857731 0
    outer loop
      vertex 90.4115 -5.6135 0
      vertex 90.2684 -5.69927 25.2
      vertex 90.4115 -5.6135 25.2
    endloop
  endfacet
  facet normal -0.514099 0.857731 0
    outer loop
      vertex 90.2684 -5.69927 25.2
      vertex 90.4115 -5.6135 0
      vertex 90.2684 -5.69927 0
    endloop
  endfacet
  facet normal -0.67161 0.740905 0
    outer loop
      vertex 90.6691 -5.40208 0
      vertex 90.5455 -5.51412 25.2
      vertex 90.6691 -5.40208 25.2
    endloop
  endfacet
  facet normal -0.67161 0.740905 0
    outer loop
      vertex 90.5455 -5.51412 25.2
      vertex 90.6691 -5.40208 0
      vertex 90.5455 -5.51412 0
    endloop
  endfacet
  facet normal -0.595695 0.803211 0
    outer loop
      vertex 90.5455 -5.51412 0
      vertex 90.4115 -5.6135 25.2
      vertex 90.5455 -5.51412 25.2
    endloop
  endfacet
  facet normal -0.595695 0.803211 0
    outer loop
      vertex 90.4115 -5.6135 25.2
      vertex 90.5455 -5.51412 0
      vertex 90.4115 -5.6135 0
    endloop
  endfacet
  facet normal -0.803154 0.595772 0
    outer loop
      vertex 90.7811 -5.27847 0
      vertex 90.8805 -5.14447 25.2
      vertex 90.8805 -5.14447 0
    endloop
  endfacet
  facet normal -0.803154 0.595772 0
    outer loop
      vertex 90.8805 -5.14447 25.2
      vertex 90.7811 -5.27847 0
      vertex 90.7811 -5.27847 25.2
    endloop
  endfacet
  facet normal -0.857652 0.514231 0
    outer loop
      vertex 90.8805 -5.14447 0
      vertex 90.9663 -5.00137 25.2
      vertex 90.9663 -5.00137 0
    endloop
  endfacet
  facet normal -0.857652 0.514231 0
    outer loop
      vertex 90.9663 -5.00137 25.2
      vertex 90.8805 -5.14447 0
      vertex 90.8805 -5.14447 25.2
    endloop
  endfacet
  facet normal 0.67161 0.740905 -0
    outer loop
      vertex 88.3885 -5.51412 0
      vertex 88.2649 -5.40208 25.2
      vertex 88.3885 -5.51412 25.2
    endloop
  endfacet
  facet normal 0.67161 0.740905 0
    outer loop
      vertex 88.2649 -5.40208 25.2
      vertex 88.3885 -5.51412 0
      vertex 88.2649 -5.40208 0
    endloop
  endfacet
  facet normal 0.595695 0.803211 -0
    outer loop
      vertex 88.5225 -5.6135 0
      vertex 88.3885 -5.51412 25.2
      vertex 88.5225 -5.6135 25.2
    endloop
  endfacet
  facet normal 0.595695 0.803211 0
    outer loop
      vertex 88.3885 -5.51412 25.2
      vertex 88.5225 -5.6135 0
      vertex 88.3885 -5.51412 0
    endloop
  endfacet
  facet normal 0.514099 0.857731 -0
    outer loop
      vertex 88.6656 -5.69927 0
      vertex 88.5225 -5.6135 25.2
      vertex 88.6656 -5.69927 25.2
    endloop
  endfacet
  facet normal 0.514099 0.857731 0
    outer loop
      vertex 88.5225 -5.6135 25.2
      vertex 88.6656 -5.69927 0
      vertex 88.5225 -5.6135 0
    endloop
  endfacet
  facet normal 0.14667 0.989185 -0
    outer loop
      vertex 89.3004 -5.89181 0
      vertex 89.1353 -5.86733 25.2
      vertex 89.3004 -5.89181 25.2
    endloop
  endfacet
  facet normal 0.14667 0.989185 0
    outer loop
      vertex 89.1353 -5.86733 25.2
      vertex 89.3004 -5.89181 0
      vertex 89.1353 -5.86733 0
    endloop
  endfacet
  facet normal 0.904054 0.427419 0
    outer loop
      vertex 87.9677 -5.00137 25.2
      vertex 87.8964 -4.85056 0
      vertex 87.8964 -4.85056 25.2
    endloop
  endfacet
  facet normal 0.904054 0.427419 0
    outer loop
      vertex 87.8964 -4.85056 0
      vertex 87.9677 -5.00137 25.2
      vertex 87.9677 -5.00137 0
    endloop
  endfacet
  facet normal 0.998791 0.0491513 0
    outer loop
      vertex 87.7752 -4.36663 25.2
      vertex 87.767 -4.2 0
      vertex 87.767 -4.2 25.2
    endloop
  endfacet
  facet normal 0.998791 0.0491513 0
    outer loop
      vertex 87.767 -4.2 0
      vertex 87.7752 -4.36663 25.2
      vertex 87.7752 -4.36663 0
    endloop
  endfacet
  facet normal -0.741051 -0.671448 0
    outer loop
      vertex 90.7811 -3.12153 0
      vertex 90.6691 -2.99792 25.2
      vertex 90.6691 -2.99792 0
    endloop
  endfacet
  facet normal -0.741051 -0.671448 0
    outer loop
      vertex 90.6691 -2.99792 25.2
      vertex 90.7811 -3.12153 0
      vertex 90.7811 -3.12153 25.2
    endloop
  endfacet
  facet normal -0.427589 -0.903973 0
    outer loop
      vertex 90.1176 -2.6294 0
      vertex 90.2684 -2.70073 25.2
      vertex 90.1176 -2.6294 25.2
    endloop
  endfacet
  facet normal -0.427589 -0.903973 -0
    outer loop
      vertex 90.2684 -2.70073 25.2
      vertex 90.1176 -2.6294 0
      vertex 90.2684 -2.70073 0
    endloop
  endfacet
  facet normal -0.242987 0.97003 0
    outer loop
      vertex 89.9605 -5.8268 0
      vertex 89.7987 -5.86733 25.2
      vertex 89.9605 -5.8268 25.2
    endloop
  endfacet
  facet normal -0.242987 0.97003 0
    outer loop
      vertex 89.7987 -5.86733 25.2
      vertex 89.9605 -5.8268 0
      vertex 89.7987 -5.86733 0
    endloop
  endfacet
  facet normal -0.14667 0.989185 0
    outer loop
      vertex 89.7987 -5.86733 0
      vertex 89.6336 -5.89181 25.2
      vertex 89.7987 -5.86733 25.2
    endloop
  endfacet
  facet normal -0.14667 0.989185 0
    outer loop
      vertex 89.6336 -5.89181 25.2
      vertex 89.7987 -5.86733 0
      vertex 89.6336 -5.89181 0
    endloop
  endfacet
  facet normal -0.42754 0.903996 0
    outer loop
      vertex 90.2684 -5.69927 0
      vertex 90.1176 -5.77059 25.2
      vertex 90.2684 -5.69927 25.2
    endloop
  endfacet
  facet normal -0.42754 0.903996 0
    outer loop
      vertex 90.1176 -5.77059 25.2
      vertex 90.2684 -5.69927 0
      vertex 90.1176 -5.77059 0
    endloop
  endfacet
  facet normal -0.941552 0.336868 0
    outer loop
      vertex 91.0376 -4.85056 0
      vertex 91.0938 -4.69348 25.2
      vertex 91.0938 -4.69348 0
    endloop
  endfacet
  facet normal -0.941552 0.336868 0
    outer loop
      vertex 91.0938 -4.69348 25.2
      vertex 91.0376 -4.85056 0
      vertex 91.0376 -4.85056 25.2
    endloop
  endfacet
  facet normal -0.989158 0.146857 0
    outer loop
      vertex 91.1343 -4.53165 0
      vertex 91.1588 -4.36663 25.2
      vertex 91.1588 -4.36663 0
    endloop
  endfacet
  facet normal -0.989158 0.146857 0
    outer loop
      vertex 91.1588 -4.36663 25.2
      vertex 91.1343 -4.53165 0
      vertex 91.1343 -4.53165 25.2
    endloop
  endfacet
  facet normal -0.998791 0.0491513 0
    outer loop
      vertex 91.1588 -4.36663 0
      vertex 91.167 -4.2 25.2
      vertex 91.167 -4.2 0
    endloop
  endfacet
  facet normal -0.998791 0.0491513 0
    outer loop
      vertex 91.167 -4.2 25.2
      vertex 91.1588 -4.36663 0
      vertex 91.1588 -4.36663 25.2
    endloop
  endfacet
  facet normal 0.42754 0.903996 -0
    outer loop
      vertex 88.8164 -5.77059 0
      vertex 88.6656 -5.69927 25.2
      vertex 88.8164 -5.77059 25.2
    endloop
  endfacet
  facet normal 0.42754 0.903996 0
    outer loop
      vertex 88.6656 -5.69927 25.2
      vertex 88.8164 -5.77059 0
      vertex 88.6656 -5.69927 0
    endloop
  endfacet
  facet normal 0.242987 0.97003 -0
    outer loop
      vertex 89.1353 -5.86733 0
      vertex 88.9735 -5.8268 25.2
      vertex 89.1353 -5.86733 25.2
    endloop
  endfacet
  facet normal 0.242987 0.97003 0
    outer loop
      vertex 88.9735 -5.8268 25.2
      vertex 89.1353 -5.86733 0
      vertex 88.9735 -5.8268 0
    endloop
  endfacet
  facet normal 0.0491004 0.998794 -0
    outer loop
      vertex 89.467 -5.9 0
      vertex 89.3004 -5.89181 25.2
      vertex 89.467 -5.9 25.2
    endloop
  endfacet
  facet normal 0.0491004 0.998794 0
    outer loop
      vertex 89.3004 -5.89181 25.2
      vertex 89.467 -5.9 0
      vertex 89.3004 -5.89181 0
    endloop
  endfacet
  facet normal 0.857652 0.514231 0
    outer loop
      vertex 88.0535 -5.14447 25.2
      vertex 87.9677 -5.00137 0
      vertex 87.9677 -5.00137 25.2
    endloop
  endfacet
  facet normal 0.857652 0.514231 0
    outer loop
      vertex 87.9677 -5.00137 0
      vertex 88.0535 -5.14447 25.2
      vertex 88.0535 -5.14447 0
    endloop
  endfacet
  facet normal 0.941552 0.336868 0
    outer loop
      vertex 87.8964 -4.85056 25.2
      vertex 87.8402 -4.69348 0
      vertex 87.8402 -4.69348 25.2
    endloop
  endfacet
  facet normal 0.941552 0.336868 0
    outer loop
      vertex 87.8402 -4.69348 0
      vertex 87.8964 -4.85056 25.2
      vertex 87.8964 -4.85056 0
    endloop
  endfacet
  facet normal 0.989158 0.146857 0
    outer loop
      vertex 87.7997 -4.53165 25.2
      vertex 87.7752 -4.36663 0
      vertex 87.7752 -4.36663 25.2
    endloop
  endfacet
  facet normal 0.989158 0.146857 0
    outer loop
      vertex 87.7752 -4.36663 0
      vertex 87.7997 -4.53165 25.2
      vertex 87.7997 -4.53165 0
    endloop
  endfacet
  facet normal -0.998794 -0.0491004 0
    outer loop
      vertex -2.5 81.466 0
      vertex -2.50819 81.6326 25.2
      vertex -2.50819 81.6326 0
    endloop
  endfacet
  facet normal -0.998794 -0.0491004 0
    outer loop
      vertex -2.50819 81.6326 25.2
      vertex -2.5 81.466 0
      vertex -2.5 81.466 25.2
    endloop
  endfacet
  facet normal 0.998794 -0.0491004 0
    outer loop
      vertex -5.9 81.466 25.2
      vertex -5.89181 81.6326 0
      vertex -5.89181 81.6326 25.2
    endloop
  endfacet
  facet normal 0.998794 -0.0491004 0
    outer loop
      vertex -5.89181 81.6326 0
      vertex -5.9 81.466 25.2
      vertex -5.9 81.466 0
    endloop
  endfacet
  facet normal 0.0491513 -0.998791 0
    outer loop
      vertex -4.36663 83.1578 0
      vertex -4.2 83.166 25.2
      vertex -4.36663 83.1578 25.2
    endloop
  endfacet
  facet normal 0.0491513 -0.998791 0
    outer loop
      vertex -4.2 83.166 25.2
      vertex -4.36663 83.1578 0
      vertex -4.2 83.166 0
    endloop
  endfacet
  facet normal -0.671448 -0.741051 0
    outer loop
      vertex -3.12153 82.7801 0
      vertex -2.99792 82.6681 25.2
      vertex -3.12153 82.7801 25.2
    endloop
  endfacet
  facet normal -0.671448 -0.741051 -0
    outer loop
      vertex -2.99792 82.6681 25.2
      vertex -3.12153 82.7801 0
      vertex -2.99792 82.6681 0
    endloop
  endfacet
  facet normal 0.671448 -0.741051 0
    outer loop
      vertex -5.40208 82.6681 0
      vertex -5.27847 82.7801 25.2
      vertex -5.40208 82.6681 25.2
    endloop
  endfacet
  facet normal 0.671448 -0.741051 0
    outer loop
      vertex -5.27847 82.7801 25.2
      vertex -5.40208 82.6681 0
      vertex -5.27847 82.7801 0
    endloop
  endfacet
  facet normal 0.427419 -0.904054 0
    outer loop
      vertex -5.00137 82.9653 0
      vertex -4.85056 83.0366 25.2
      vertex -5.00137 82.9653 25.2
    endloop
  endfacet
  facet normal 0.427419 -0.904054 0
    outer loop
      vertex -4.85056 83.0366 25.2
      vertex -5.00137 82.9653 0
      vertex -4.85056 83.0366 0
    endloop
  endfacet
  facet normal -0.903973 -0.427589 0
    outer loop
      vertex -2.6294 82.1166 0
      vertex -2.70073 82.2674 25.2
      vertex -2.70073 82.2674 0
    endloop
  endfacet
  facet normal -0.903973 -0.427589 0
    outer loop
      vertex -2.70073 82.2674 25.2
      vertex -2.6294 82.1166 0
      vertex -2.6294 82.1166 25.2
    endloop
  endfacet
  facet normal -0.336868 -0.941552 0
    outer loop
      vertex -3.70652 83.0928 0
      vertex -3.54944 83.0366 25.2
      vertex -3.70652 83.0928 25.2
    endloop
  endfacet
  facet normal -0.336868 -0.941552 -0
    outer loop
      vertex -3.54944 83.0366 25.2
      vertex -3.70652 83.0928 0
      vertex -3.54944 83.0366 0
    endloop
  endfacet
  facet normal 0.857731 -0.514099 0
    outer loop
      vertex -5.69927 82.2674 25.2
      vertex -5.6135 82.4105 0
      vertex -5.6135 82.4105 25.2
    endloop
  endfacet
  facet normal 0.857731 -0.514099 0
    outer loop
      vertex -5.6135 82.4105 0
      vertex -5.69927 82.2674 25.2
      vertex -5.69927 82.2674 0
    endloop
  endfacet
  facet normal 0.803211 -0.595695 0
    outer loop
      vertex -5.6135 82.4105 25.2
      vertex -5.51412 82.5445 0
      vertex -5.51412 82.5445 25.2
    endloop
  endfacet
  facet normal 0.803211 -0.595695 0
    outer loop
      vertex -5.51412 82.5445 0
      vertex -5.6135 82.4105 25.2
      vertex -5.6135 82.4105 0
    endloop
  endfacet
  facet normal 0.514231 -0.857652 0
    outer loop
      vertex -5.14447 82.8795 0
      vertex -5.00137 82.9653 25.2
      vertex -5.14447 82.8795 25.2
    endloop
  endfacet
  facet normal 0.514231 -0.857652 0
    outer loop
      vertex -5.00137 82.9653 25.2
      vertex -5.14447 82.8795 0
      vertex -5.00137 82.9653 0
    endloop
  endfacet
  facet normal -0.146857 0.989158 0
    outer loop
      vertex -3.86835 79.7987 0
      vertex -4.03337 79.7742 25.2
      vertex -3.86835 79.7987 25.2
    endloop
  endfacet
  facet normal -0.146857 0.989158 0
    outer loop
      vertex -4.03337 79.7742 25.2
      vertex -3.86835 79.7987 0
      vertex -4.03337 79.7742 0
    endloop
  endfacet
  facet normal -0.970015 -0.243043 0
    outer loop
      vertex -2.53266 81.7977 0
      vertex -2.5732 81.9595 25.2
      vertex -2.5732 81.9595 0
    endloop
  endfacet
  facet normal -0.970015 -0.243043 0
    outer loop
      vertex -2.5732 81.9595 25.2
      vertex -2.53266 81.7977 0
      vertex -2.53266 81.7977 25.2
    endloop
  endfacet
  facet normal -0.989194 -0.146612 0
    outer loop
      vertex -2.50819 81.6326 0
      vertex -2.53266 81.7977 25.2
      vertex -2.53266 81.7977 0
    endloop
  endfacet
  facet normal -0.989194 -0.146612 0
    outer loop
      vertex -2.53266 81.7977 25.2
      vertex -2.50819 81.6326 0
      vertex -2.50819 81.6326 25.2
    endloop
  endfacet
  facet normal -0.941566 -0.33683 0
    outer loop
      vertex -2.5732 81.9595 0
      vertex -2.6294 82.1166 25.2
      vertex -2.6294 82.1166 0
    endloop
  endfacet
  facet normal -0.941566 -0.33683 0
    outer loop
      vertex -2.6294 82.1166 25.2
      vertex -2.5732 81.9595 0
      vertex -2.5732 81.9595 25.2
    endloop
  endfacet
  facet normal -0.803211 -0.595695 0
    outer loop
      vertex -2.7865 82.4105 0
      vertex -2.88588 82.5445 25.2
      vertex -2.88588 82.5445 0
    endloop
  endfacet
  facet normal -0.803211 -0.595695 0
    outer loop
      vertex -2.88588 82.5445 25.2
      vertex -2.7865 82.4105 0
      vertex -2.7865 82.4105 25.2
    endloop
  endfacet
  facet normal -0.740905 -0.67161 0
    outer loop
      vertex -2.88588 82.5445 0
      vertex -2.99792 82.6681 25.2
      vertex -2.99792 82.6681 0
    endloop
  endfacet
  facet normal -0.740905 -0.67161 0
    outer loop
      vertex -2.99792 82.6681 25.2
      vertex -2.88588 82.5445 0
      vertex -2.88588 82.5445 25.2
    endloop
  endfacet
  facet normal -0.146857 -0.989158 0
    outer loop
      vertex -4.03337 83.1578 0
      vertex -3.86835 83.1333 25.2
      vertex -4.03337 83.1578 25.2
    endloop
  endfacet
  facet normal -0.146857 -0.989158 -0
    outer loop
      vertex -3.86835 83.1333 25.2
      vertex -4.03337 83.1578 0
      vertex -3.86835 83.1333 0
    endloop
  endfacet
  facet normal -0.595772 -0.803154 0
    outer loop
      vertex -3.25553 82.8795 0
      vertex -3.12153 82.7801 25.2
      vertex -3.25553 82.8795 25.2
    endloop
  endfacet
  facet normal -0.595772 -0.803154 -0
    outer loop
      vertex -3.12153 82.7801 25.2
      vertex -3.25553 82.8795 0
      vertex -3.12153 82.7801 0
    endloop
  endfacet
  facet normal -0.514231 -0.857652 0
    outer loop
      vertex -3.39863 82.9653 0
      vertex -3.25553 82.8795 25.2
      vertex -3.39863 82.9653 25.2
    endloop
  endfacet
  facet normal -0.514231 -0.857652 -0
    outer loop
      vertex -3.25553 82.8795 25.2
      vertex -3.39863 82.9653 0
      vertex -3.25553 82.8795 0
    endloop
  endfacet
  facet normal 0.903996 -0.42754 0
    outer loop
      vertex -5.77059 82.1166 25.2
      vertex -5.69927 82.2674 0
      vertex -5.69927 82.2674 25.2
    endloop
  endfacet
  facet normal 0.903996 -0.42754 0
    outer loop
      vertex -5.69927 82.2674 0
      vertex -5.77059 82.1166 25.2
      vertex -5.77059 82.1166 0
    endloop
  endfacet
  facet normal 0.97003 -0.242987 0
    outer loop
      vertex -5.86733 81.7977 25.2
      vertex -5.8268 81.9595 0
      vertex -5.8268 81.9595 25.2
    endloop
  endfacet
  facet normal 0.97003 -0.242987 0
    outer loop
      vertex -5.8268 81.9595 0
      vertex -5.86733 81.7977 25.2
      vertex -5.86733 81.7977 0
    endloop
  endfacet
  facet normal 0.146857 -0.989158 0
    outer loop
      vertex -4.53165 83.1333 0
      vertex -4.36663 83.1578 25.2
      vertex -4.53165 83.1333 25.2
    endloop
  endfacet
  facet normal 0.146857 -0.989158 0
    outer loop
      vertex -4.36663 83.1578 25.2
      vertex -4.53165 83.1333 0
      vertex -4.36663 83.1578 0
    endloop
  endfacet
  facet normal 0.242775 -0.970083 0
    outer loop
      vertex -4.69348 83.0928 0
      vertex -4.53165 83.1333 25.2
      vertex -4.69348 83.0928 25.2
    endloop
  endfacet
  facet normal 0.242775 -0.970083 0
    outer loop
      vertex -4.53165 83.1333 25.2
      vertex -4.69348 83.0928 0
      vertex -4.53165 83.1333 0
    endloop
  endfacet
  facet normal -0.514231 0.857652 0
    outer loop
      vertex -3.25553 80.0525 0
      vertex -3.39863 79.9667 25.2
      vertex -3.25553 80.0525 25.2
    endloop
  endfacet
  facet normal -0.514231 0.857652 0
    outer loop
      vertex -3.39863 79.9667 25.2
      vertex -3.25553 80.0525 0
      vertex -3.39863 79.9667 0
    endloop
  endfacet
  facet normal -0.903973 0.427589 0
    outer loop
      vertex -2.70073 80.6646 0
      vertex -2.6294 80.8154 25.2
      vertex -2.6294 80.8154 0
    endloop
  endfacet
  facet normal -0.903973 0.427589 0
    outer loop
      vertex -2.6294 80.8154 25.2
      vertex -2.70073 80.6646 0
      vertex -2.70073 80.6646 25.2
    endloop
  endfacet
  facet normal -0.857731 0.514099 0
    outer loop
      vertex -2.7865 80.5215 0
      vertex -2.70073 80.6646 25.2
      vertex -2.70073 80.6646 0
    endloop
  endfacet
  facet normal -0.857731 0.514099 0
    outer loop
      vertex -2.70073 80.6646 25.2
      vertex -2.7865 80.5215 0
      vertex -2.7865 80.5215 25.2
    endloop
  endfacet
  facet normal 0.427419 0.904054 -0
    outer loop
      vertex -4.85056 79.8954 0
      vertex -5.00137 79.9667 25.2
      vertex -4.85056 79.8954 25.2
    endloop
  endfacet
  facet normal 0.427419 0.904054 0
    outer loop
      vertex -5.00137 79.9667 25.2
      vertex -4.85056 79.8954 0
      vertex -5.00137 79.9667 0
    endloop
  endfacet
  facet normal 0.803211 0.595695 0
    outer loop
      vertex -5.51412 80.3875 25.2
      vertex -5.6135 80.5215 0
      vertex -5.6135 80.5215 25.2
    endloop
  endfacet
  facet normal 0.803211 0.595695 0
    outer loop
      vertex -5.6135 80.5215 0
      vertex -5.51412 80.3875 25.2
      vertex -5.51412 80.3875 0
    endloop
  endfacet
  facet normal 0.941546 0.336883 0
    outer loop
      vertex -5.77059 80.8154 25.2
      vertex -5.8268 80.9725 0
      vertex -5.8268 80.9725 25.2
    endloop
  endfacet
  facet normal 0.941546 0.336883 0
    outer loop
      vertex -5.8268 80.9725 0
      vertex -5.77059 80.8154 25.2
      vertex -5.77059 80.8154 0
    endloop
  endfacet
  facet normal -0.427419 0.904054 0
    outer loop
      vertex -3.39863 79.9667 0
      vertex -3.54944 79.8954 25.2
      vertex -3.39863 79.9667 25.2
    endloop
  endfacet
  facet normal -0.427419 0.904054 0
    outer loop
      vertex -3.54944 79.8954 25.2
      vertex -3.39863 79.9667 0
      vertex -3.54944 79.8954 0
    endloop
  endfacet
  facet normal -0.857731 -0.514099 0
    outer loop
      vertex -2.70073 82.2674 0
      vertex -2.7865 82.4105 25.2
      vertex -2.7865 82.4105 0
    endloop
  endfacet
  facet normal -0.857731 -0.514099 0
    outer loop
      vertex -2.7865 82.4105 25.2
      vertex -2.70073 82.2674 0
      vertex -2.70073 82.2674 25.2
    endloop
  endfacet
  facet normal -0.0491513 -0.998791 0
    outer loop
      vertex -4.2 83.166 0
      vertex -4.03337 83.1578 25.2
      vertex -4.2 83.166 25.2
    endloop
  endfacet
  facet normal -0.0491513 -0.998791 -0
    outer loop
      vertex -4.03337 83.1578 25.2
      vertex -4.2 83.166 0
      vertex -4.03337 83.1578 0
    endloop
  endfacet
  facet normal -0.242775 -0.970083 0
    outer loop
      vertex -3.86835 83.1333 0
      vertex -3.70652 83.0928 25.2
      vertex -3.86835 83.1333 25.2
    endloop
  endfacet
  facet normal -0.242775 -0.970083 -0
    outer loop
      vertex -3.70652 83.0928 25.2
      vertex -3.86835 83.1333 0
      vertex -3.70652 83.0928 0
    endloop
  endfacet
  facet normal -0.427419 -0.904054 0
    outer loop
      vertex -3.54944 83.0366 0
      vertex -3.39863 82.9653 25.2
      vertex -3.54944 83.0366 25.2
    endloop
  endfacet
  facet normal -0.427419 -0.904054 -0
    outer loop
      vertex -3.39863 82.9653 25.2
      vertex -3.54944 83.0366 0
      vertex -3.39863 82.9653 0
    endloop
  endfacet
  facet normal 0.740905 -0.67161 0
    outer loop
      vertex -5.51412 82.5445 25.2
      vertex -5.40208 82.6681 0
      vertex -5.40208 82.6681 25.2
    endloop
  endfacet
  facet normal 0.740905 -0.67161 0
    outer loop
      vertex -5.40208 82.6681 0
      vertex -5.51412 82.5445 25.2
      vertex -5.51412 82.5445 0
    endloop
  endfacet
  facet normal 0.989185 -0.14667 0
    outer loop
      vertex -5.89181 81.6326 25.2
      vertex -5.86733 81.7977 0
      vertex -5.86733 81.7977 25.2
    endloop
  endfacet
  facet normal 0.989185 -0.14667 0
    outer loop
      vertex -5.86733 81.7977 0
      vertex -5.89181 81.6326 25.2
      vertex -5.89181 81.6326 0
    endloop
  endfacet
  facet normal 0.941546 -0.336883 0
    outer loop
      vertex -5.8268 81.9595 25.2
      vertex -5.77059 82.1166 0
      vertex -5.77059 82.1166 25.2
    endloop
  endfacet
  facet normal 0.941546 -0.336883 0
    outer loop
      vertex -5.77059 82.1166 0
      vertex -5.8268 81.9595 25.2
      vertex -5.8268 81.9595 0
    endloop
  endfacet
  facet normal 0.595772 -0.803154 0
    outer loop
      vertex -5.27847 82.7801 0
      vertex -5.14447 82.8795 25.2
      vertex -5.27847 82.7801 25.2
    endloop
  endfacet
  facet normal 0.595772 -0.803154 0
    outer loop
      vertex -5.14447 82.8795 25.2
      vertex -5.27847 82.7801 0
      vertex -5.14447 82.8795 0
    endloop
  endfacet
  facet normal 0.336868 -0.941552 0
    outer loop
      vertex -4.85056 83.0366 0
      vertex -4.69348 83.0928 25.2
      vertex -4.85056 83.0366 25.2
    endloop
  endfacet
  facet normal 0.336868 -0.941552 0
    outer loop
      vertex -4.69348 83.0928 25.2
      vertex -4.85056 83.0366 0
      vertex -4.69348 83.0928 0
    endloop
  endfacet
  facet normal -0.989194 0.146612 0
    outer loop
      vertex -2.53266 81.1343 0
      vertex -2.50819 81.2994 25.2
      vertex -2.50819 81.2994 0
    endloop
  endfacet
  facet normal -0.989194 0.146612 0
    outer loop
      vertex -2.50819 81.2994 25.2
      vertex -2.53266 81.1343 0
      vertex -2.53266 81.1343 25.2
    endloop
  endfacet
  facet normal -0.998794 0.0491004 0
    outer loop
      vertex -2.50819 81.2994 0
      vertex -2.5 81.466 25.2
      vertex -2.5 81.466 0
    endloop
  endfacet
  facet normal -0.998794 0.0491004 0
    outer loop
      vertex -2.5 81.466 25.2
      vertex -2.50819 81.2994 0
      vertex -2.50819 81.2994 25.2
    endloop
  endfacet
  facet normal -0.0491513 0.998791 0
    outer loop
      vertex -4.03337 79.7742 0
      vertex -4.2 79.766 25.2
      vertex -4.03337 79.7742 25.2
    endloop
  endfacet
  facet normal -0.0491513 0.998791 0
    outer loop
      vertex -4.2 79.766 25.2
      vertex -4.03337 79.7742 0
      vertex -4.2 79.766 0
    endloop
  endfacet
  facet normal 0.595772 0.803154 -0
    outer loop
      vertex -5.14447 80.0525 0
      vertex -5.27847 80.1519 25.2
      vertex -5.14447 80.0525 25.2
    endloop
  endfacet
  facet normal 0.595772 0.803154 0
    outer loop
      vertex -5.27847 80.1519 25.2
      vertex -5.14447 80.0525 0
      vertex -5.27847 80.1519 0
    endloop
  endfacet
  facet normal 0.903996 0.42754 0
    outer loop
      vertex -5.69927 80.6646 25.2
      vertex -5.77059 80.8154 0
      vertex -5.77059 80.8154 25.2
    endloop
  endfacet
  facet normal 0.903996 0.42754 0
    outer loop
      vertex -5.77059 80.8154 0
      vertex -5.69927 80.6646 25.2
      vertex -5.69927 80.6646 0
    endloop
  endfacet
  facet normal 0.97003 0.242987 0
    outer loop
      vertex -5.8268 80.9725 25.2
      vertex -5.86733 81.1343 0
      vertex -5.86733 81.1343 25.2
    endloop
  endfacet
  facet normal 0.97003 0.242987 0
    outer loop
      vertex -5.86733 81.1343 0
      vertex -5.8268 80.9725 25.2
      vertex -5.8268 80.9725 0
    endloop
  endfacet
  facet normal 0.998794 0.0491004 0
    outer loop
      vertex -5.89181 81.2994 25.2
      vertex -5.9 81.466 0
      vertex -5.9 81.466 25.2
    endloop
  endfacet
  facet normal 0.998794 0.0491004 0
    outer loop
      vertex -5.9 81.466 0
      vertex -5.89181 81.2994 25.2
      vertex -5.89181 81.2994 0
    endloop
  endfacet
  facet normal -0.941566 0.33683 0
    outer loop
      vertex -2.6294 80.8154 0
      vertex -2.5732 80.9725 25.2
      vertex -2.5732 80.9725 0
    endloop
  endfacet
  facet normal -0.941566 0.33683 0
    outer loop
      vertex -2.5732 80.9725 25.2
      vertex -2.6294 80.8154 0
      vertex -2.6294 80.8154 25.2
    endloop
  endfacet
  facet normal -0.970015 0.243043 0
    outer loop
      vertex -2.5732 80.9725 0
      vertex -2.53266 81.1343 25.2
      vertex -2.53266 81.1343 0
    endloop
  endfacet
  facet normal -0.970015 0.243043 0
    outer loop
      vertex -2.53266 81.1343 25.2
      vertex -2.5732 80.9725 0
      vertex -2.5732 80.9725 25.2
    endloop
  endfacet
  facet normal -0.803211 0.595695 0
    outer loop
      vertex -2.88588 80.3875 0
      vertex -2.7865 80.5215 25.2
      vertex -2.7865 80.5215 0
    endloop
  endfacet
  facet normal -0.803211 0.595695 0
    outer loop
      vertex -2.7865 80.5215 25.2
      vertex -2.88588 80.3875 0
      vertex -2.88588 80.3875 25.2
    endloop
  endfacet
  facet normal 0.336868 0.941552 -0
    outer loop
      vertex -4.69348 79.8392 0
      vertex -4.85056 79.8954 25.2
      vertex -4.69348 79.8392 25.2
    endloop
  endfacet
  facet normal 0.336868 0.941552 0
    outer loop
      vertex -4.85056 79.8954 25.2
      vertex -4.69348 79.8392 0
      vertex -4.85056 79.8954 0
    endloop
  endfacet
  facet normal 0.146857 0.989158 -0
    outer loop
      vertex -4.36663 79.7742 0
      vertex -4.53165 79.7987 25.2
      vertex -4.36663 79.7742 25.2
    endloop
  endfacet
  facet normal 0.146857 0.989158 0
    outer loop
      vertex -4.53165 79.7987 25.2
      vertex -4.36663 79.7742 0
      vertex -4.53165 79.7987 0
    endloop
  endfacet
  facet normal 0.514231 0.857652 -0
    outer loop
      vertex -5.00137 79.9667 0
      vertex -5.14447 80.0525 25.2
      vertex -5.00137 79.9667 25.2
    endloop
  endfacet
  facet normal 0.514231 0.857652 0
    outer loop
      vertex -5.14447 80.0525 25.2
      vertex -5.00137 79.9667 0
      vertex -5.14447 80.0525 0
    endloop
  endfacet
  facet normal 0.671448 0.741051 -0
    outer loop
      vertex -5.27847 80.1519 0
      vertex -5.40208 80.2639 25.2
      vertex -5.27847 80.1519 25.2
    endloop
  endfacet
  facet normal 0.671448 0.741051 0
    outer loop
      vertex -5.40208 80.2639 25.2
      vertex -5.27847 80.1519 0
      vertex -5.40208 80.2639 0
    endloop
  endfacet
  facet normal 0.740905 0.67161 0
    outer loop
      vertex -5.40208 80.2639 25.2
      vertex -5.51412 80.3875 0
      vertex -5.51412 80.3875 25.2
    endloop
  endfacet
  facet normal 0.740905 0.67161 0
    outer loop
      vertex -5.51412 80.3875 0
      vertex -5.40208 80.2639 25.2
      vertex -5.40208 80.2639 0
    endloop
  endfacet
  facet normal 0.857731 0.514099 0
    outer loop
      vertex -5.6135 80.5215 25.2
      vertex -5.69927 80.6646 0
      vertex -5.69927 80.6646 25.2
    endloop
  endfacet
  facet normal 0.857731 0.514099 0
    outer loop
      vertex -5.69927 80.6646 0
      vertex -5.6135 80.5215 25.2
      vertex -5.6135 80.5215 0
    endloop
  endfacet
  facet normal 0.989185 0.14667 0
    outer loop
      vertex -5.86733 81.1343 25.2
      vertex -5.89181 81.2994 0
      vertex -5.89181 81.2994 25.2
    endloop
  endfacet
  facet normal 0.989185 0.14667 0
    outer loop
      vertex -5.89181 81.2994 0
      vertex -5.86733 81.1343 25.2
      vertex -5.86733 81.1343 0
    endloop
  endfacet
  facet normal -0.242775 0.970083 0
    outer loop
      vertex -3.70652 79.8392 0
      vertex -3.86835 79.7987 25.2
      vertex -3.70652 79.8392 25.2
    endloop
  endfacet
  facet normal -0.242775 0.970083 0
    outer loop
      vertex -3.86835 79.7987 25.2
      vertex -3.70652 79.8392 0
      vertex -3.86835 79.7987 0
    endloop
  endfacet
  facet normal -0.336868 0.941552 0
    outer loop
      vertex -3.54944 79.8954 0
      vertex -3.70652 79.8392 25.2
      vertex -3.54944 79.8954 25.2
    endloop
  endfacet
  facet normal -0.336868 0.941552 0
    outer loop
      vertex -3.70652 79.8392 25.2
      vertex -3.54944 79.8954 0
      vertex -3.70652 79.8392 0
    endloop
  endfacet
  facet normal -0.671448 0.741051 0
    outer loop
      vertex -2.99792 80.2639 0
      vertex -3.12153 80.1519 25.2
      vertex -2.99792 80.2639 25.2
    endloop
  endfacet
  facet normal -0.671448 0.741051 0
    outer loop
      vertex -3.12153 80.1519 25.2
      vertex -2.99792 80.2639 0
      vertex -3.12153 80.1519 0
    endloop
  endfacet
  facet normal -0.595772 0.803154 0
    outer loop
      vertex -3.12153 80.1519 0
      vertex -3.25553 80.0525 25.2
      vertex -3.12153 80.1519 25.2
    endloop
  endfacet
  facet normal -0.595772 0.803154 0
    outer loop
      vertex -3.25553 80.0525 25.2
      vertex -3.12153 80.1519 0
      vertex -3.25553 80.0525 0
    endloop
  endfacet
  facet normal -0.740905 0.67161 0
    outer loop
      vertex -2.99792 80.2639 0
      vertex -2.88588 80.3875 25.2
      vertex -2.88588 80.3875 0
    endloop
  endfacet
  facet normal -0.740905 0.67161 0
    outer loop
      vertex -2.88588 80.3875 25.2
      vertex -2.99792 80.2639 0
      vertex -2.99792 80.2639 25.2
    endloop
  endfacet
  facet normal 0.0491513 0.998791 -0
    outer loop
      vertex -4.2 79.766 0
      vertex -4.36663 79.7742 25.2
      vertex -4.2 79.766 25.2
    endloop
  endfacet
  facet normal 0.0491513 0.998791 0
    outer loop
      vertex -4.36663 79.7742 25.2
      vertex -4.2 79.766 0
      vertex -4.36663 79.7742 0
    endloop
  endfacet
  facet normal 0.242775 0.970083 -0
    outer loop
      vertex -4.53165 79.7987 0
      vertex -4.69348 79.8392 25.2
      vertex -4.53165 79.7987 25.2
    endloop
  endfacet
  facet normal 0.242775 0.970083 0
    outer loop
      vertex -4.69348 79.8392 25.2
      vertex -4.53165 79.7987 0
      vertex -4.69348 79.8392 0
    endloop
  endfacet
  facet normal -0.857652 -0.514231 0
    outer loop
      vertex 90.9663 82.2674 0
      vertex 90.8805 82.4105 25.2
      vertex 90.8805 82.4105 0
    endloop
  endfacet
  facet normal -0.857652 -0.514231 0
    outer loop
      vertex 90.8805 82.4105 25.2
      vertex 90.9663 82.2674 0
      vertex 90.9663 82.2674 25.2
    endloop
  endfacet
  facet normal -0.33683 -0.941566 0
    outer loop
      vertex 89.9605 83.0928 0
      vertex 90.1176 83.0366 25.2
      vertex 89.9605 83.0928 25.2
    endloop
  endfacet
  facet normal -0.33683 -0.941566 -0
    outer loop
      vertex 90.1176 83.0366 25.2
      vertex 89.9605 83.0928 0
      vertex 90.1176 83.0366 0
    endloop
  endfacet
  facet normal 0.427442 -0.904043 0
    outer loop
      vertex 88.6656 82.9653 0
      vertex 88.8164 83.0366 25.2
      vertex 88.6656 82.9653 25.2
    endloop
  endfacet
  facet normal 0.427442 -0.904043 0
    outer loop
      vertex 88.8164 83.0366 25.2
      vertex 88.6656 82.9653 0
      vertex 88.8164 83.0366 0
    endloop
  endfacet
  facet normal 0.904043 -0.427442 0
    outer loop
      vertex 87.8964 82.1166 25.2
      vertex 87.9677 82.2674 0
      vertex 87.9677 82.2674 25.2
    endloop
  endfacet
  facet normal 0.904043 -0.427442 0
    outer loop
      vertex 87.9677 82.2674 0
      vertex 87.8964 82.1166 25.2
      vertex 87.8964 82.1166 0
    endloop
  endfacet
  facet normal -0.998791 0.0491602 0
    outer loop
      vertex 91.1588 81.2994 0
      vertex 91.167 81.466 25.2
      vertex 91.167 81.466 0
    endloop
  endfacet
  facet normal -0.998791 0.0491602 0
    outer loop
      vertex 91.167 81.466 25.2
      vertex 91.1588 81.2994 0
      vertex 91.1588 81.2994 25.2
    endloop
  endfacet
  facet normal -0.427442 0.904043 0
    outer loop
      vertex 90.2684 79.9667 0
      vertex 90.1176 79.8954 25.2
      vertex 90.2684 79.9667 25.2
    endloop
  endfacet
  facet normal -0.427442 0.904043 0
    outer loop
      vertex 90.1176 79.8954 25.2
      vertex 90.2684 79.9667 0
      vertex 90.1176 79.8954 0
    endloop
  endfacet
  facet normal 0.803154 -0.595772 0
    outer loop
      vertex 88.0535 82.4105 25.2
      vertex 88.1529 82.5445 0
      vertex 88.1529 82.5445 25.2
    endloop
  endfacet
  facet normal 0.803154 -0.595772 0
    outer loop
      vertex 88.1529 82.5445 0
      vertex 88.0535 82.4105 25.2
      vertex 88.0535 82.4105 0
    endloop
  endfacet
  facet normal 0.671478 -0.741024 0
    outer loop
      vertex 88.2649 82.6681 0
      vertex 88.3885 82.7801 25.2
      vertex 88.2649 82.6681 25.2
    endloop
  endfacet
  facet normal 0.671478 -0.741024 0
    outer loop
      vertex 88.3885 82.7801 25.2
      vertex 88.2649 82.6681 0
      vertex 88.3885 82.7801 0
    endloop
  endfacet
  facet normal -0.989168 -0.146788 0
    outer loop
      vertex 91.1588 81.6326 0
      vertex 91.1343 81.7977 25.2
      vertex 91.1343 81.7977 0
    endloop
  endfacet
  facet normal -0.989168 -0.146788 0
    outer loop
      vertex 91.1343 81.7977 25.2
      vertex 91.1588 81.6326 0
      vertex 91.1588 81.6326 25.2
    endloop
  endfacet
  facet normal -0.803154 -0.595772 0
    outer loop
      vertex 90.8805 82.4105 0
      vertex 90.7811 82.5445 25.2
      vertex 90.7811 82.5445 0
    endloop
  endfacet
  facet normal -0.803154 -0.595772 0
    outer loop
      vertex 90.7811 82.5445 25.2
      vertex 90.8805 82.4105 0
      vertex 90.8805 82.4105 25.2
    endloop
  endfacet
  facet normal -0.671478 -0.741024 0
    outer loop
      vertex 90.5455 82.7801 0
      vertex 90.6691 82.6681 25.2
      vertex 90.5455 82.7801 25.2
    endloop
  endfacet
  facet normal -0.671478 -0.741024 -0
    outer loop
      vertex 90.6691 82.6681 25.2
      vertex 90.5455 82.7801 0
      vertex 90.6691 82.6681 0
    endloop
  endfacet
  facet normal 0.0491602 -0.998791 0
    outer loop
      vertex 89.3004 83.1578 0
      vertex 89.467 83.166 25.2
      vertex 89.3004 83.1578 25.2
    endloop
  endfacet
  facet normal 0.0491602 -0.998791 0
    outer loop
      vertex 89.467 83.166 25.2
      vertex 89.3004 83.1578 0
      vertex 89.467 83.166 0
    endloop
  endfacet
  facet normal -0.146788 -0.989168 0
    outer loop
      vertex 89.6336 83.1578 0
      vertex 89.7987 83.1333 25.2
      vertex 89.6336 83.1578 25.2
    endloop
  endfacet
  facet normal -0.146788 -0.989168 -0
    outer loop
      vertex 89.7987 83.1333 25.2
      vertex 89.6336 83.1578 0
      vertex 89.7987 83.1333 0
    endloop
  endfacet
  facet normal -0.595772 -0.803154 0
    outer loop
      vertex 90.4115 82.8795 0
      vertex 90.5455 82.7801 25.2
      vertex 90.4115 82.8795 25.2
    endloop
  endfacet
  facet normal -0.595772 -0.803154 -0
    outer loop
      vertex 90.5455 82.7801 25.2
      vertex 90.4115 82.8795 0
      vertex 90.5455 82.7801 0
    endloop
  endfacet
  facet normal -0.514231 -0.857652 0
    outer loop
      vertex 90.2684 82.9653 0
      vertex 90.4115 82.8795 25.2
      vertex 90.2684 82.9653 25.2
    endloop
  endfacet
  facet normal -0.514231 -0.857652 -0
    outer loop
      vertex 90.4115 82.8795 25.2
      vertex 90.2684 82.9653 0
      vertex 90.4115 82.8795 0
    endloop
  endfacet
  facet normal 0.998791 -0.0491602 0
    outer loop
      vertex 87.767 81.466 25.2
      vertex 87.7752 81.6326 0
      vertex 87.7752 81.6326 25.2
    endloop
  endfacet
  facet normal 0.998791 -0.0491602 0
    outer loop
      vertex 87.7752 81.6326 0
      vertex 87.767 81.466 25.2
      vertex 87.767 81.466 0
    endloop
  endfacet
  facet normal 0.970072 -0.242818 0
    outer loop
      vertex 87.7997 81.7977 25.2
      vertex 87.8402 81.9595 0
      vertex 87.8402 81.9595 25.2
    endloop
  endfacet
  facet normal 0.970072 -0.242818 0
    outer loop
      vertex 87.8402 81.9595 0
      vertex 87.7997 81.7977 25.2
      vertex 87.7997 81.7977 0
    endloop
  endfacet
  facet normal 0.146788 -0.989168 0
    outer loop
      vertex 89.1353 83.1333 0
      vertex 89.3004 83.1578 25.2
      vertex 89.1353 83.1333 25.2
    endloop
  endfacet
  facet normal 0.146788 -0.989168 0
    outer loop
      vertex 89.3004 83.1578 25.2
      vertex 89.1353 83.1333 0
      vertex 89.3004 83.1578 0
    endloop
  endfacet
  facet normal 0.242818 -0.970072 0
    outer loop
      vertex 88.9735 83.0928 0
      vertex 89.1353 83.1333 25.2
      vertex 88.9735 83.0928 25.2
    endloop
  endfacet
  facet normal 0.242818 -0.970072 0
    outer loop
      vertex 89.1353 83.1333 25.2
      vertex 88.9735 83.0928 0
      vertex 89.1353 83.1333 0
    endloop
  endfacet
  facet normal 0.514231 -0.857652 0
    outer loop
      vertex 88.5225 82.8795 0
      vertex 88.6656 82.9653 25.2
      vertex 88.5225 82.8795 25.2
    endloop
  endfacet
  facet normal 0.514231 -0.857652 0
    outer loop
      vertex 88.6656 82.9653 25.2
      vertex 88.5225 82.8795 0
      vertex 88.6656 82.9653 0
    endloop
  endfacet
  facet normal 0.595772 -0.803154 0
    outer loop
      vertex 88.3885 82.7801 0
      vertex 88.5225 82.8795 25.2
      vertex 88.3885 82.7801 25.2
    endloop
  endfacet
  facet normal 0.595772 -0.803154 0
    outer loop
      vertex 88.5225 82.8795 25.2
      vertex 88.3885 82.7801 0
      vertex 88.5225 82.8795 0
    endloop
  endfacet
  facet normal 0.741024 -0.671478 0
    outer loop
      vertex 88.1529 82.5445 25.2
      vertex 88.2649 82.6681 0
      vertex 88.2649 82.6681 25.2
    endloop
  endfacet
  facet normal 0.741024 -0.671478 0
    outer loop
      vertex 88.2649 82.6681 0
      vertex 88.1529 82.5445 25.2
      vertex 88.1529 82.5445 0
    endloop
  endfacet
  facet normal -0.998791 -0.0491602 0
    outer loop
      vertex 91.167 81.466 0
      vertex 91.1588 81.6326 25.2
      vertex 91.1588 81.6326 0
    endloop
  endfacet
  facet normal -0.998791 -0.0491602 0
    outer loop
      vertex 91.1588 81.6326 25.2
      vertex 91.167 81.466 0
      vertex 91.167 81.466 25.2
    endloop
  endfacet
  facet normal -0.857652 0.514231 0
    outer loop
      vertex 90.8805 80.5215 0
      vertex 90.9663 80.6646 25.2
      vertex 90.9663 80.6646 0
    endloop
  endfacet
  facet normal -0.857652 0.514231 0
    outer loop
      vertex 90.9663 80.6646 25.2
      vertex 90.8805 80.5215 0
      vertex 90.8805 80.5215 25.2
    endloop
  endfacet
  facet normal -0.146788 0.989168 0
    outer loop
      vertex 89.7987 79.7987 0
      vertex 89.6336 79.7742 25.2
      vertex 89.7987 79.7987 25.2
    endloop
  endfacet
  facet normal -0.146788 0.989168 0
    outer loop
      vertex 89.6336 79.7742 25.2
      vertex 89.7987 79.7987 0
      vertex 89.6336 79.7742 0
    endloop
  endfacet
  facet normal -0.904043 -0.427442 0
    outer loop
      vertex 91.0376 82.1166 0
      vertex 90.9663 82.2674 25.2
      vertex 90.9663 82.2674 0
    endloop
  endfacet
  facet normal -0.904043 -0.427442 0
    outer loop
      vertex 90.9663 82.2674 25.2
      vertex 91.0376 82.1166 0
      vertex 91.0376 82.1166 25.2
    endloop
  endfacet
  facet normal -0.941566 -0.33683 0
    outer loop
      vertex 91.0938 81.9595 0
      vertex 91.0376 82.1166 25.2
      vertex 91.0376 82.1166 0
    endloop
  endfacet
  facet normal -0.941566 -0.33683 0
    outer loop
      vertex 91.0376 82.1166 25.2
      vertex 91.0938 81.9595 0
      vertex 91.0938 81.9595 25.2
    endloop
  endfacet
  facet normal -0.970072 -0.242818 0
    outer loop
      vertex 91.1343 81.7977 0
      vertex 91.0938 81.9595 25.2
      vertex 91.0938 81.9595 0
    endloop
  endfacet
  facet normal -0.970072 -0.242818 0
    outer loop
      vertex 91.0938 81.9595 25.2
      vertex 91.1343 81.7977 0
      vertex 91.1343 81.7977 25.2
    endloop
  endfacet
  facet normal -0.741024 -0.671478 0
    outer loop
      vertex 90.7811 82.5445 0
      vertex 90.6691 82.6681 25.2
      vertex 90.6691 82.6681 0
    endloop
  endfacet
  facet normal -0.741024 -0.671478 0
    outer loop
      vertex 90.6691 82.6681 25.2
      vertex 90.7811 82.5445 0
      vertex 90.7811 82.5445 25.2
    endloop
  endfacet
  facet normal -0.0491602 -0.998791 0
    outer loop
      vertex 89.467 83.166 0
      vertex 89.6336 83.1578 25.2
      vertex 89.467 83.166 25.2
    endloop
  endfacet
  facet normal -0.0491602 -0.998791 -0
    outer loop
      vertex 89.6336 83.1578 25.2
      vertex 89.467 83.166 0
      vertex 89.6336 83.1578 0
    endloop
  endfacet
  facet normal -0.242818 -0.970072 0
    outer loop
      vertex 89.7987 83.1333 0
      vertex 89.9605 83.0928 25.2
      vertex 89.7987 83.1333 25.2
    endloop
  endfacet
  facet normal -0.242818 -0.970072 -0
    outer loop
      vertex 89.9605 83.0928 25.2
      vertex 89.7987 83.1333 0
      vertex 89.9605 83.0928 0
    endloop
  endfacet
  facet normal -0.427442 -0.904043 0
    outer loop
      vertex 90.1176 83.0366 0
      vertex 90.2684 82.9653 25.2
      vertex 90.1176 83.0366 25.2
    endloop
  endfacet
  facet normal -0.427442 -0.904043 -0
    outer loop
      vertex 90.2684 82.9653 25.2
      vertex 90.1176 83.0366 0
      vertex 90.2684 82.9653 0
    endloop
  endfacet
  facet normal 0.989168 -0.146788 0
    outer loop
      vertex 87.7752 81.6326 25.2
      vertex 87.7997 81.7977 0
      vertex 87.7997 81.7977 25.2
    endloop
  endfacet
  facet normal 0.989168 -0.146788 0
    outer loop
      vertex 87.7997 81.7977 0
      vertex 87.7752 81.6326 25.2
      vertex 87.7752 81.6326 0
    endloop
  endfacet
  facet normal 0.941566 -0.33683 0
    outer loop
      vertex 87.8402 81.9595 25.2
      vertex 87.8964 82.1166 0
      vertex 87.8964 82.1166 25.2
    endloop
  endfacet
  facet normal 0.941566 -0.33683 0
    outer loop
      vertex 87.8964 82.1166 0
      vertex 87.8402 81.9595 25.2
      vertex 87.8402 81.9595 0
    endloop
  endfacet
  facet normal 0.857652 -0.514231 0
    outer loop
      vertex 87.9677 82.2674 25.2
      vertex 88.0535 82.4105 0
      vertex 88.0535 82.4105 25.2
    endloop
  endfacet
  facet normal 0.857652 -0.514231 0
    outer loop
      vertex 88.0535 82.4105 0
      vertex 87.9677 82.2674 25.2
      vertex 87.9677 82.2674 0
    endloop
  endfacet
  facet normal 0.33683 -0.941566 0
    outer loop
      vertex 88.8164 83.0366 0
      vertex 88.9735 83.0928 25.2
      vertex 88.8164 83.0366 25.2
    endloop
  endfacet
  facet normal 0.33683 -0.941566 0
    outer loop
      vertex 88.9735 83.0928 25.2
      vertex 88.8164 83.0366 0
      vertex 88.9735 83.0928 0
    endloop
  endfacet
  facet normal -0.970072 0.242818 0
    outer loop
      vertex 91.0938 80.9725 0
      vertex 91.1343 81.1343 25.2
      vertex 91.1343 81.1343 0
    endloop
  endfacet
  facet normal -0.970072 0.242818 0
    outer loop
      vertex 91.1343 81.1343 25.2
      vertex 91.0938 80.9725 0
      vertex 91.0938 80.9725 25.2
    endloop
  endfacet
  facet normal -0.514231 0.857652 0
    outer loop
      vertex 90.4115 80.0525 0
      vertex 90.2684 79.9667 25.2
      vertex 90.4115 80.0525 25.2
    endloop
  endfacet
  facet normal -0.514231 0.857652 0
    outer loop
      vertex 90.2684 79.9667 25.2
      vertex 90.4115 80.0525 0
      vertex 90.2684 79.9667 0
    endloop
  endfacet
  facet normal -0.595772 0.803154 0
    outer loop
      vertex 90.5455 80.1519 0
      vertex 90.4115 80.0525 25.2
      vertex 90.5455 80.1519 25.2
    endloop
  endfacet
  facet normal -0.595772 0.803154 0
    outer loop
      vertex 90.4115 80.0525 25.2
      vertex 90.5455 80.1519 0
      vertex 90.4115 80.0525 0
    endloop
  endfacet
  facet normal -0.741024 0.671478 0
    outer loop
      vertex 90.6691 80.2639 0
      vertex 90.7811 80.3875 25.2
      vertex 90.7811 80.3875 0
    endloop
  endfacet
  facet normal -0.741024 0.671478 0
    outer loop
      vertex 90.7811 80.3875 25.2
      vertex 90.6691 80.2639 0
      vertex 90.6691 80.2639 25.2
    endloop
  endfacet
  facet normal -0.941566 0.33683 0
    outer loop
      vertex 91.0376 80.8154 0
      vertex 91.0938 80.9725 25.2
      vertex 91.0938 80.9725 0
    endloop
  endfacet
  facet normal -0.941566 0.33683 0
    outer loop
      vertex 91.0938 80.9725 25.2
      vertex 91.0376 80.8154 0
      vertex 91.0376 80.8154 25.2
    endloop
  endfacet
  facet normal -0.904043 0.427442 0
    outer loop
      vertex 90.9663 80.6646 0
      vertex 91.0376 80.8154 25.2
      vertex 91.0376 80.8154 0
    endloop
  endfacet
  facet normal -0.904043 0.427442 0
    outer loop
      vertex 91.0376 80.8154 25.2
      vertex 90.9663 80.6646 0
      vertex 90.9663 80.6646 25.2
    endloop
  endfacet
  facet normal 0.998791 0.0491602 0
    outer loop
      vertex 87.7752 81.2994 25.2
      vertex 87.767 81.466 0
      vertex 87.767 81.466 25.2
    endloop
  endfacet
  facet normal 0.998791 0.0491602 0
    outer loop
      vertex 87.767 81.466 0
      vertex 87.7752 81.2994 25.2
      vertex 87.7752 81.2994 0
    endloop
  endfacet
  facet normal 0.803154 0.595772 0
    outer loop
      vertex 88.1529 80.3875 25.2
      vertex 88.0535 80.5215 0
      vertex 88.0535 80.5215 25.2
    endloop
  endfacet
  facet normal 0.803154 0.595772 0
    outer loop
      vertex 88.0535 80.5215 0
      vertex 88.1529 80.3875 25.2
      vertex 88.1529 80.3875 0
    endloop
  endfacet
  facet normal -0.989168 0.146788 0
    outer loop
      vertex 91.1343 81.1343 0
      vertex 91.1588 81.2994 25.2
      vertex 91.1588 81.2994 0
    endloop
  endfacet
  facet normal -0.989168 0.146788 0
    outer loop
      vertex 91.1588 81.2994 25.2
      vertex 91.1343 81.1343 0
      vertex 91.1343 81.1343 25.2
    endloop
  endfacet
  facet normal -0.803154 0.595772 0
    outer loop
      vertex 90.7811 80.3875 0
      vertex 90.8805 80.5215 25.2
      vertex 90.8805 80.5215 0
    endloop
  endfacet
  facet normal -0.803154 0.595772 0
    outer loop
      vertex 90.8805 80.5215 25.2
      vertex 90.7811 80.3875 0
      vertex 90.7811 80.3875 25.2
    endloop
  endfacet
  facet normal 0.0491602 0.998791 -0
    outer loop
      vertex 89.467 79.766 0
      vertex 89.3004 79.7742 25.2
      vertex 89.467 79.766 25.2
    endloop
  endfacet
  facet normal 0.0491602 0.998791 0
    outer loop
      vertex 89.3004 79.7742 25.2
      vertex 89.467 79.766 0
      vertex 89.3004 79.7742 0
    endloop
  endfacet
  facet normal -0.0491602 0.998791 0
    outer loop
      vertex 89.6336 79.7742 0
      vertex 89.467 79.766 25.2
      vertex 89.6336 79.7742 25.2
    endloop
  endfacet
  facet normal -0.0491602 0.998791 0
    outer loop
      vertex 89.467 79.766 25.2
      vertex 89.6336 79.7742 0
      vertex 89.467 79.766 0
    endloop
  endfacet
  facet normal 0.989168 0.146788 0
    outer loop
      vertex 87.7997 81.1343 25.2
      vertex 87.7752 81.2994 0
      vertex 87.7752 81.2994 25.2
    endloop
  endfacet
  facet normal 0.989168 0.146788 0
    outer loop
      vertex 87.7752 81.2994 0
      vertex 87.7997 81.1343 25.2
      vertex 87.7997 81.1343 0
    endloop
  endfacet
  facet normal 0.741024 0.671478 0
    outer loop
      vertex 88.2649 80.2639 25.2
      vertex 88.1529 80.3875 0
      vertex 88.1529 80.3875 25.2
    endloop
  endfacet
  facet normal 0.741024 0.671478 0
    outer loop
      vertex 88.1529 80.3875 0
      vertex 88.2649 80.2639 25.2
      vertex 88.2649 80.2639 0
    endloop
  endfacet
  facet normal 0.904043 0.427442 0
    outer loop
      vertex 87.9677 80.6646 25.2
      vertex 87.8964 80.8154 0
      vertex 87.8964 80.8154 25.2
    endloop
  endfacet
  facet normal 0.904043 0.427442 0
    outer loop
      vertex 87.8964 80.8154 0
      vertex 87.9677 80.6646 25.2
      vertex 87.9677 80.6646 0
    endloop
  endfacet
  facet normal 0.941566 0.33683 0
    outer loop
      vertex 87.8964 80.8154 25.2
      vertex 87.8402 80.9725 0
      vertex 87.8402 80.9725 25.2
    endloop
  endfacet
  facet normal 0.941566 0.33683 0
    outer loop
      vertex 87.8402 80.9725 0
      vertex 87.8964 80.8154 25.2
      vertex 87.8964 80.8154 0
    endloop
  endfacet
  facet normal 0.970072 0.242818 0
    outer loop
      vertex 87.8402 80.9725 25.2
      vertex 87.7997 81.1343 0
      vertex 87.7997 81.1343 25.2
    endloop
  endfacet
  facet normal 0.970072 0.242818 0
    outer loop
      vertex 87.7997 81.1343 0
      vertex 87.8402 80.9725 25.2
      vertex 87.8402 80.9725 0
    endloop
  endfacet
  facet normal -0.671478 0.741024 0
    outer loop
      vertex 90.6691 80.2639 0
      vertex 90.5455 80.1519 25.2
      vertex 90.6691 80.2639 25.2
    endloop
  endfacet
  facet normal -0.671478 0.741024 0
    outer loop
      vertex 90.5455 80.1519 25.2
      vertex 90.6691 80.2639 0
      vertex 90.5455 80.1519 0
    endloop
  endfacet
  facet normal 0.242818 0.970072 -0
    outer loop
      vertex 89.1353 79.7987 0
      vertex 88.9735 79.8392 25.2
      vertex 89.1353 79.7987 25.2
    endloop
  endfacet
  facet normal 0.242818 0.970072 0
    outer loop
      vertex 88.9735 79.8392 25.2
      vertex 89.1353 79.7987 0
      vertex 88.9735 79.8392 0
    endloop
  endfacet
  facet normal 0.595772 0.803154 -0
    outer loop
      vertex 88.5225 80.0525 0
      vertex 88.3885 80.1519 25.2
      vertex 88.5225 80.0525 25.2
    endloop
  endfacet
  facet normal 0.595772 0.803154 0
    outer loop
      vertex 88.3885 80.1519 25.2
      vertex 88.5225 80.0525 0
      vertex 88.3885 80.1519 0
    endloop
  endfacet
  facet normal 0.514231 0.857652 -0
    outer loop
      vertex 88.6656 79.9667 0
      vertex 88.5225 80.0525 25.2
      vertex 88.6656 79.9667 25.2
    endloop
  endfacet
  facet normal 0.514231 0.857652 0
    outer loop
      vertex 88.5225 80.0525 25.2
      vertex 88.6656 79.9667 0
      vertex 88.5225 80.0525 0
    endloop
  endfacet
  facet normal 0.671478 0.741024 -0
    outer loop
      vertex 88.3885 80.1519 0
      vertex 88.2649 80.2639 25.2
      vertex 88.3885 80.1519 25.2
    endloop
  endfacet
  facet normal 0.671478 0.741024 0
    outer loop
      vertex 88.2649 80.2639 25.2
      vertex 88.3885 80.1519 0
      vertex 88.2649 80.2639 0
    endloop
  endfacet
  facet normal 0.857652 0.514231 0
    outer loop
      vertex 88.0535 80.5215 25.2
      vertex 87.9677 80.6646 0
      vertex 87.9677 80.6646 25.2
    endloop
  endfacet
  facet normal 0.857652 0.514231 0
    outer loop
      vertex 87.9677 80.6646 0
      vertex 88.0535 80.5215 25.2
      vertex 88.0535 80.5215 0
    endloop
  endfacet
  facet normal -0.33683 0.941566 0
    outer loop
      vertex 90.1176 79.8954 0
      vertex 89.9605 79.8392 25.2
      vertex 90.1176 79.8954 25.2
    endloop
  endfacet
  facet normal -0.33683 0.941566 0
    outer loop
      vertex 89.9605 79.8392 25.2
      vertex 90.1176 79.8954 0
      vertex 89.9605 79.8392 0
    endloop
  endfacet
  facet normal -0.242818 0.970072 0
    outer loop
      vertex 89.9605 79.8392 0
      vertex 89.7987 79.7987 25.2
      vertex 89.9605 79.8392 25.2
    endloop
  endfacet
  facet normal -0.242818 0.970072 0
    outer loop
      vertex 89.7987 79.7987 25.2
      vertex 89.9605 79.8392 0
      vertex 89.7987 79.7987 0
    endloop
  endfacet
  facet normal 0.33683 0.941566 -0
    outer loop
      vertex 88.9735 79.8392 0
      vertex 88.8164 79.8954 25.2
      vertex 88.9735 79.8392 25.2
    endloop
  endfacet
  facet normal 0.33683 0.941566 0
    outer loop
      vertex 88.8164 79.8954 25.2
      vertex 88.9735 79.8392 0
      vertex 88.8164 79.8954 0
    endloop
  endfacet
  facet normal 0.427442 0.904043 -0
    outer loop
      vertex 88.8164 79.8954 0
      vertex 88.6656 79.9667 25.2
      vertex 88.8164 79.8954 25.2
    endloop
  endfacet
  facet normal 0.427442 0.904043 0
    outer loop
      vertex 88.6656 79.9667 25.2
      vertex 88.8164 79.8954 0
      vertex 88.6656 79.9667 0
    endloop
  endfacet
  facet normal 0.146788 0.989168 -0
    outer loop
      vertex 89.3004 79.7742 0
      vertex 89.1353 79.7987 25.2
      vertex 89.3004 79.7742 25.2
    endloop
  endfacet
  facet normal 0.146788 0.989168 0
    outer loop
      vertex 89.1353 79.7987 25.2
      vertex 89.3004 79.7742 0
      vertex 89.1353 79.7987 0
    endloop
  endfacet
  facet normal -0.857726 -0.514107 0
    outer loop
      vertex -1.37785 -2.69153 25.2
      vertex -1.5393 -2.42217 27.4
      vertex -1.5393 -2.42217 25.2
    endloop
  endfacet
  facet normal -0.857726 -0.514107 0
    outer loop
      vertex -1.5393 -2.42217 27.4
      vertex -1.37785 -2.69153 25.2
      vertex -1.37785 -2.69153 27.4
    endloop
  endfacet
  facet normal -0.336873 -0.94155 0
    outer loop
      vertex -3.27109 -1.13779 25.2
      vertex -2.97541 -1.24358 27.4
      vertex -3.27109 -1.13779 27.4
    endloop
  endfacet
  facet normal -0.336873 -0.94155 -0
    outer loop
      vertex -2.97541 -1.24358 27.4
      vertex -3.27109 -1.13779 25.2
      vertex -2.97541 -1.24358 25.2
    endloop
  endfacet
  facet normal 0.427567 -0.903983 0
    outer loop
      vertex -5.70847 -1.37785 25.2
      vertex -5.42459 -1.24358 27.4
      vertex -5.70847 -1.37785 27.4
    endloop
  endfacet
  facet normal 0.427567 -0.903983 0
    outer loop
      vertex -5.42459 -1.24358 27.4
      vertex -5.70847 -1.37785 25.2
      vertex -5.42459 -1.24358 25.2
    endloop
  endfacet
  facet normal 0.94154 -0.336901 0
    outer loop
      vertex -7.26221 -3.27109 27.4
      vertex -7.15641 -2.97541 25.2
      vertex -7.15641 -2.97541 27.4
    endloop
  endfacet
  facet normal 0.94154 -0.336901 0
    outer loop
      vertex -7.15641 -2.97541 25.2
      vertex -7.26221 -3.27109 27.4
      vertex -7.26221 -3.27109 25.2
    endloop
  endfacet
  facet normal -0.998795 0.049072 0
    outer loop
      vertex -1.01541 -4.51365 25.2
      vertex -1 -4.2 27.4
      vertex -1 -4.2 25.2
    endloop
  endfacet
  facet normal -0.998795 0.049072 0
    outer loop
      vertex -1 -4.2 27.4
      vertex -1.01541 -4.51365 25.2
      vertex -1.01541 -4.51365 27.4
    endloop
  endfacet
  facet normal -0.0490704 -0.998795 0
    outer loop
      vertex -4.2 -1 25.2
      vertex -3.88634 -1.01541 27.4
      vertex -4.2 -1 27.4
    endloop
  endfacet
  facet normal -0.0490704 -0.998795 -0
    outer loop
      vertex -3.88634 -1.01541 27.4
      vertex -4.2 -1 25.2
      vertex -3.88634 -1.01541 25.2
    endloop
  endfacet
  facet normal -0.514107 -0.857726 0
    outer loop
      vertex -2.69153 -1.37785 25.2
      vertex -2.42217 -1.5393 27.4
      vertex -2.69153 -1.37785 27.4
    endloop
  endfacet
  facet normal -0.514107 -0.857726 -0
    outer loop
      vertex -2.42217 -1.5393 27.4
      vertex -2.69153 -1.37785 25.2
      vertex -2.42217 -1.5393 25.2
    endloop
  endfacet
  facet normal 0.998795 -0.0490704 0
    outer loop
      vertex -7.4 -4.2 27.4
      vertex -7.38459 -3.88634 25.2
      vertex -7.38459 -3.88634 27.4
    endloop
  endfacet
  facet normal 0.998795 -0.0490704 0
    outer loop
      vertex -7.38459 -3.88634 25.2
      vertex -7.4 -4.2 27.4
      vertex -7.4 -4.2 25.2
    endloop
  endfacet
  facet normal 0.803202 -0.595706 0
    outer loop
      vertex -6.8607 -2.42217 27.4
      vertex -6.67363 -2.16994 25.2
      vertex -6.67363 -2.16994 27.4
    endloop
  endfacet
  facet normal 0.803202 -0.595706 0
    outer loop
      vertex -6.67363 -2.16994 25.2
      vertex -6.8607 -2.42217 27.4
      vertex -6.8607 -2.42217 25.2
    endloop
  endfacet
  facet normal 0.24297 -0.970034 0
    outer loop
      vertex -5.12891 -1.13779 25.2
      vertex -4.82429 -1.06149 27.4
      vertex -5.12891 -1.13779 27.4
    endloop
  endfacet
  facet normal 0.24297 -0.970034 0
    outer loop
      vertex -4.82429 -1.06149 27.4
      vertex -5.12891 -1.13779 25.2
      vertex -4.82429 -1.06149 25.2
    endloop
  endfacet
  facet normal -0.514107 0.857726 0
    outer loop
      vertex -2.42217 -6.8607 25.2
      vertex -2.69153 -7.02215 27.4
      vertex -2.42217 -6.8607 27.4
    endloop
  endfacet
  facet normal -0.514107 0.857726 0
    outer loop
      vertex -2.69153 -7.02215 27.4
      vertex -2.42217 -6.8607 25.2
      vertex -2.69153 -7.02215 25.2
    endloop
  endfacet
  facet normal 0.903996 0.427541 0
    outer loop
      vertex -7.02215 -5.70847 27.4
      vertex -7.15641 -5.42459 25.2
      vertex -7.15641 -5.42459 27.4
    endloop
  endfacet
  facet normal 0.903996 0.427541 0
    outer loop
      vertex -7.15641 -5.42459 25.2
      vertex -7.02215 -5.70847 27.4
      vertex -7.02215 -5.70847 25.2
    endloop
  endfacet
  facet normal -0.989175 -0.146738 0
    outer loop
      vertex -1.01541 -3.88634 25.2
      vertex -1.06149 -3.57571 27.4
      vertex -1.06149 -3.57571 25.2
    endloop
  endfacet
  facet normal -0.989175 -0.146738 0
    outer loop
      vertex -1.06149 -3.57571 27.4
      vertex -1.01541 -3.88634 25.2
      vertex -1.01541 -3.88634 27.4
    endloop
  endfacet
  facet normal -0.803202 -0.595706 0
    outer loop
      vertex -1.5393 -2.42217 25.2
      vertex -1.72637 -2.16994 27.4
      vertex -1.72637 -2.16994 25.2
    endloop
  endfacet
  facet normal -0.803202 -0.595706 0
    outer loop
      vertex -1.72637 -2.16994 27.4
      vertex -1.5393 -2.42217 25.2
      vertex -1.5393 -2.42217 27.4
    endloop
  endfacet
  facet normal -0.671561 -0.740949 0
    outer loop
      vertex -2.16994 -1.72637 25.2
      vertex -1.93726 -1.93726 27.4
      vertex -2.16994 -1.72637 27.4
    endloop
  endfacet
  facet normal -0.671561 -0.740949 -0
    outer loop
      vertex -1.93726 -1.93726 27.4
      vertex -2.16994 -1.72637 25.2
      vertex -1.93726 -1.93726 25.2
    endloop
  endfacet
  facet normal 0.049072 -0.998795 0
    outer loop
      vertex -4.51365 -1.01541 25.2
      vertex -4.2 -1 27.4
      vertex -4.51365 -1.01541 27.4
    endloop
  endfacet
  facet normal 0.049072 -0.998795 0
    outer loop
      vertex -4.2 -1 27.4
      vertex -4.51365 -1.01541 25.2
      vertex -4.2 -1 25.2
    endloop
  endfacet
  facet normal -0.24297 -0.970034 0
    outer loop
      vertex -3.57571 -1.06149 25.2
      vertex -3.27109 -1.13779 27.4
      vertex -3.57571 -1.06149 27.4
    endloop
  endfacet
  facet normal -0.24297 -0.970034 -0
    outer loop
      vertex -3.27109 -1.13779 27.4
      vertex -3.57571 -1.06149 25.2
      vertex -3.27109 -1.13779 25.2
    endloop
  endfacet
  facet normal -0.146738 -0.989175 0
    outer loop
      vertex -3.88634 -1.01541 25.2
      vertex -3.57571 -1.06149 27.4
      vertex -3.88634 -1.01541 27.4
    endloop
  endfacet
  facet normal -0.146738 -0.989175 -0
    outer loop
      vertex -3.57571 -1.06149 27.4
      vertex -3.88634 -1.01541 25.2
      vertex -3.57571 -1.06149 25.2
    endloop
  endfacet
  facet normal -0.427567 -0.903983 0
    outer loop
      vertex -2.97541 -1.24358 25.2
      vertex -2.69153 -1.37785 27.4
      vertex -2.97541 -1.24358 27.4
    endloop
  endfacet
  facet normal -0.427567 -0.903983 -0
    outer loop
      vertex -2.69153 -1.37785 27.4
      vertex -2.97541 -1.24358 25.2
      vertex -2.69153 -1.37785 25.2
    endloop
  endfacet
  facet normal -0.595706 -0.803202 0
    outer loop
      vertex -2.42217 -1.5393 25.2
      vertex -2.16994 -1.72637 27.4
      vertex -2.42217 -1.5393 27.4
    endloop
  endfacet
  facet normal -0.595706 -0.803202 -0
    outer loop
      vertex -2.16994 -1.72637 27.4
      vertex -2.42217 -1.5393 25.2
      vertex -2.16994 -1.72637 25.2
    endloop
  endfacet
  facet normal 0.970034 -0.24297 0
    outer loop
      vertex -7.33851 -3.57571 27.4
      vertex -7.26221 -3.27109 25.2
      vertex -7.26221 -3.27109 27.4
    endloop
  endfacet
  facet normal 0.970034 -0.24297 0
    outer loop
      vertex -7.26221 -3.27109 25.2
      vertex -7.33851 -3.57571 27.4
      vertex -7.33851 -3.57571 25.2
    endloop
  endfacet
  facet normal 0.989175 -0.146738 0
    outer loop
      vertex -7.38459 -3.88634 27.4
      vertex -7.33851 -3.57571 25.2
      vertex -7.33851 -3.57571 27.4
    endloop
  endfacet
  facet normal 0.989175 -0.146738 0
    outer loop
      vertex -7.33851 -3.57571 25.2
      vertex -7.38459 -3.88634 27.4
      vertex -7.38459 -3.88634 25.2
    endloop
  endfacet
  facet normal 0.903996 -0.427541 0
    outer loop
      vertex -7.15641 -2.97541 27.4
      vertex -7.02215 -2.69153 25.2
      vertex -7.02215 -2.69153 27.4
    endloop
  endfacet
  facet normal 0.903996 -0.427541 0
    outer loop
      vertex -7.02215 -2.69153 25.2
      vertex -7.15641 -2.97541 27.4
      vertex -7.15641 -2.97541 25.2
    endloop
  endfacet
  facet normal 0.857726 -0.514107 0
    outer loop
      vertex -7.02215 -2.69153 27.4
      vertex -6.8607 -2.42217 25.2
      vertex -6.8607 -2.42217 27.4
    endloop
  endfacet
  facet normal 0.857726 -0.514107 0
    outer loop
      vertex -6.8607 -2.42217 25.2
      vertex -7.02215 -2.69153 27.4
      vertex -7.02215 -2.69153 25.2
    endloop
  endfacet
  facet normal 0.336873 -0.94155 0
    outer loop
      vertex -5.42459 -1.24358 25.2
      vertex -5.12891 -1.13779 27.4
      vertex -5.42459 -1.24358 27.4
    endloop
  endfacet
  facet normal 0.336873 -0.94155 0
    outer loop
      vertex -5.12891 -1.13779 27.4
      vertex -5.42459 -1.24358 25.2
      vertex -5.12891 -1.13779 25.2
    endloop
  endfacet
  facet normal 0.146733 -0.989176 0
    outer loop
      vertex -4.82429 -1.06149 25.2
      vertex -4.51365 -1.01541 27.4
      vertex -4.82429 -1.06149 27.4
    endloop
  endfacet
  facet normal 0.146733 -0.989176 0
    outer loop
      vertex -4.51365 -1.01541 27.4
      vertex -4.82429 -1.06149 25.2
      vertex -4.51365 -1.01541 25.2
    endloop
  endfacet
  facet normal 0.595691 -0.803214 0
    outer loop
      vertex -6.23006 -1.72637 25.2
      vertex -5.97782 -1.5393 27.4
      vertex -6.23006 -1.72637 27.4
    endloop
  endfacet
  facet normal 0.595691 -0.803214 0
    outer loop
      vertex -5.97782 -1.5393 27.4
      vertex -6.23006 -1.72637 25.2
      vertex -5.97782 -1.5393 25.2
    endloop
  endfacet
  facet normal 0.671561 -0.740949 0
    outer loop
      vertex -6.46274 -1.93726 25.2
      vertex -6.23006 -1.72637 27.4
      vertex -6.46274 -1.93726 27.4
    endloop
  endfacet
  facet normal 0.671561 -0.740949 0
    outer loop
      vertex -6.23006 -1.72637 27.4
      vertex -6.46274 -1.93726 25.2
      vertex -6.23006 -1.72637 25.2
    endloop
  endfacet
  facet normal 0.514121 -0.857718 0
    outer loop
      vertex -5.97782 -1.5393 25.2
      vertex -5.70847 -1.37785 27.4
      vertex -5.97782 -1.5393 27.4
    endloop
  endfacet
  facet normal 0.514121 -0.857718 0
    outer loop
      vertex -5.70847 -1.37785 27.4
      vertex -5.97782 -1.5393 25.2
      vertex -5.70847 -1.37785 25.2
    endloop
  endfacet
  facet normal 0.740949 -0.671561 0
    outer loop
      vertex -6.67363 -2.16994 27.4
      vertex -6.46274 -1.93726 25.2
      vertex -6.46274 -1.93726 27.4
    endloop
  endfacet
  facet normal 0.740949 -0.671561 0
    outer loop
      vertex -6.46274 -1.93726 25.2
      vertex -6.67363 -2.16994 27.4
      vertex -6.67363 -2.16994 25.2
    endloop
  endfacet
  facet normal -0.998795 -0.0490704 0
    outer loop
      vertex -1 -4.2 25.2
      vertex -1.01541 -3.88634 27.4
      vertex -1.01541 -3.88634 25.2
    endloop
  endfacet
  facet normal -0.998795 -0.0490704 0
    outer loop
      vertex -1.01541 -3.88634 27.4
      vertex -1 -4.2 25.2
      vertex -1 -4.2 27.4
    endloop
  endfacet
  facet normal -0.970034 0.24297 0
    outer loop
      vertex -1.13779 -5.12891 25.2
      vertex -1.06149 -4.82429 27.4
      vertex -1.06149 -4.82429 25.2
    endloop
  endfacet
  facet normal -0.970034 0.24297 0
    outer loop
      vertex -1.06149 -4.82429 27.4
      vertex -1.13779 -5.12891 25.2
      vertex -1.13779 -5.12891 27.4
    endloop
  endfacet
  facet normal -0.803214 0.595691 0
    outer loop
      vertex -1.72637 -6.23006 25.2
      vertex -1.5393 -5.97782 27.4
      vertex -1.5393 -5.97782 25.2
    endloop
  endfacet
  facet normal -0.803214 0.595691 0
    outer loop
      vertex -1.5393 -5.97782 27.4
      vertex -1.72637 -6.23006 25.2
      vertex -1.72637 -6.23006 27.4
    endloop
  endfacet
  facet normal -0.427541 0.903996 0
    outer loop
      vertex -2.69153 -7.02215 25.2
      vertex -2.97541 -7.15641 27.4
      vertex -2.69153 -7.02215 27.4
    endloop
  endfacet
  facet normal -0.427541 0.903996 0
    outer loop
      vertex -2.97541 -7.15641 27.4
      vertex -2.69153 -7.02215 25.2
      vertex -2.97541 -7.15641 25.2
    endloop
  endfacet
  facet normal -0.903983 -0.427567 0
    outer loop
      vertex -1.24358 -2.97541 25.2
      vertex -1.37785 -2.69153 27.4
      vertex -1.37785 -2.69153 25.2
    endloop
  endfacet
  facet normal -0.903983 -0.427567 0
    outer loop
      vertex -1.37785 -2.69153 27.4
      vertex -1.24358 -2.97541 25.2
      vertex -1.24358 -2.97541 27.4
    endloop
  endfacet
  facet normal -0.94155 -0.336873 0
    outer loop
      vertex -1.13779 -3.27109 25.2
      vertex -1.24358 -2.97541 27.4
      vertex -1.24358 -2.97541 25.2
    endloop
  endfacet
  facet normal -0.94155 -0.336873 0
    outer loop
      vertex -1.24358 -2.97541 27.4
      vertex -1.13779 -3.27109 25.2
      vertex -1.13779 -3.27109 27.4
    endloop
  endfacet
  facet normal -0.740949 -0.671561 0
    outer loop
      vertex -1.72637 -2.16994 25.2
      vertex -1.93726 -1.93726 27.4
      vertex -1.93726 -1.93726 25.2
    endloop
  endfacet
  facet normal -0.740949 -0.671561 0
    outer loop
      vertex -1.93726 -1.93726 27.4
      vertex -1.72637 -2.16994 25.2
      vertex -1.72637 -2.16994 27.4
    endloop
  endfacet
  facet normal -0.989176 0.146733 0
    outer loop
      vertex -1.06149 -4.82429 25.2
      vertex -1.01541 -4.51365 27.4
      vertex -1.01541 -4.51365 25.2
    endloop
  endfacet
  facet normal -0.989176 0.146733 0
    outer loop
      vertex -1.01541 -4.51365 27.4
      vertex -1.06149 -4.82429 25.2
      vertex -1.06149 -4.82429 27.4
    endloop
  endfacet
  facet normal -0.903983 0.427567 0
    outer loop
      vertex -1.37785 -5.70847 25.2
      vertex -1.24358 -5.42459 27.4
      vertex -1.24358 -5.42459 25.2
    endloop
  endfacet
  facet normal -0.903983 0.427567 0
    outer loop
      vertex -1.24358 -5.42459 27.4
      vertex -1.37785 -5.70847 25.2
      vertex -1.37785 -5.70847 27.4
    endloop
  endfacet
  facet normal -0.94155 0.336873 0
    outer loop
      vertex -1.24358 -5.42459 25.2
      vertex -1.13779 -5.12891 27.4
      vertex -1.13779 -5.12891 25.2
    endloop
  endfacet
  facet normal -0.94155 0.336873 0
    outer loop
      vertex -1.13779 -5.12891 27.4
      vertex -1.24358 -5.42459 25.2
      vertex -1.24358 -5.42459 27.4
    endloop
  endfacet
  facet normal 0.049072 0.998795 -0
    outer loop
      vertex -4.2 -7.4 25.2
      vertex -4.51365 -7.38459 27.4
      vertex -4.2 -7.4 27.4
    endloop
  endfacet
  facet normal 0.049072 0.998795 0
    outer loop
      vertex -4.51365 -7.38459 27.4
      vertex -4.2 -7.4 25.2
      vertex -4.51365 -7.38459 25.2
    endloop
  endfacet
  facet normal 0.998795 0.049072 0
    outer loop
      vertex -7.38459 -4.51365 27.4
      vertex -7.4 -4.2 25.2
      vertex -7.4 -4.2 27.4
    endloop
  endfacet
  facet normal 0.998795 0.049072 0
    outer loop
      vertex -7.4 -4.2 25.2
      vertex -7.38459 -4.51365 27.4
      vertex -7.38459 -4.51365 25.2
    endloop
  endfacet
  facet normal 0.970034 0.24297 0
    outer loop
      vertex -7.26221 -5.12891 27.4
      vertex -7.33851 -4.82429 25.2
      vertex -7.33851 -4.82429 27.4
    endloop
  endfacet
  facet normal 0.970034 0.24297 0
    outer loop
      vertex -7.33851 -4.82429 25.2
      vertex -7.26221 -5.12891 27.4
      vertex -7.26221 -5.12891 25.2
    endloop
  endfacet
  facet normal -0.146738 0.989175 0
    outer loop
      vertex -3.57571 -7.33851 25.2
      vertex -3.88634 -7.38459 27.4
      vertex -3.57571 -7.33851 27.4
    endloop
  endfacet
  facet normal -0.146738 0.989175 0
    outer loop
      vertex -3.88634 -7.38459 27.4
      vertex -3.57571 -7.33851 25.2
      vertex -3.88634 -7.38459 25.2
    endloop
  endfacet
  facet normal -0.336901 0.94154 0
    outer loop
      vertex -2.97541 -7.15641 25.2
      vertex -3.27109 -7.26221 27.4
      vertex -2.97541 -7.15641 27.4
    endloop
  endfacet
  facet normal -0.336901 0.94154 0
    outer loop
      vertex -3.27109 -7.26221 27.4
      vertex -2.97541 -7.15641 25.2
      vertex -3.27109 -7.26221 25.2
    endloop
  endfacet
  facet normal -0.970034 -0.24297 0
    outer loop
      vertex -1.06149 -3.57571 25.2
      vertex -1.13779 -3.27109 27.4
      vertex -1.13779 -3.27109 25.2
    endloop
  endfacet
  facet normal -0.970034 -0.24297 0
    outer loop
      vertex -1.13779 -3.27109 27.4
      vertex -1.06149 -3.57571 25.2
      vertex -1.06149 -3.57571 27.4
    endloop
  endfacet
  facet normal -0.671561 0.740949 0
    outer loop
      vertex -1.93726 -6.46274 25.2
      vertex -2.16994 -6.67363 27.4
      vertex -1.93726 -6.46274 27.4
    endloop
  endfacet
  facet normal -0.671561 0.740949 0
    outer loop
      vertex -2.16994 -6.67363 27.4
      vertex -1.93726 -6.46274 25.2
      vertex -2.16994 -6.67363 25.2
    endloop
  endfacet
  facet normal -0.595706 0.803202 0
    outer loop
      vertex -2.16994 -6.67363 25.2
      vertex -2.42217 -6.8607 27.4
      vertex -2.16994 -6.67363 27.4
    endloop
  endfacet
  facet normal -0.595706 0.803202 0
    outer loop
      vertex -2.42217 -6.8607 27.4
      vertex -2.16994 -6.67363 25.2
      vertex -2.42217 -6.8607 25.2
    endloop
  endfacet
  facet normal -0.857718 0.514121 0
    outer loop
      vertex -1.5393 -5.97782 25.2
      vertex -1.37785 -5.70847 27.4
      vertex -1.37785 -5.70847 25.2
    endloop
  endfacet
  facet normal -0.857718 0.514121 0
    outer loop
      vertex -1.37785 -5.70847 27.4
      vertex -1.5393 -5.97782 25.2
      vertex -1.5393 -5.97782 27.4
    endloop
  endfacet
  facet normal 0.671561 0.740949 -0
    outer loop
      vertex -6.23006 -6.67363 25.2
      vertex -6.46274 -6.46274 27.4
      vertex -6.23006 -6.67363 27.4
    endloop
  endfacet
  facet normal 0.671561 0.740949 0
    outer loop
      vertex -6.46274 -6.46274 27.4
      vertex -6.23006 -6.67363 25.2
      vertex -6.46274 -6.46274 25.2
    endloop
  endfacet
  facet normal -0.0490704 0.998795 0
    outer loop
      vertex -3.88634 -7.38459 25.2
      vertex -4.2 -7.4 27.4
      vertex -3.88634 -7.38459 27.4
    endloop
  endfacet
  facet normal -0.0490704 0.998795 0
    outer loop
      vertex -4.2 -7.4 27.4
      vertex -3.88634 -7.38459 25.2
      vertex -4.2 -7.4 25.2
    endloop
  endfacet
  facet normal 0.24297 0.970034 -0
    outer loop
      vertex -4.82429 -7.33851 25.2
      vertex -5.12891 -7.26221 27.4
      vertex -4.82429 -7.33851 27.4
    endloop
  endfacet
  facet normal 0.24297 0.970034 0
    outer loop
      vertex -5.12891 -7.26221 27.4
      vertex -4.82429 -7.33851 25.2
      vertex -5.12891 -7.26221 25.2
    endloop
  endfacet
  facet normal 0.146733 0.989176 -0
    outer loop
      vertex -4.51365 -7.38459 25.2
      vertex -4.82429 -7.33851 27.4
      vertex -4.51365 -7.38459 27.4
    endloop
  endfacet
  facet normal 0.146733 0.989176 0
    outer loop
      vertex -4.82429 -7.33851 27.4
      vertex -4.51365 -7.38459 25.2
      vertex -4.82429 -7.33851 25.2
    endloop
  endfacet
  facet normal 0.595691 0.803214 -0
    outer loop
      vertex -5.97782 -6.8607 25.2
      vertex -6.23006 -6.67363 27.4
      vertex -5.97782 -6.8607 27.4
    endloop
  endfacet
  facet normal 0.595691 0.803214 0
    outer loop
      vertex -6.23006 -6.67363 27.4
      vertex -5.97782 -6.8607 25.2
      vertex -6.23006 -6.67363 25.2
    endloop
  endfacet
  facet normal 0 0 1
    outer loop
      vertex -2.5 -4.2 25.2
      vertex -1 -4.2 25.2
      vertex -1.01541 -3.88634 25.2
    endloop
  endfacet
  facet normal 0 0 1
    outer loop
      vertex -2.50819 -4.03337 25.2
      vertex -1.01541 -3.88634 25.2
      vertex -1.06149 -3.57571 25.2
    endloop
  endfacet
  facet normal 0 0 1
    outer loop
      vertex -1 -4.2 25.2
      vertex -2.5 -4.2 25.2
      vertex -1.01541 -4.51365 25.2
    endloop
  endfacet
  facet normal 0 0 1
    outer loop
      vertex -2.53266 -3.86835 25.2
      vertex -1.06149 -3.57571 25.2
      vertex -1.13779 -3.27109 25.2
    endloop
  endfacet
  facet normal -0 0 1
    outer loop
      vertex -2.50819 -4.36663 25.2
      vertex -1.01541 -4.51365 25.2
      vertex -2.5 -4.2 25.2
    endloop
  endfacet
  facet normal 0 0 1
    outer loop
      vertex -2.5732 -3.70652 25.2
      vertex -1.13779 -3.27109 25.2
      vertex -1.24358 -2.97541 25.2
    endloop
  endfacet
  facet normal 0 0 1
    outer loop
      vertex -1.01541 -4.51365 25.2
      vertex -2.50819 -4.36663 25.2
      vertex -1.06149 -4.82429 25.2
    endloop
  endfacet
  facet normal 0 0 1
    outer loop
      vertex -2.6294 -3.54944 25.2
      vertex -1.24358 -2.97541 25.2
      vertex -1.37785 -2.69153 25.2
    endloop
  endfacet
  facet normal -0 0 1
    outer loop
      vertex -2.53266 -4.53165 25.2
      vertex -1.06149 -4.82429 25.2
      vertex -2.50819 -4.36663 25.2
    endloop
  endfacet
  facet normal 0 0 1
    outer loop
      vertex -2.70073 -3.39863 25.2
      vertex -1.37785 -2.69153 25.2
      vertex -1.5393 -2.42217 25.2
    endloop
  endfacet
  facet normal 0 0 1
    outer loop
      vertex -1.06149 -4.82429 25.2
      vertex -2.53266 -4.53165 25.2
      vertex -1.13779 -5.12891 25.2
    endloop
  endfacet
  facet normal 0 0 1
    outer loop
      vertex -2.7865 -3.25553 25.2
      vertex -1.5393 -2.42217 25.2
      vertex -1.72637 -2.16994 25.2
    endloop
  endfacet
  facet normal -0 0 1
    outer loop
      vertex -2.5732 -4.69348 25.2
      vertex -1.13779 -5.12891 25.2
      vertex -2.53266 -4.53165 25.2
    endloop
  endfacet
  facet normal 0 0 1
    outer loop
      vertex -2.88588 -3.12153 25.2
      vertex -1.72637 -2.16994 25.2
      vertex -1.93726 -1.93726 25.2
    endloop
  endfacet
  facet normal 0 0 1
    outer loop
      vertex -1.13779 -5.12891 25.2
      vertex -2.5732 -4.69348 25.2
      vertex -1.24358 -5.42459 25.2
    endloop
  endfacet
  facet normal 0 0 1
    outer loop
      vertex -2.99792 -2.99792 25.2
      vertex -1.93726 -1.93726 25.2
      vertex -2.16994 -1.72637 25.2
    endloop
  endfacet
  facet normal -0 0 1
    outer loop
      vertex -2.6294 -4.85056 25.2
      vertex -1.24358 -5.42459 25.2
      vertex -2.5732 -4.69348 25.2
    endloop
  endfacet
  facet normal 0 0 1
    outer loop
      vertex -3.12153 -2.88588 25.2
      vertex -2.16994 -1.72637 25.2
      vertex -2.42217 -1.5393 25.2
    endloop
  endfacet
  facet normal 0 0 1
    outer loop
      vertex -1.24358 -5.42459 25.2
      vertex -2.6294 -4.85056 25.2
      vertex -1.37785 -5.70847 25.2
    endloop
  endfacet
  facet normal -0 0 1
    outer loop
      vertex -2.70073 -5.00137 25.2
      vertex -1.37785 -5.70847 25.2
      vertex -2.6294 -4.85056 25.2
    endloop
  endfacet
  facet normal 0 0 1
    outer loop
      vertex -1.01541 -3.88634 25.2
      vertex -2.50819 -4.03337 25.2
      vertex -2.5 -4.2 25.2
    endloop
  endfacet
  facet normal 0 0 1
    outer loop
      vertex -1.06149 -3.57571 25.2
      vertex -2.53266 -3.86835 25.2
      vertex -2.50819 -4.03337 25.2
    endloop
  endfacet
  facet normal 0 0 1
    outer loop
      vertex -1.13779 -3.27109 25.2
      vertex -2.5732 -3.70652 25.2
      vertex -2.53266 -3.86835 25.2
    endloop
  endfacet
  facet normal 0 0 1
    outer loop
      vertex -1.24358 -2.97541 25.2
      vertex -2.6294 -3.54944 25.2
      vertex -2.5732 -3.70652 25.2
    endloop
  endfacet
  facet normal 0 0 1
    outer loop
      vertex -3.25553 -2.7865 25.2
      vertex -2.42217 -1.5393 25.2
      vertex -2.69153 -1.37785 25.2
    endloop
  endfacet
  facet normal 0 0 1
    outer loop
      vertex -1.37785 -2.69153 25.2
      vertex -2.70073 -3.39863 25.2
      vertex -2.6294 -3.54944 25.2
    endloop
  endfacet
  facet normal 0 0 1
    outer loop
      vertex -1.5393 -2.42217 25.2
      vertex -2.7865 -3.25553 25.2
      vertex -2.70073 -3.39863 25.2
    endloop
  endfacet
  facet normal 0 0 1
    outer loop
      vertex -1.72637 -2.16994 25.2
      vertex -2.88588 -3.12153 25.2
      vertex -2.7865 -3.25553 25.2
    endloop
  endfacet
  facet normal 0 0 1
    outer loop
      vertex -3.39863 -2.70073 25.2
      vertex -2.69153 -1.37785 25.2
      vertex -2.97541 -1.24358 25.2
    endloop
  endfacet
  facet normal 0 0 1
    outer loop
      vertex -1.93726 -1.93726 25.2
      vertex -2.99792 -2.99792 25.2
      vertex -2.88588 -3.12153 25.2
    endloop
  endfacet
  facet normal 0 0 1
    outer loop
      vertex -2.16994 -1.72637 25.2
      vertex -3.12153 -2.88588 25.2
      vertex -2.99792 -2.99792 25.2
    endloop
  endfacet
  facet normal 0 0 1
    outer loop
      vertex -2.42217 -1.5393 25.2
      vertex -3.25553 -2.7865 25.2
      vertex -3.12153 -2.88588 25.2
    endloop
  endfacet
  facet normal 0 0 1
    outer loop
      vertex -3.54944 -2.6294 25.2
      vertex -2.97541 -1.24358 25.2
      vertex -3.27109 -1.13779 25.2
    endloop
  endfacet
  facet normal 0 0 1
    outer loop
      vertex -2.69153 -1.37785 25.2
      vertex -3.39863 -2.70073 25.2
      vertex -3.25553 -2.7865 25.2
    endloop
  endfacet
  facet normal 0 0 1
    outer loop
      vertex -2.97541 -1.24358 25.2
      vertex -3.54944 -2.6294 25.2
      vertex -3.39863 -2.70073 25.2
    endloop
  endfacet
  facet normal 0 0 1
    outer loop
      vertex -3.70652 -2.5732 25.2
      vertex -3.27109 -1.13779 25.2
      vertex -3.57571 -1.06149 25.2
    endloop
  endfacet
  facet normal 0 0 1
    outer loop
      vertex -3.27109 -1.13779 25.2
      vertex -3.70652 -2.5732 25.2
      vertex -3.54944 -2.6294 25.2
    endloop
  endfacet
  facet normal 0 0 1
    outer loop
      vertex -3.57571 -1.06149 25.2
      vertex -3.86835 -2.53266 25.2
      vertex -3.70652 -2.5732 25.2
    endloop
  endfacet
  facet normal 0 0 1
    outer loop
      vertex -3.88634 -1.01541 25.2
      vertex -3.86835 -2.53266 25.2
      vertex -3.57571 -1.06149 25.2
    endloop
  endfacet
  facet normal 0 0 1
    outer loop
      vertex -3.88634 -1.01541 25.2
      vertex -4.03337 -2.50819 25.2
      vertex -3.86835 -2.53266 25.2
    endloop
  endfacet
  facet normal 0 0 1
    outer loop
      vertex -4.2 -1 25.2
      vertex -4.03337 -2.50819 25.2
      vertex -3.88634 -1.01541 25.2
    endloop
  endfacet
  facet normal 0 0 1
    outer loop
      vertex -4.2 -1 25.2
      vertex -4.2 -2.5 25.2
      vertex -4.03337 -2.50819 25.2
    endloop
  endfacet
  facet normal 0 0 1
    outer loop
      vertex -4.2 -1 25.2
      vertex -4.36663 -2.50819 25.2
      vertex -4.2 -2.5 25.2
    endloop
  endfacet
  facet normal -0 0 1
    outer loop
      vertex -4.51365 -1.01541 25.2
      vertex -4.36663 -2.50819 25.2
      vertex -4.2 -1 25.2
    endloop
  endfacet
  facet normal 0 0 1
    outer loop
      vertex -4.51365 -1.01541 25.2
      vertex -4.53165 -2.53266 25.2
      vertex -4.36663 -2.50819 25.2
    endloop
  endfacet
  facet normal -0 0 1
    outer loop
      vertex -4.82429 -1.06149 25.2
      vertex -4.53165 -2.53266 25.2
      vertex -4.51365 -1.01541 25.2
    endloop
  endfacet
  facet normal 0 0 1
    outer loop
      vertex -4.53165 -2.53266 25.2
      vertex -4.82429 -1.06149 25.2
      vertex -4.69348 -2.5732 25.2
    endloop
  endfacet
  facet normal -0 0 1
    outer loop
      vertex -5.12891 -1.13779 25.2
      vertex -4.69348 -2.5732 25.2
      vertex -4.82429 -1.06149 25.2
    endloop
  endfacet
  facet normal 0 0 1
    outer loop
      vertex -4.69348 -2.5732 25.2
      vertex -5.12891 -1.13779 25.2
      vertex -4.85056 -2.6294 25.2
    endloop
  endfacet
  facet normal -0 0 1
    outer loop
      vertex -5.42459 -1.24358 25.2
      vertex -4.85056 -2.6294 25.2
      vertex -5.12891 -1.13779 25.2
    endloop
  endfacet
  facet normal 0 0 1
    outer loop
      vertex -4.85056 -2.6294 25.2
      vertex -5.42459 -1.24358 25.2
      vertex -5.00137 -2.70073 25.2
    endloop
  endfacet
  facet normal -0 0 1
    outer loop
      vertex -5.70847 -1.37785 25.2
      vertex -5.00137 -2.70073 25.2
      vertex -5.42459 -1.24358 25.2
    endloop
  endfacet
  facet normal 0 0 1
    outer loop
      vertex -5.00137 -2.70073 25.2
      vertex -5.70847 -1.37785 25.2
      vertex -5.14447 -2.7865 25.2
    endloop
  endfacet
  facet normal -0 0 1
    outer loop
      vertex -5.97782 -1.5393 25.2
      vertex -5.14447 -2.7865 25.2
      vertex -5.70847 -1.37785 25.2
    endloop
  endfacet
  facet normal 0 0 1
    outer loop
      vertex -5.14447 -2.7865 25.2
      vertex -5.97782 -1.5393 25.2
      vertex -5.27847 -2.88588 25.2
    endloop
  endfacet
  facet normal -0 0 1
    outer loop
      vertex -6.23006 -1.72637 25.2
      vertex -5.27847 -2.88588 25.2
      vertex -5.97782 -1.5393 25.2
    endloop
  endfacet
  facet normal 0 0 1
    outer loop
      vertex -5.27847 -2.88588 25.2
      vertex -6.23006 -1.72637 25.2
      vertex -5.40208 -2.99792 25.2
    endloop
  endfacet
  facet normal -0 0 1
    outer loop
      vertex -6.46274 -1.93726 25.2
      vertex -5.40208 -2.99792 25.2
      vertex -6.23006 -1.72637 25.2
    endloop
  endfacet
  facet normal 0 0 1
    outer loop
      vertex -5.40208 -2.99792 25.2
      vertex -6.46274 -1.93726 25.2
      vertex -5.51412 -3.12153 25.2
    endloop
  endfacet
  facet normal -0 0 1
    outer loop
      vertex -6.67363 -2.16994 25.2
      vertex -5.51412 -3.12153 25.2
      vertex -6.46274 -1.93726 25.2
    endloop
  endfacet
  facet normal 0 0 1
    outer loop
      vertex -5.51412 -3.12153 25.2
      vertex -6.67363 -2.16994 25.2
      vertex -5.6135 -3.25553 25.2
    endloop
  endfacet
  facet normal -0 0 1
    outer loop
      vertex -6.8607 -2.42217 25.2
      vertex -5.6135 -3.25553 25.2
      vertex -6.67363 -2.16994 25.2
    endloop
  endfacet
  facet normal -0 0 1
    outer loop
      vertex -7.02215 -2.69153 25.2
      vertex -5.69927 -3.39863 25.2
      vertex -6.8607 -2.42217 25.2
    endloop
  endfacet
  facet normal 0 0 1
    outer loop
      vertex -5.6135 -3.25553 25.2
      vertex -6.8607 -2.42217 25.2
      vertex -5.69927 -3.39863 25.2
    endloop
  endfacet
  facet normal 0 0 1
    outer loop
      vertex -1.37785 -5.70847 25.2
      vertex -2.70073 -5.00137 25.2
      vertex -1.5393 -5.97782 25.2
    endloop
  endfacet
  facet normal -0 0 1
    outer loop
      vertex -2.7865 -5.14447 25.2
      vertex -1.5393 -5.97782 25.2
      vertex -2.70073 -5.00137 25.2
    endloop
  endfacet
  facet normal 0 0 1
    outer loop
      vertex -1.5393 -5.97782 25.2
      vertex -2.7865 -5.14447 25.2
      vertex -1.72637 -6.23006 25.2
    endloop
  endfacet
  facet normal -0 0 1
    outer loop
      vertex -2.88588 -5.27847 25.2
      vertex -1.72637 -6.23006 25.2
      vertex -2.7865 -5.14447 25.2
    endloop
  endfacet
  facet normal 0 0 1
    outer loop
      vertex -1.72637 -6.23006 25.2
      vertex -2.88588 -5.27847 25.2
      vertex -1.93726 -6.46274 25.2
    endloop
  endfacet
  facet normal -0 0 1
    outer loop
      vertex -2.99792 -5.40208 25.2
      vertex -1.93726 -6.46274 25.2
      vertex -2.88588 -5.27847 25.2
    endloop
  endfacet
  facet normal 0 0 1
    outer loop
      vertex -1.93726 -6.46274 25.2
      vertex -2.99792 -5.40208 25.2
      vertex -2.16994 -6.67363 25.2
    endloop
  endfacet
  facet normal -0 0 1
    outer loop
      vertex -3.12153 -5.51412 25.2
      vertex -2.16994 -6.67363 25.2
      vertex -2.99792 -5.40208 25.2
    endloop
  endfacet
  facet normal 0 0 1
    outer loop
      vertex -2.16994 -6.67363 25.2
      vertex -3.12153 -5.51412 25.2
      vertex -2.42217 -6.8607 25.2
    endloop
  endfacet
  facet normal -0 0 1
    outer loop
      vertex -3.25553 -5.6135 25.2
      vertex -2.42217 -6.8607 25.2
      vertex -3.12153 -5.51412 25.2
    endloop
  endfacet
  facet normal 0 0 1
    outer loop
      vertex -2.42217 -6.8607 25.2
      vertex -3.25553 -5.6135 25.2
      vertex -2.69153 -7.02215 25.2
    endloop
  endfacet
  facet normal -0 0 1
    outer loop
      vertex -3.39863 -5.69927 25.2
      vertex -2.69153 -7.02215 25.2
      vertex -3.25553 -5.6135 25.2
    endloop
  endfacet
  facet normal 0 0 1
    outer loop
      vertex -2.69153 -7.02215 25.2
      vertex -3.39863 -5.69927 25.2
      vertex -2.97541 -7.15641 25.2
    endloop
  endfacet
  facet normal -0 0 1
    outer loop
      vertex -3.54944 -5.77059 25.2
      vertex -2.97541 -7.15641 25.2
      vertex -3.39863 -5.69927 25.2
    endloop
  endfacet
  facet normal 0 0 1
    outer loop
      vertex -2.97541 -7.15641 25.2
      vertex -3.54944 -5.77059 25.2
      vertex -3.27109 -7.26221 25.2
    endloop
  endfacet
  facet normal -0 0 1
    outer loop
      vertex -3.70652 -5.8268 25.2
      vertex -3.27109 -7.26221 25.2
      vertex -3.54944 -5.77059 25.2
    endloop
  endfacet
  facet normal 0 0 1
    outer loop
      vertex -3.27109 -7.26221 25.2
      vertex -3.70652 -5.8268 25.2
      vertex -3.57571 -7.33851 25.2
    endloop
  endfacet
  facet normal -0 0 1
    outer loop
      vertex -3.86835 -5.86733 25.2
      vertex -3.57571 -7.33851 25.2
      vertex -3.70652 -5.8268 25.2
    endloop
  endfacet
  facet normal 0 0 1
    outer loop
      vertex -3.86835 -5.86733 25.2
      vertex -3.88634 -7.38459 25.2
      vertex -3.57571 -7.33851 25.2
    endloop
  endfacet
  facet normal -0 0 1
    outer loop
      vertex -4.03337 -5.89181 25.2
      vertex -3.88634 -7.38459 25.2
      vertex -3.86835 -5.86733 25.2
    endloop
  endfacet
  facet normal -0 0 1
    outer loop
      vertex -4.2 -5.9 25.2
      vertex -3.88634 -7.38459 25.2
      vertex -4.03337 -5.89181 25.2
    endloop
  endfacet
  facet normal 0 0 1
    outer loop
      vertex -4.2 -5.9 25.2
      vertex -4.2 -7.4 25.2
      vertex -3.88634 -7.38459 25.2
    endloop
  endfacet
  facet normal 0 0 1
    outer loop
      vertex -4.36663 -5.89181 25.2
      vertex -4.2 -7.4 25.2
      vertex -4.2 -5.9 25.2
    endloop
  endfacet
  facet normal 0 0 1
    outer loop
      vertex -4.36663 -5.89181 25.2
      vertex -4.51365 -7.38459 25.2
      vertex -4.2 -7.4 25.2
    endloop
  endfacet
  facet normal 0 0 1
    outer loop
      vertex -4.53165 -5.86733 25.2
      vertex -4.51365 -7.38459 25.2
      vertex -4.36663 -5.89181 25.2
    endloop
  endfacet
  facet normal 0 0 1
    outer loop
      vertex -4.82429 -7.33851 25.2
      vertex -4.53165 -5.86733 25.2
      vertex -4.69348 -5.8268 25.2
    endloop
  endfacet
  facet normal 0 0 1
    outer loop
      vertex -4.53165 -5.86733 25.2
      vertex -4.82429 -7.33851 25.2
      vertex -4.51365 -7.38459 25.2
    endloop
  endfacet
  facet normal 0 0 1
    outer loop
      vertex -5.12891 -7.26221 25.2
      vertex -4.69348 -5.8268 25.2
      vertex -4.85056 -5.77059 25.2
    endloop
  endfacet
  facet normal 0 0 1
    outer loop
      vertex -5.42459 -7.15641 25.2
      vertex -4.85056 -5.77059 25.2
      vertex -5.00137 -5.69927 25.2
    endloop
  endfacet
  facet normal 0 0 1
    outer loop
      vertex -4.69348 -5.8268 25.2
      vertex -5.12891 -7.26221 25.2
      vertex -4.82429 -7.33851 25.2
    endloop
  endfacet
  facet normal 0 0 1
    outer loop
      vertex -5.70847 -7.02215 25.2
      vertex -5.00137 -5.69927 25.2
      vertex -5.14447 -5.6135 25.2
    endloop
  endfacet
  facet normal 0 0 1
    outer loop
      vertex -5.97782 -6.8607 25.2
      vertex -5.14447 -5.6135 25.2
      vertex -5.27847 -5.51412 25.2
    endloop
  endfacet
  facet normal 0 0 1
    outer loop
      vertex -6.23006 -6.67363 25.2
      vertex -5.27847 -5.51412 25.2
      vertex -5.40208 -5.40208 25.2
    endloop
  endfacet
  facet normal 0 0 1
    outer loop
      vertex -4.85056 -5.77059 25.2
      vertex -5.42459 -7.15641 25.2
      vertex -5.12891 -7.26221 25.2
    endloop
  endfacet
  facet normal 0 0 1
    outer loop
      vertex -6.46274 -6.46274 25.2
      vertex -5.40208 -5.40208 25.2
      vertex -5.51412 -5.27847 25.2
    endloop
  endfacet
  facet normal 0 0 1
    outer loop
      vertex -6.67363 -6.23006 25.2
      vertex -5.51412 -5.27847 25.2
      vertex -5.6135 -5.14447 25.2
    endloop
  endfacet
  facet normal 0 0 1
    outer loop
      vertex -6.8607 -5.97782 25.2
      vertex -5.6135 -5.14447 25.2
      vertex -5.69927 -5.00137 25.2
    endloop
  endfacet
  facet normal 0 0 1
    outer loop
      vertex -5.00137 -5.69927 25.2
      vertex -5.70847 -7.02215 25.2
      vertex -5.42459 -7.15641 25.2
    endloop
  endfacet
  facet normal 0 0 1
    outer loop
      vertex -7.02215 -5.70847 25.2
      vertex -5.69927 -5.00137 25.2
      vertex -5.77059 -4.85056 25.2
    endloop
  endfacet
  facet normal 0 0 1
    outer loop
      vertex -7.15641 -5.42459 25.2
      vertex -5.77059 -4.85056 25.2
      vertex -5.8268 -4.69348 25.2
    endloop
  endfacet
  facet normal 0 0 1
    outer loop
      vertex -7.26221 -5.12891 25.2
      vertex -5.8268 -4.69348 25.2
      vertex -5.86733 -4.53165 25.2
    endloop
  endfacet
  facet normal 0 0 1
    outer loop
      vertex -7.33851 -4.82429 25.2
      vertex -5.86733 -4.53165 25.2
      vertex -5.89181 -4.36663 25.2
    endloop
  endfacet
  facet normal 0 0 1
    outer loop
      vertex -5.14447 -5.6135 25.2
      vertex -5.97782 -6.8607 25.2
      vertex -5.70847 -7.02215 25.2
    endloop
  endfacet
  facet normal 0 0 1
    outer loop
      vertex -7.38459 -4.51365 25.2
      vertex -5.89181 -4.36663 25.2
      vertex -5.9 -4.2 25.2
    endloop
  endfacet
  facet normal 0 0 1
    outer loop
      vertex -5.69927 -3.39863 25.2
      vertex -7.02215 -2.69153 25.2
      vertex -5.77059 -3.54944 25.2
    endloop
  endfacet
  facet normal -0 0 1
    outer loop
      vertex -7.15641 -2.97541 25.2
      vertex -5.77059 -3.54944 25.2
      vertex -7.02215 -2.69153 25.2
    endloop
  endfacet
  facet normal 0 0 1
    outer loop
      vertex -5.27847 -5.51412 25.2
      vertex -6.23006 -6.67363 25.2
      vertex -5.97782 -6.8607 25.2
    endloop
  endfacet
  facet normal 0 0 1
    outer loop
      vertex -5.77059 -3.54944 25.2
      vertex -7.15641 -2.97541 25.2
      vertex -5.8268 -3.70652 25.2
    endloop
  endfacet
  facet normal 0 0 1
    outer loop
      vertex -5.40208 -5.40208 25.2
      vertex -6.46274 -6.46274 25.2
      vertex -6.23006 -6.67363 25.2
    endloop
  endfacet
  facet normal -0 0 1
    outer loop
      vertex -7.26221 -3.27109 25.2
      vertex -5.8268 -3.70652 25.2
      vertex -7.15641 -2.97541 25.2
    endloop
  endfacet
  facet normal 0 0 1
    outer loop
      vertex -5.51412 -5.27847 25.2
      vertex -6.67363 -6.23006 25.2
      vertex -6.46274 -6.46274 25.2
    endloop
  endfacet
  facet normal 0 0 1
    outer loop
      vertex -5.8268 -3.70652 25.2
      vertex -7.26221 -3.27109 25.2
      vertex -5.86733 -3.86835 25.2
    endloop
  endfacet
  facet normal 0 0 1
    outer loop
      vertex -5.6135 -5.14447 25.2
      vertex -6.8607 -5.97782 25.2
      vertex -6.67363 -6.23006 25.2
    endloop
  endfacet
  facet normal -0 0 1
    outer loop
      vertex -7.33851 -3.57571 25.2
      vertex -5.86733 -3.86835 25.2
      vertex -7.26221 -3.27109 25.2
    endloop
  endfacet
  facet normal 0 0 1
    outer loop
      vertex -5.69927 -5.00137 25.2
      vertex -7.02215 -5.70847 25.2
      vertex -6.8607 -5.97782 25.2
    endloop
  endfacet
  facet normal 0 0 1
    outer loop
      vertex -5.86733 -3.86835 25.2
      vertex -7.33851 -3.57571 25.2
      vertex -5.89181 -4.03337 25.2
    endloop
  endfacet
  facet normal 0 0 1
    outer loop
      vertex -5.77059 -4.85056 25.2
      vertex -7.15641 -5.42459 25.2
      vertex -7.02215 -5.70847 25.2
    endloop
  endfacet
  facet normal -0 0 1
    outer loop
      vertex -7.38459 -3.88634 25.2
      vertex -5.89181 -4.03337 25.2
      vertex -7.33851 -3.57571 25.2
    endloop
  endfacet
  facet normal 0 0 1
    outer loop
      vertex -5.8268 -4.69348 25.2
      vertex -7.26221 -5.12891 25.2
      vertex -7.15641 -5.42459 25.2
    endloop
  endfacet
  facet normal 0 0 1
    outer loop
      vertex -5.89181 -4.03337 25.2
      vertex -7.38459 -3.88634 25.2
      vertex -5.9 -4.2 25.2
    endloop
  endfacet
  facet normal 0 0 1
    outer loop
      vertex -5.86733 -4.53165 25.2
      vertex -7.33851 -4.82429 25.2
      vertex -7.26221 -5.12891 25.2
    endloop
  endfacet
  facet normal 0 0 1
    outer loop
      vertex -7.4 -4.2 25.2
      vertex -5.9 -4.2 25.2
      vertex -7.38459 -3.88634 25.2
    endloop
  endfacet
  facet normal 0 0 1
    outer loop
      vertex -5.89181 -4.36663 25.2
      vertex -7.38459 -4.51365 25.2
      vertex -7.33851 -4.82429 25.2
    endloop
  endfacet
  facet normal 0 0 1
    outer loop
      vertex -5.9 -4.2 25.2
      vertex -7.4 -4.2 25.2
      vertex -7.38459 -4.51365 25.2
    endloop
  endfacet
  facet normal 0.989176 0.146733 0
    outer loop
      vertex -7.33851 -4.82429 27.4
      vertex -7.38459 -4.51365 25.2
      vertex -7.38459 -4.51365 27.4
    endloop
  endfacet
  facet normal 0.989176 0.146733 0
    outer loop
      vertex -7.38459 -4.51365 25.2
      vertex -7.33851 -4.82429 27.4
      vertex -7.33851 -4.82429 25.2
    endloop
  endfacet
  facet normal 0.94154 0.336901 0
    outer loop
      vertex -7.15641 -5.42459 27.4
      vertex -7.26221 -5.12891 25.2
      vertex -7.26221 -5.12891 27.4
    endloop
  endfacet
  facet normal 0.94154 0.336901 0
    outer loop
      vertex -7.26221 -5.12891 25.2
      vertex -7.15641 -5.42459 27.4
      vertex -7.15641 -5.42459 25.2
    endloop
  endfacet
  facet normal 0.857718 0.514121 0
    outer loop
      vertex -6.8607 -5.97782 27.4
      vertex -7.02215 -5.70847 25.2
      vertex -7.02215 -5.70847 27.4
    endloop
  endfacet
  facet normal 0.857718 0.514121 0
    outer loop
      vertex -7.02215 -5.70847 25.2
      vertex -6.8607 -5.97782 27.4
      vertex -6.8607 -5.97782 25.2
    endloop
  endfacet
  facet normal 0.740949 0.671561 0
    outer loop
      vertex -6.46274 -6.46274 27.4
      vertex -6.67363 -6.23006 25.2
      vertex -6.67363 -6.23006 27.4
    endloop
  endfacet
  facet normal 0.740949 0.671561 0
    outer loop
      vertex -6.67363 -6.23006 25.2
      vertex -6.46274 -6.46274 27.4
      vertex -6.46274 -6.46274 25.2
    endloop
  endfacet
  facet normal 0.803214 0.595691 0
    outer loop
      vertex -6.67363 -6.23006 27.4
      vertex -6.8607 -5.97782 25.2
      vertex -6.8607 -5.97782 27.4
    endloop
  endfacet
  facet normal 0.803214 0.595691 0
    outer loop
      vertex -6.8607 -5.97782 25.2
      vertex -6.67363 -6.23006 27.4
      vertex -6.67363 -6.23006 25.2
    endloop
  endfacet
  facet normal -0.24297 0.970034 0
    outer loop
      vertex -3.27109 -7.26221 25.2
      vertex -3.57571 -7.33851 27.4
      vertex -3.27109 -7.26221 27.4
    endloop
  endfacet
  facet normal -0.24297 0.970034 0
    outer loop
      vertex -3.57571 -7.33851 27.4
      vertex -3.27109 -7.26221 25.2
      vertex -3.57571 -7.33851 25.2
    endloop
  endfacet
  facet normal -0.740949 0.671561 0
    outer loop
      vertex -1.93726 -6.46274 25.2
      vertex -1.72637 -6.23006 27.4
      vertex -1.72637 -6.23006 25.2
    endloop
  endfacet
  facet normal -0.740949 0.671561 0
    outer loop
      vertex -1.72637 -6.23006 27.4
      vertex -1.93726 -6.46274 25.2
      vertex -1.93726 -6.46274 27.4
    endloop
  endfacet
  facet normal 0.514121 0.857718 -0
    outer loop
      vertex -5.70847 -7.02215 25.2
      vertex -5.97782 -6.8607 27.4
      vertex -5.70847 -7.02215 27.4
    endloop
  endfacet
  facet normal 0.514121 0.857718 0
    outer loop
      vertex -5.97782 -6.8607 27.4
      vertex -5.70847 -7.02215 25.2
      vertex -5.97782 -6.8607 25.2
    endloop
  endfacet
  facet normal 0.336901 0.94154 -0
    outer loop
      vertex -5.12891 -7.26221 25.2
      vertex -5.42459 -7.15641 27.4
      vertex -5.12891 -7.26221 27.4
    endloop
  endfacet
  facet normal 0.336901 0.94154 0
    outer loop
      vertex -5.42459 -7.15641 27.4
      vertex -5.12891 -7.26221 25.2
      vertex -5.42459 -7.15641 25.2
    endloop
  endfacet
  facet normal 0.427541 0.903996 -0
    outer loop
      vertex -5.42459 -7.15641 25.2
      vertex -5.70847 -7.02215 27.4
      vertex -5.42459 -7.15641 27.4
    endloop
  endfacet
  facet normal 0.427541 0.903996 0
    outer loop
      vertex -5.70847 -7.02215 27.4
      vertex -5.42459 -7.15641 25.2
      vertex -5.70847 -7.02215 25.2
    endloop
  endfacet
  facet normal -0.998797 -0.0490387 0
    outer loop
      vertex 92.667 -4.2 25.2
      vertex 92.6516 -3.88634 27.4
      vertex 92.6516 -3.88634 25.2
    endloop
  endfacet
  facet normal -0.998797 -0.0490387 0
    outer loop
      vertex 92.6516 -3.88634 27.4
      vertex 92.667 -4.2 25.2
      vertex 92.667 -4.2 27.4
    endloop
  endfacet
  facet normal 0.998797 -0.0490387 0
    outer loop
      vertex 86.267 -4.2 27.4
      vertex 86.2824 -3.88634 25.2
      vertex 86.2824 -3.88634 27.4
    endloop
  endfacet
  facet normal 0.998797 -0.0490387 0
    outer loop
      vertex 86.2824 -3.88634 25.2
      vertex 86.267 -4.2 27.4
      vertex 86.267 -4.2 25.2
    endloop
  endfacet
  facet normal 0.0490642 -0.998796 0
    outer loop
      vertex 89.1533 -1.01541 25.2
      vertex 89.467 -1 27.4
      vertex 89.1533 -1.01541 27.4
    endloop
  endfacet
  facet normal 0.0490642 -0.998796 0
    outer loop
      vertex 89.467 -1 27.4
      vertex 89.1533 -1.01541 25.2
      vertex 89.467 -1 25.2
    endloop
  endfacet
  facet normal -0.671688 -0.740834 0
    outer loop
      vertex 91.4971 -1.72637 25.2
      vertex 91.7297 -1.93726 27.4
      vertex 91.4971 -1.72637 27.4
    endloop
  endfacet
  facet normal -0.671688 -0.740834 -0
    outer loop
      vertex 91.7297 -1.93726 27.4
      vertex 91.4971 -1.72637 25.2
      vertex 91.7297 -1.93726 25.2
    endloop
  endfacet
  facet normal 0.671688 -0.740834 0
    outer loop
      vertex 87.2043 -1.93726 25.2
      vertex 87.4369 -1.72637 27.4
      vertex 87.2043 -1.93726 27.4
    endloop
  endfacet
  facet normal 0.671688 -0.740834 0
    outer loop
      vertex 87.4369 -1.72637 27.4
      vertex 87.2043 -1.93726 25.2
      vertex 87.4369 -1.72637 25.2
    endloop
  endfacet
  facet normal 0.336853 -0.941557 0
    outer loop
      vertex 88.2424 -1.24358 25.2
      vertex 88.5381 -1.13779 27.4
      vertex 88.2424 -1.24358 27.4
    endloop
  endfacet
  facet normal 0.336853 -0.941557 0
    outer loop
      vertex 88.5381 -1.13779 27.4
      vertex 88.2424 -1.24358 25.2
      vertex 88.5381 -1.13779 25.2
    endloop
  endfacet
  facet normal -0.903947 -0.427646 0
    outer loop
      vertex 92.4234 -2.97541 25.2
      vertex 92.2891 -2.69153 27.4
      vertex 92.2891 -2.69153 25.2
    endloop
  endfacet
  facet normal -0.903947 -0.427646 0
    outer loop
      vertex 92.2891 -2.69153 27.4
      vertex 92.4234 -2.97541 25.2
      vertex 92.4234 -2.97541 27.4
    endloop
  endfacet
  facet normal -0.336853 -0.941557 0
    outer loop
      vertex 90.3959 -1.13779 25.2
      vertex 90.6916 -1.24358 27.4
      vertex 90.3959 -1.13779 27.4
    endloop
  endfacet
  facet normal -0.336853 -0.941557 -0
    outer loop
      vertex 90.6916 -1.24358 27.4
      vertex 90.3959 -1.13779 25.2
      vertex 90.6916 -1.24358 25.2
    endloop
  endfacet
  facet normal 0.857796 -0.51399 0
    outer loop
      vertex 86.6449 -2.69153 27.4
      vertex 86.8063 -2.42217 25.2
      vertex 86.8063 -2.42217 27.4
    endloop
  endfacet
  facet normal 0.857796 -0.51399 0
    outer loop
      vertex 86.8063 -2.42217 25.2
      vertex 86.6449 -2.69153 27.4
      vertex 86.6449 -2.69153 25.2
    endloop
  endfacet
  facet normal 0.803157 -0.595768 0
    outer loop
      vertex 86.8063 -2.42217 27.4
      vertex 86.9934 -2.16994 25.2
      vertex 86.9934 -2.16994 27.4
    endloop
  endfacet
  facet normal 0.803157 -0.595768 0
    outer loop
      vertex 86.9934 -2.16994 25.2
      vertex 86.8063 -2.42217 27.4
      vertex 86.8063 -2.42217 25.2
    endloop
  endfacet
  facet normal 0.146752 -0.989173 0
    outer loop
      vertex 88.8427 -1.06149 25.2
      vertex 89.1533 -1.01541 27.4
      vertex 88.8427 -1.06149 27.4
    endloop
  endfacet
  facet normal 0.146752 -0.989173 0
    outer loop
      vertex 89.1533 -1.01541 27.4
      vertex 88.8427 -1.06149 25.2
      vertex 89.1533 -1.01541 25.2
    endloop
  endfacet
  facet normal -0.146752 0.989173 0
    outer loop
      vertex 90.0913 -7.33851 25.2
      vertex 89.7807 -7.38459 27.4
      vertex 90.0913 -7.33851 27.4
    endloop
  endfacet
  facet normal -0.146752 0.989173 0
    outer loop
      vertex 89.7807 -7.38459 27.4
      vertex 90.0913 -7.33851 25.2
      vertex 89.7807 -7.38459 25.2
    endloop
  endfacet
  facet normal -0.970034 -0.24297 0
    outer loop
      vertex 92.6055 -3.57571 25.2
      vertex 92.5292 -3.27109 27.4
      vertex 92.5292 -3.27109 25.2
    endloop
  endfacet
  facet normal -0.970034 -0.24297 0
    outer loop
      vertex 92.5292 -3.27109 27.4
      vertex 92.6055 -3.57571 25.2
      vertex 92.6055 -3.57571 27.4
    endloop
  endfacet
  facet normal -0.989166 -0.1468 0
    outer loop
      vertex 92.6516 -3.88634 25.2
      vertex 92.6055 -3.57571 27.4
      vertex 92.6055 -3.57571 25.2
    endloop
  endfacet
  facet normal -0.989166 -0.1468 0
    outer loop
      vertex 92.6055 -3.57571 27.4
      vertex 92.6516 -3.88634 25.2
      vertex 92.6516 -3.88634 27.4
    endloop
  endfacet
  facet normal -0.94154 -0.336901 0
    outer loop
      vertex 92.5292 -3.27109 25.2
      vertex 92.4234 -2.97541 27.4
      vertex 92.4234 -2.97541 25.2
    endloop
  endfacet
  facet normal -0.94154 -0.336901 0
    outer loop
      vertex 92.4234 -2.97541 27.4
      vertex 92.5292 -3.27109 25.2
      vertex 92.5292 -3.27109 27.4
    endloop
  endfacet
  facet normal -0.803157 -0.595768 0
    outer loop
      vertex 92.1277 -2.42217 25.2
      vertex 91.9406 -2.16994 27.4
      vertex 91.9406 -2.16994 25.2
    endloop
  endfacet
  facet normal -0.803157 -0.595768 0
    outer loop
      vertex 91.9406 -2.16994 27.4
      vertex 92.1277 -2.42217 25.2
      vertex 92.1277 -2.42217 27.4
    endloop
  endfacet
  facet normal -0.740933 -0.671578 0
    outer loop
      vertex 91.9406 -2.16994 25.2
      vertex 91.7297 -1.93726 27.4
      vertex 91.7297 -1.93726 25.2
    endloop
  endfacet
  facet normal -0.740933 -0.671578 0
    outer loop
      vertex 91.7297 -1.93726 27.4
      vertex 91.9406 -2.16994 25.2
      vertex 91.9406 -2.16994 27.4
    endloop
  endfacet
  facet normal -0.146752 -0.989173 0
    outer loop
      vertex 89.7807 -1.01541 25.2
      vertex 90.0913 -1.06149 27.4
      vertex 89.7807 -1.01541 27.4
    endloop
  endfacet
  facet normal -0.146752 -0.989173 -0
    outer loop
      vertex 90.0913 -1.06149 27.4
      vertex 89.7807 -1.01541 25.2
      vertex 90.0913 -1.06149 25.2
    endloop
  endfacet
  facet normal -0.5956 -0.803281 0
    outer loop
      vertex 91.2448 -1.5393 25.2
      vertex 91.4971 -1.72637 27.4
      vertex 91.2448 -1.5393 27.4
    endloop
  endfacet
  facet normal -0.5956 -0.803281 -0
    outer loop
      vertex 91.4971 -1.72637 27.4
      vertex 91.2448 -1.5393 25.2
      vertex 91.4971 -1.72637 25.2
    endloop
  endfacet
  facet normal -0.514191 -0.857676 0
    outer loop
      vertex 90.9755 -1.37785 25.2
      vertex 91.2448 -1.5393 27.4
      vertex 90.9755 -1.37785 27.4
    endloop
  endfacet
  facet normal -0.514191 -0.857676 -0
    outer loop
      vertex 91.2448 -1.5393 27.4
      vertex 90.9755 -1.37785 25.2
      vertex 91.2448 -1.5393 25.2
    endloop
  endfacet
  facet normal 0.903947 -0.427646 0
    outer loop
      vertex 86.5106 -2.97541 27.4
      vertex 86.6449 -2.69153 25.2
      vertex 86.6449 -2.69153 27.4
    endloop
  endfacet
  facet normal 0.903947 -0.427646 0
    outer loop
      vertex 86.6449 -2.69153 25.2
      vertex 86.5106 -2.97541 27.4
      vertex 86.5106 -2.97541 25.2
    endloop
  endfacet
  facet normal 0.970034 -0.24297 0
    outer loop
      vertex 86.3285 -3.57571 27.4
      vertex 86.4048 -3.27109 25.2
      vertex 86.4048 -3.27109 27.4
    endloop
  endfacet
  facet normal 0.970034 -0.24297 0
    outer loop
      vertex 86.4048 -3.27109 25.2
      vertex 86.3285 -3.57571 27.4
      vertex 86.3285 -3.57571 25.2
    endloop
  endfacet
  facet normal 0.427543 -0.903995 0
    outer loop
      vertex 87.9585 -1.37785 25.2
      vertex 88.2424 -1.24358 27.4
      vertex 87.9585 -1.37785 27.4
    endloop
  endfacet
  facet normal 0.427543 -0.903995 0
    outer loop
      vertex 88.2424 -1.24358 27.4
      vertex 87.9585 -1.37785 25.2
      vertex 88.2424 -1.24358 25.2
    endloop
  endfacet
  facet normal 0.514191 -0.857676 0
    outer loop
      vertex 87.6892 -1.5393 25.2
      vertex 87.9585 -1.37785 27.4
      vertex 87.6892 -1.5393 27.4
    endloop
  endfacet
  facet normal 0.514191 -0.857676 0
    outer loop
      vertex 87.9585 -1.37785 27.4
      vertex 87.6892 -1.5393 25.2
      vertex 87.9585 -1.37785 25.2
    endloop
  endfacet
  facet normal 0.5956 -0.803281 0
    outer loop
      vertex 87.4369 -1.72637 25.2
      vertex 87.6892 -1.5393 27.4
      vertex 87.4369 -1.72637 27.4
    endloop
  endfacet
  facet normal 0.5956 -0.803281 0
    outer loop
      vertex 87.6892 -1.5393 27.4
      vertex 87.4369 -1.72637 25.2
      vertex 87.6892 -1.5393 25.2
    endloop
  endfacet
  facet normal 0.242985 -0.97003 0
    outer loop
      vertex 88.5381 -1.13779 25.2
      vertex 88.8427 -1.06149 27.4
      vertex 88.5381 -1.13779 27.4
    endloop
  endfacet
  facet normal 0.242985 -0.97003 0
    outer loop
      vertex 88.8427 -1.06149 27.4
      vertex 88.5381 -1.13779 25.2
      vertex 88.8427 -1.06149 25.2
    endloop
  endfacet
  facet normal -0.998797 0.0490402 0
    outer loop
      vertex 92.6516 -4.51365 25.2
      vertex 92.667 -4.2 27.4
      vertex 92.667 -4.2 25.2
    endloop
  endfacet
  facet normal -0.998797 0.0490402 0
    outer loop
      vertex 92.667 -4.2 27.4
      vertex 92.6516 -4.51365 25.2
      vertex 92.6516 -4.51365 27.4
    endloop
  endfacet
  facet normal -0.514191 0.857676 0
    outer loop
      vertex 91.2448 -6.8607 25.2
      vertex 90.9755 -7.02215 27.4
      vertex 91.2448 -6.8607 27.4
    endloop
  endfacet
  facet normal -0.514191 0.857676 0
    outer loop
      vertex 90.9755 -7.02215 27.4
      vertex 91.2448 -6.8607 25.2
      vertex 90.9755 -7.02215 25.2
    endloop
  endfacet
  facet normal -0.857788 0.514004 0
    outer loop
      vertex 92.1277 -5.97782 25.2
      vertex 92.2891 -5.70847 27.4
      vertex 92.2891 -5.70847 25.2
    endloop
  endfacet
  facet normal -0.857788 0.514004 0
    outer loop
      vertex 92.2891 -5.70847 27.4
      vertex 92.1277 -5.97782 25.2
      vertex 92.1277 -5.97782 27.4
    endloop
  endfacet
  facet normal 0.970034 0.24297 0
    outer loop
      vertex 86.4048 -5.12891 27.4
      vertex 86.3285 -4.82429 25.2
      vertex 86.3285 -4.82429 27.4
    endloop
  endfacet
  facet normal 0.970034 0.24297 0
    outer loop
      vertex 86.3285 -4.82429 25.2
      vertex 86.4048 -5.12891 27.4
      vertex 86.4048 -5.12891 25.2
    endloop
  endfacet
  facet normal -0.427517 0.904007 0
    outer loop
      vertex 90.9755 -7.02215 25.2
      vertex 90.6916 -7.15641 27.4
      vertex 90.9755 -7.02215 27.4
    endloop
  endfacet
  facet normal -0.427517 0.904007 0
    outer loop
      vertex 90.6916 -7.15641 27.4
      vertex 90.9755 -7.02215 25.2
      vertex 90.6916 -7.15641 25.2
    endloop
  endfacet
  facet normal -0.857796 -0.51399 0
    outer loop
      vertex 92.2891 -2.69153 25.2
      vertex 92.1277 -2.42217 27.4
      vertex 92.1277 -2.42217 25.2
    endloop
  endfacet
  facet normal -0.857796 -0.51399 0
    outer loop
      vertex 92.1277 -2.42217 27.4
      vertex 92.2891 -2.69153 25.2
      vertex 92.2891 -2.69153 27.4
    endloop
  endfacet
  facet normal -0.0490642 -0.998796 0
    outer loop
      vertex 89.467 -1 25.2
      vertex 89.7807 -1.01541 27.4
      vertex 89.467 -1 27.4
    endloop
  endfacet
  facet normal -0.0490642 -0.998796 -0
    outer loop
      vertex 89.7807 -1.01541 27.4
      vertex 89.467 -1 25.2
      vertex 89.7807 -1.01541 25.2
    endloop
  endfacet
  facet normal -0.242985 -0.97003 0
    outer loop
      vertex 90.0913 -1.06149 25.2
      vertex 90.3959 -1.13779 27.4
      vertex 90.0913 -1.06149 27.4
    endloop
  endfacet
  facet normal -0.242985 -0.97003 -0
    outer loop
      vertex 90.3959 -1.13779 27.4
      vertex 90.0913 -1.06149 25.2
      vertex 90.3959 -1.13779 25.2
    endloop
  endfacet
  facet normal -0.427543 -0.903995 0
    outer loop
      vertex 90.6916 -1.24358 25.2
      vertex 90.9755 -1.37785 27.4
      vertex 90.6916 -1.24358 27.4
    endloop
  endfacet
  facet normal -0.427543 -0.903995 -0
    outer loop
      vertex 90.9755 -1.37785 27.4
      vertex 90.6916 -1.24358 25.2
      vertex 90.9755 -1.37785 25.2
    endloop
  endfacet
  facet normal 0.740933 -0.671578 0
    outer loop
      vertex 86.9934 -2.16994 27.4
      vertex 87.2043 -1.93726 25.2
      vertex 87.2043 -1.93726 27.4
    endloop
  endfacet
  facet normal 0.740933 -0.671578 0
    outer loop
      vertex 87.2043 -1.93726 25.2
      vertex 86.9934 -2.16994 27.4
      vertex 86.9934 -2.16994 25.2
    endloop
  endfacet
  facet normal 0.989166 -0.1468 0
    outer loop
      vertex 86.2824 -3.88634 27.4
      vertex 86.3285 -3.57571 25.2
      vertex 86.3285 -3.57571 27.4
    endloop
  endfacet
  facet normal 0.989166 -0.1468 0
    outer loop
      vertex 86.3285 -3.57571 25.2
      vertex 86.2824 -3.88634 27.4
      vertex 86.2824 -3.88634 25.2
    endloop
  endfacet
  facet normal 0.94154 -0.336901 0
    outer loop
      vertex 86.4048 -3.27109 27.4
      vertex 86.5106 -2.97541 25.2
      vertex 86.5106 -2.97541 27.4
    endloop
  endfacet
  facet normal 0.94154 -0.336901 0
    outer loop
      vertex 86.5106 -2.97541 25.2
      vertex 86.4048 -3.27109 27.4
      vertex 86.4048 -3.27109 25.2
    endloop
  endfacet
  facet normal -0.970034 0.24297 0
    outer loop
      vertex 92.5292 -5.12891 25.2
      vertex 92.6055 -4.82429 27.4
      vertex 92.6055 -4.82429 25.2
    endloop
  endfacet
  facet normal -0.970034 0.24297 0
    outer loop
      vertex 92.6055 -4.82429 27.4
      vertex 92.5292 -5.12891 25.2
      vertex 92.5292 -5.12891 27.4
    endloop
  endfacet
  facet normal -0.94154 0.336901 0
    outer loop
      vertex 92.4234 -5.42459 25.2
      vertex 92.5292 -5.12891 27.4
      vertex 92.5292 -5.12891 25.2
    endloop
  endfacet
  facet normal -0.94154 0.336901 0
    outer loop
      vertex 92.5292 -5.12891 27.4
      vertex 92.4234 -5.42459 25.2
      vertex 92.4234 -5.42459 27.4
    endloop
  endfacet
  facet normal -0.903947 0.427646 0
    outer loop
      vertex 92.2891 -5.70847 25.2
      vertex 92.4234 -5.42459 27.4
      vertex 92.4234 -5.42459 25.2
    endloop
  endfacet
  facet normal -0.903947 0.427646 0
    outer loop
      vertex 92.4234 -5.42459 27.4
      vertex 92.2891 -5.70847 25.2
      vertex 92.2891 -5.70847 27.4
    endloop
  endfacet
  facet normal 0.0490642 0.998796 -0
    outer loop
      vertex 89.467 -7.4 25.2
      vertex 89.1533 -7.38459 27.4
      vertex 89.467 -7.4 27.4
    endloop
  endfacet
  facet normal 0.0490642 0.998796 0
    outer loop
      vertex 89.1533 -7.38459 27.4
      vertex 89.467 -7.4 25.2
      vertex 89.1533 -7.38459 25.2
    endloop
  endfacet
  facet normal 0.803168 0.595753 0
    outer loop
      vertex 86.9934 -6.23006 27.4
      vertex 86.8063 -5.97782 25.2
      vertex 86.8063 -5.97782 27.4
    endloop
  endfacet
  facet normal 0.803168 0.595753 0
    outer loop
      vertex 86.8063 -5.97782 25.2
      vertex 86.9934 -6.23006 27.4
      vertex 86.9934 -6.23006 25.2
    endloop
  endfacet
  facet normal 0.903947 0.427646 0
    outer loop
      vertex 86.6449 -5.70847 27.4
      vertex 86.5106 -5.42459 25.2
      vertex 86.5106 -5.42459 27.4
    endloop
  endfacet
  facet normal 0.903947 0.427646 0
    outer loop
      vertex 86.5106 -5.42459 25.2
      vertex 86.6449 -5.70847 27.4
      vertex 86.6449 -5.70847 25.2
    endloop
  endfacet
  facet normal 0.857788 0.514004 0
    outer loop
      vertex 86.8063 -5.97782 27.4
      vertex 86.6449 -5.70847 25.2
      vertex 86.6449 -5.70847 27.4
    endloop
  endfacet
  facet normal 0.857788 0.514004 0
    outer loop
      vertex 86.6449 -5.70847 25.2
      vertex 86.8063 -5.97782 27.4
      vertex 86.8063 -5.97782 25.2
    endloop
  endfacet
  facet normal 0.998797 0.0490402 0
    outer loop
      vertex 86.2824 -4.51365 27.4
      vertex 86.267 -4.2 25.2
      vertex 86.267 -4.2 27.4
    endloop
  endfacet
  facet normal 0.998797 0.0490402 0
    outer loop
      vertex 86.267 -4.2 25.2
      vertex 86.2824 -4.51365 27.4
      vertex 86.2824 -4.51365 25.2
    endloop
  endfacet
  facet normal -0.336881 0.941547 0
    outer loop
      vertex 90.6916 -7.15641 25.2
      vertex 90.3959 -7.26221 27.4
      vertex 90.6916 -7.15641 27.4
    endloop
  endfacet
  facet normal -0.336881 0.941547 0
    outer loop
      vertex 90.3959 -7.26221 27.4
      vertex 90.6916 -7.15641 25.2
      vertex 90.3959 -7.26221 25.2
    endloop
  endfacet
  facet normal -0.989167 0.146796 0
    outer loop
      vertex 92.6055 -4.82429 25.2
      vertex 92.6516 -4.51365 27.4
      vertex 92.6516 -4.51365 25.2
    endloop
  endfacet
  facet normal -0.989167 0.146796 0
    outer loop
      vertex 92.6516 -4.51365 27.4
      vertex 92.6055 -4.82429 25.2
      vertex 92.6055 -4.82429 27.4
    endloop
  endfacet
  facet normal -0.803168 0.595753 0
    outer loop
      vertex 91.9406 -6.23006 25.2
      vertex 92.1277 -5.97782 27.4
      vertex 92.1277 -5.97782 25.2
    endloop
  endfacet
  facet normal -0.803168 0.595753 0
    outer loop
      vertex 92.1277 -5.97782 27.4
      vertex 91.9406 -6.23006 25.2
      vertex 91.9406 -6.23006 27.4
    endloop
  endfacet
  facet normal -0.0490642 0.998796 0
    outer loop
      vertex 89.7807 -7.38459 25.2
      vertex 89.467 -7.4 27.4
      vertex 89.7807 -7.38459 27.4
    endloop
  endfacet
  facet normal -0.0490642 0.998796 0
    outer loop
      vertex 89.467 -7.4 27.4
      vertex 89.7807 -7.38459 25.2
      vertex 89.467 -7.4 25.2
    endloop
  endfacet
  facet normal 0.740933 0.671578 0
    outer loop
      vertex 87.2043 -6.46274 27.4
      vertex 86.9934 -6.23006 25.2
      vertex 86.9934 -6.23006 27.4
    endloop
  endfacet
  facet normal 0.740933 0.671578 0
    outer loop
      vertex 86.9934 -6.23006 25.2
      vertex 87.2043 -6.46274 27.4
      vertex 87.2043 -6.46274 25.2
    endloop
  endfacet
  facet normal 0 0 1
    outer loop
      vertex 91.167 -4.2 25.2
      vertex 92.667 -4.2 25.2
      vertex 92.6516 -3.88634 25.2
    endloop
  endfacet
  facet normal 0 0 1
    outer loop
      vertex 91.1588 -4.03337 25.2
      vertex 92.6516 -3.88634 25.2
      vertex 92.6055 -3.57571 25.2
    endloop
  endfacet
  facet normal 0 0 1
    outer loop
      vertex 92.667 -4.2 25.2
      vertex 91.167 -4.2 25.2
      vertex 92.6516 -4.51365 25.2
    endloop
  endfacet
  facet normal 0 0 1
    outer loop
      vertex 91.1343 -3.86835 25.2
      vertex 92.6055 -3.57571 25.2
      vertex 92.5292 -3.27109 25.2
    endloop
  endfacet
  facet normal -0 0 1
    outer loop
      vertex 91.1588 -4.36663 25.2
      vertex 92.6516 -4.51365 25.2
      vertex 91.167 -4.2 25.2
    endloop
  endfacet
  facet normal 0 0 1
    outer loop
      vertex 91.0938 -3.70652 25.2
      vertex 92.5292 -3.27109 25.2
      vertex 92.4234 -2.97541 25.2
    endloop
  endfacet
  facet normal 0 0 1
    outer loop
      vertex 92.6516 -4.51365 25.2
      vertex 91.1588 -4.36663 25.2
      vertex 92.6055 -4.82429 25.2
    endloop
  endfacet
  facet normal 0 0 1
    outer loop
      vertex 91.0376 -3.54944 25.2
      vertex 92.4234 -2.97541 25.2
      vertex 92.2891 -2.69153 25.2
    endloop
  endfacet
  facet normal -0 0 1
    outer loop
      vertex 91.1343 -4.53165 25.2
      vertex 92.6055 -4.82429 25.2
      vertex 91.1588 -4.36663 25.2
    endloop
  endfacet
  facet normal 0 0 1
    outer loop
      vertex 90.9663 -3.39863 25.2
      vertex 92.2891 -2.69153 25.2
      vertex 92.1277 -2.42217 25.2
    endloop
  endfacet
  facet normal 0 0 1
    outer loop
      vertex 92.6055 -4.82429 25.2
      vertex 91.1343 -4.53165 25.2
      vertex 92.5292 -5.12891 25.2
    endloop
  endfacet
  facet normal 0 0 1
    outer loop
      vertex 90.8805 -3.25553 25.2
      vertex 92.1277 -2.42217 25.2
      vertex 91.9406 -2.16994 25.2
    endloop
  endfacet
  facet normal -0 0 1
    outer loop
      vertex 91.0938 -4.69348 25.2
      vertex 92.5292 -5.12891 25.2
      vertex 91.1343 -4.53165 25.2
    endloop
  endfacet
  facet normal 0 0 1
    outer loop
      vertex 90.7811 -3.12153 25.2
      vertex 91.9406 -2.16994 25.2
      vertex 91.7297 -1.93726 25.2
    endloop
  endfacet
  facet normal 0 0 1
    outer loop
      vertex 92.5292 -5.12891 25.2
      vertex 91.0938 -4.69348 25.2
      vertex 92.4234 -5.42459 25.2
    endloop
  endfacet
  facet normal 0 0 1
    outer loop
      vertex 90.6691 -2.99792 25.2
      vertex 91.7297 -1.93726 25.2
      vertex 91.4971 -1.72637 25.2
    endloop
  endfacet
  facet normal -0 0 1
    outer loop
      vertex 91.0376 -4.85056 25.2
      vertex 92.4234 -5.42459 25.2
      vertex 91.0938 -4.69348 25.2
    endloop
  endfacet
  facet normal 0 0 1
    outer loop
      vertex 90.5455 -2.88588 25.2
      vertex 91.4971 -1.72637 25.2
      vertex 91.2448 -1.5393 25.2
    endloop
  endfacet
  facet normal 0 0 1
    outer loop
      vertex 92.4234 -5.42459 25.2
      vertex 91.0376 -4.85056 25.2
      vertex 92.2891 -5.70847 25.2
    endloop
  endfacet
  facet normal -0 0 1
    outer loop
      vertex 90.9663 -5.00137 25.2
      vertex 92.2891 -5.70847 25.2
      vertex 91.0376 -4.85056 25.2
    endloop
  endfacet
  facet normal 0 0 1
    outer loop
      vertex 92.6516 -3.88634 25.2
      vertex 91.1588 -4.03337 25.2
      vertex 91.167 -4.2 25.2
    endloop
  endfacet
  facet normal 0 0 1
    outer loop
      vertex 92.6055 -3.57571 25.2
      vertex 91.1343 -3.86835 25.2
      vertex 91.1588 -4.03337 25.2
    endloop
  endfacet
  facet normal 0 0 1
    outer loop
      vertex 92.5292 -3.27109 25.2
      vertex 91.0938 -3.70652 25.2
      vertex 91.1343 -3.86835 25.2
    endloop
  endfacet
  facet normal 0 0 1
    outer loop
      vertex 92.4234 -2.97541 25.2
      vertex 91.0376 -3.54944 25.2
      vertex 91.0938 -3.70652 25.2
    endloop
  endfacet
  facet normal 0 0 1
    outer loop
      vertex 90.4115 -2.7865 25.2
      vertex 91.2448 -1.5393 25.2
      vertex 90.9755 -1.37785 25.2
    endloop
  endfacet
  facet normal 0 0 1
    outer loop
      vertex 92.2891 -2.69153 25.2
      vertex 90.9663 -3.39863 25.2
      vertex 91.0376 -3.54944 25.2
    endloop
  endfacet
  facet normal 0 0 1
    outer loop
      vertex 92.1277 -2.42217 25.2
      vertex 90.8805 -3.25553 25.2
      vertex 90.9663 -3.39863 25.2
    endloop
  endfacet
  facet normal 0 0 1
    outer loop
      vertex 91.9406 -2.16994 25.2
      vertex 90.7811 -3.12153 25.2
      vertex 90.8805 -3.25553 25.2
    endloop
  endfacet
  facet normal 0 0 1
    outer loop
      vertex 90.2684 -2.70073 25.2
      vertex 90.9755 -1.37785 25.2
      vertex 90.6916 -1.24358 25.2
    endloop
  endfacet
  facet normal 0 0 1
    outer loop
      vertex 91.7297 -1.93726 25.2
      vertex 90.6691 -2.99792 25.2
      vertex 90.7811 -3.12153 25.2
    endloop
  endfacet
  facet normal 0 0 1
    outer loop
      vertex 91.4971 -1.72637 25.2
      vertex 90.5455 -2.88588 25.2
      vertex 90.6691 -2.99792 25.2
    endloop
  endfacet
  facet normal 0 0 1
    outer loop
      vertex 91.2448 -1.5393 25.2
      vertex 90.4115 -2.7865 25.2
      vertex 90.5455 -2.88588 25.2
    endloop
  endfacet
  facet normal 0 0 1
    outer loop
      vertex 90.1176 -2.6294 25.2
      vertex 90.6916 -1.24358 25.2
      vertex 90.3959 -1.13779 25.2
    endloop
  endfacet
  facet normal 0 0 1
    outer loop
      vertex 90.9755 -1.37785 25.2
      vertex 90.2684 -2.70073 25.2
      vertex 90.4115 -2.7865 25.2
    endloop
  endfacet
  facet normal 0 0 1
    outer loop
      vertex 90.6916 -1.24358 25.2
      vertex 90.1176 -2.6294 25.2
      vertex 90.2684 -2.70073 25.2
    endloop
  endfacet
  facet normal 0 0 1
    outer loop
      vertex 89.9605 -2.5732 25.2
      vertex 90.3959 -1.13779 25.2
      vertex 90.0913 -1.06149 25.2
    endloop
  endfacet
  facet normal 0 0 1
    outer loop
      vertex 90.3959 -1.13779 25.2
      vertex 89.9605 -2.5732 25.2
      vertex 90.1176 -2.6294 25.2
    endloop
  endfacet
  facet normal 0 0 1
    outer loop
      vertex 90.0913 -1.06149 25.2
      vertex 89.7987 -2.53266 25.2
      vertex 89.9605 -2.5732 25.2
    endloop
  endfacet
  facet normal 0 0 1
    outer loop
      vertex 89.7807 -1.01541 25.2
      vertex 89.7987 -2.53266 25.2
      vertex 90.0913 -1.06149 25.2
    endloop
  endfacet
  facet normal 0 0 1
    outer loop
      vertex 89.7807 -1.01541 25.2
      vertex 89.6336 -2.50819 25.2
      vertex 89.7987 -2.53266 25.2
    endloop
  endfacet
  facet normal 0 0 1
    outer loop
      vertex 89.467 -1 25.2
      vertex 89.6336 -2.50819 25.2
      vertex 89.7807 -1.01541 25.2
    endloop
  endfacet
  facet normal 0 0 1
    outer loop
      vertex 89.467 -1 25.2
      vertex 89.467 -2.5 25.2
      vertex 89.6336 -2.50819 25.2
    endloop
  endfacet
  facet normal 0 0 1
    outer loop
      vertex 89.467 -1 25.2
      vertex 89.3004 -2.50819 25.2
      vertex 89.467 -2.5 25.2
    endloop
  endfacet
  facet normal -0 0 1
    outer loop
      vertex 89.1533 -1.01541 25.2
      vertex 89.3004 -2.50819 25.2
      vertex 89.467 -1 25.2
    endloop
  endfacet
  facet normal 0 0 1
    outer loop
      vertex 89.1533 -1.01541 25.2
      vertex 89.1353 -2.53266 25.2
      vertex 89.3004 -2.50819 25.2
    endloop
  endfacet
  facet normal -0 0 1
    outer loop
      vertex 88.8427 -1.06149 25.2
      vertex 89.1353 -2.53266 25.2
      vertex 89.1533 -1.01541 25.2
    endloop
  endfacet
  facet normal 0 0 1
    outer loop
      vertex 89.1353 -2.53266 25.2
      vertex 88.8427 -1.06149 25.2
      vertex 88.9735 -2.5732 25.2
    endloop
  endfacet
  facet normal -0 0 1
    outer loop
      vertex 88.5381 -1.13779 25.2
      vertex 88.9735 -2.5732 25.2
      vertex 88.8427 -1.06149 25.2
    endloop
  endfacet
  facet normal 0 0 1
    outer loop
      vertex 88.9735 -2.5732 25.2
      vertex 88.5381 -1.13779 25.2
      vertex 88.8164 -2.6294 25.2
    endloop
  endfacet
  facet normal -0 0 1
    outer loop
      vertex 88.2424 -1.24358 25.2
      vertex 88.8164 -2.6294 25.2
      vertex 88.5381 -1.13779 25.2
    endloop
  endfacet
  facet normal 0 0 1
    outer loop
      vertex 88.8164 -2.6294 25.2
      vertex 88.2424 -1.24358 25.2
      vertex 88.6656 -2.70073 25.2
    endloop
  endfacet
  facet normal -0 0 1
    outer loop
      vertex 87.9585 -1.37785 25.2
      vertex 88.6656 -2.70073 25.2
      vertex 88.2424 -1.24358 25.2
    endloop
  endfacet
  facet normal 0 0 1
    outer loop
      vertex 88.6656 -2.70073 25.2
      vertex 87.9585 -1.37785 25.2
      vertex 88.5225 -2.7865 25.2
    endloop
  endfacet
  facet normal -0 0 1
    outer loop
      vertex 87.6892 -1.5393 25.2
      vertex 88.5225 -2.7865 25.2
      vertex 87.9585 -1.37785 25.2
    endloop
  endfacet
  facet normal 0 0 1
    outer loop
      vertex 88.5225 -2.7865 25.2
      vertex 87.6892 -1.5393 25.2
      vertex 88.3885 -2.88588 25.2
    endloop
  endfacet
  facet normal -0 0 1
    outer loop
      vertex 87.4369 -1.72637 25.2
      vertex 88.3885 -2.88588 25.2
      vertex 87.6892 -1.5393 25.2
    endloop
  endfacet
  facet normal 0 0 1
    outer loop
      vertex 88.3885 -2.88588 25.2
      vertex 87.4369 -1.72637 25.2
      vertex 88.2649 -2.99792 25.2
    endloop
  endfacet
  facet normal -0 0 1
    outer loop
      vertex 87.2043 -1.93726 25.2
      vertex 88.2649 -2.99792 25.2
      vertex 87.4369 -1.72637 25.2
    endloop
  endfacet
  facet normal 0 0 1
    outer loop
      vertex 88.2649 -2.99792 25.2
      vertex 87.2043 -1.93726 25.2
      vertex 88.1529 -3.12153 25.2
    endloop
  endfacet
  facet normal -0 0 1
    outer loop
      vertex 86.9934 -2.16994 25.2
      vertex 88.1529 -3.12153 25.2
      vertex 87.2043 -1.93726 25.2
    endloop
  endfacet
  facet normal 0 0 1
    outer loop
      vertex 88.1529 -3.12153 25.2
      vertex 86.9934 -2.16994 25.2
      vertex 88.0535 -3.25553 25.2
    endloop
  endfacet
  facet normal -0 0 1
    outer loop
      vertex 86.8063 -2.42217 25.2
      vertex 88.0535 -3.25553 25.2
      vertex 86.9934 -2.16994 25.2
    endloop
  endfacet
  facet normal -0 0 1
    outer loop
      vertex 86.6449 -2.69153 25.2
      vertex 87.9677 -3.39863 25.2
      vertex 86.8063 -2.42217 25.2
    endloop
  endfacet
  facet normal 0 0 1
    outer loop
      vertex 88.0535 -3.25553 25.2
      vertex 86.8063 -2.42217 25.2
      vertex 87.9677 -3.39863 25.2
    endloop
  endfacet
  facet normal 0 0 1
    outer loop
      vertex 92.2891 -5.70847 25.2
      vertex 90.9663 -5.00137 25.2
      vertex 92.1277 -5.97782 25.2
    endloop
  endfacet
  facet normal -0 0 1
    outer loop
      vertex 90.8805 -5.14447 25.2
      vertex 92.1277 -5.97782 25.2
      vertex 90.9663 -5.00137 25.2
    endloop
  endfacet
  facet normal 0 0 1
    outer loop
      vertex 92.1277 -5.97782 25.2
      vertex 90.8805 -5.14447 25.2
      vertex 91.9406 -6.23006 25.2
    endloop
  endfacet
  facet normal -0 0 1
    outer loop
      vertex 90.7811 -5.27847 25.2
      vertex 91.9406 -6.23006 25.2
      vertex 90.8805 -5.14447 25.2
    endloop
  endfacet
  facet normal 0 0 1
    outer loop
      vertex 91.9406 -6.23006 25.2
      vertex 90.7811 -5.27847 25.2
      vertex 91.7297 -6.46274 25.2
    endloop
  endfacet
  facet normal -0 0 1
    outer loop
      vertex 90.6691 -5.40208 25.2
      vertex 91.7297 -6.46274 25.2
      vertex 90.7811 -5.27847 25.2
    endloop
  endfacet
  facet normal 0 0 1
    outer loop
      vertex 91.7297 -6.46274 25.2
      vertex 90.6691 -5.40208 25.2
      vertex 91.4971 -6.67363 25.2
    endloop
  endfacet
  facet normal -0 0 1
    outer loop
      vertex 90.5455 -5.51412 25.2
      vertex 91.4971 -6.67363 25.2
      vertex 90.6691 -5.40208 25.2
    endloop
  endfacet
  facet normal 0 0 1
    outer loop
      vertex 91.4971 -6.67363 25.2
      vertex 90.5455 -5.51412 25.2
      vertex 91.2448 -6.8607 25.2
    endloop
  endfacet
  facet normal -0 0 1
    outer loop
      vertex 90.4115 -5.6135 25.2
      vertex 91.2448 -6.8607 25.2
      vertex 90.5455 -5.51412 25.2
    endloop
  endfacet
  facet normal 0 0 1
    outer loop
      vertex 91.2448 -6.8607 25.2
      vertex 90.4115 -5.6135 25.2
      vertex 90.9755 -7.02215 25.2
    endloop
  endfacet
  facet normal -0 0 1
    outer loop
      vertex 90.2684 -5.69927 25.2
      vertex 90.9755 -7.02215 25.2
      vertex 90.4115 -5.6135 25.2
    endloop
  endfacet
  facet normal 0 0 1
    outer loop
      vertex 90.9755 -7.02215 25.2
      vertex 90.2684 -5.69927 25.2
      vertex 90.6916 -7.15641 25.2
    endloop
  endfacet
  facet normal -0 0 1
    outer loop
      vertex 90.1176 -5.77059 25.2
      vertex 90.6916 -7.15641 25.2
      vertex 90.2684 -5.69927 25.2
    endloop
  endfacet
  facet normal 0 0 1
    outer loop
      vertex 90.6916 -7.15641 25.2
      vertex 90.1176 -5.77059 25.2
      vertex 90.3959 -7.26221 25.2
    endloop
  endfacet
  facet normal -0 0 1
    outer loop
      vertex 89.9605 -5.8268 25.2
      vertex 90.3959 -7.26221 25.2
      vertex 90.1176 -5.77059 25.2
    endloop
  endfacet
  facet normal 0 0 1
    outer loop
      vertex 90.3959 -7.26221 25.2
      vertex 89.9605 -5.8268 25.2
      vertex 90.0913 -7.33851 25.2
    endloop
  endfacet
  facet normal -0 0 1
    outer loop
      vertex 89.7987 -5.86733 25.2
      vertex 90.0913 -7.33851 25.2
      vertex 89.9605 -5.8268 25.2
    endloop
  endfacet
  facet normal 0 0 1
    outer loop
      vertex 89.7987 -5.86733 25.2
      vertex 89.7807 -7.38459 25.2
      vertex 90.0913 -7.33851 25.2
    endloop
  endfacet
  facet normal -0 0 1
    outer loop
      vertex 89.6336 -5.89181 25.2
      vertex 89.7807 -7.38459 25.2
      vertex 89.7987 -5.86733 25.2
    endloop
  endfacet
  facet normal -0 0 1
    outer loop
      vertex 89.467 -5.9 25.2
      vertex 89.7807 -7.38459 25.2
      vertex 89.6336 -5.89181 25.2
    endloop
  endfacet
  facet normal 0 0 1
    outer loop
      vertex 89.467 -5.9 25.2
      vertex 89.467 -7.4 25.2
      vertex 89.7807 -7.38459 25.2
    endloop
  endfacet
  facet normal 0 0 1
    outer loop
      vertex 89.3004 -5.89181 25.2
      vertex 89.467 -7.4 25.2
      vertex 89.467 -5.9 25.2
    endloop
  endfacet
  facet normal 0 0 1
    outer loop
      vertex 89.3004 -5.89181 25.2
      vertex 89.1533 -7.38459 25.2
      vertex 89.467 -7.4 25.2
    endloop
  endfacet
  facet normal 0 0 1
    outer loop
      vertex 89.1353 -5.86733 25.2
      vertex 89.1533 -7.38459 25.2
      vertex 89.3004 -5.89181 25.2
    endloop
  endfacet
  facet normal 0 0 1
    outer loop
      vertex 88.8427 -7.33851 25.2
      vertex 89.1353 -5.86733 25.2
      vertex 88.9735 -5.8268 25.2
    endloop
  endfacet
  facet normal 0 0 1
    outer loop
      vertex 89.1353 -5.86733 25.2
      vertex 88.8427 -7.33851 25.2
      vertex 89.1533 -7.38459 25.2
    endloop
  endfacet
  facet normal 0 0 1
    outer loop
      vertex 88.5381 -7.26221 25.2
      vertex 88.9735 -5.8268 25.2
      vertex 88.8164 -5.77059 25.2
    endloop
  endfacet
  facet normal 0 0 1
    outer loop
      vertex 88.2424 -7.15641 25.2
      vertex 88.8164 -5.77059 25.2
      vertex 88.6656 -5.69927 25.2
    endloop
  endfacet
  facet normal 0 0 1
    outer loop
      vertex 88.9735 -5.8268 25.2
      vertex 88.5381 -7.26221 25.2
      vertex 88.8427 -7.33851 25.2
    endloop
  endfacet
  facet normal 0 0 1
    outer loop
      vertex 87.9585 -7.02215 25.2
      vertex 88.6656 -5.69927 25.2
      vertex 88.5225 -5.6135 25.2
    endloop
  endfacet
  facet normal 0 0 1
    outer loop
      vertex 87.6892 -6.8607 25.2
      vertex 88.5225 -5.6135 25.2
      vertex 88.3885 -5.51412 25.2
    endloop
  endfacet
  facet normal 0 0 1
    outer loop
      vertex 87.4369 -6.67363 25.2
      vertex 88.3885 -5.51412 25.2
      vertex 88.2649 -5.40208 25.2
    endloop
  endfacet
  facet normal 0 0 1
    outer loop
      vertex 88.8164 -5.77059 25.2
      vertex 88.2424 -7.15641 25.2
      vertex 88.5381 -7.26221 25.2
    endloop
  endfacet
  facet normal 0 0 1
    outer loop
      vertex 87.2043 -6.46274 25.2
      vertex 88.2649 -5.40208 25.2
      vertex 88.1529 -5.27847 25.2
    endloop
  endfacet
  facet normal 0 0 1
    outer loop
      vertex 86.9934 -6.23006 25.2
      vertex 88.1529 -5.27847 25.2
      vertex 88.0535 -5.14447 25.2
    endloop
  endfacet
  facet normal 0 0 1
    outer loop
      vertex 86.8063 -5.97782 25.2
      vertex 88.0535 -5.14447 25.2
      vertex 87.9677 -5.00137 25.2
    endloop
  endfacet
  facet normal 0 0 1
    outer loop
      vertex 88.6656 -5.69927 25.2
      vertex 87.9585 -7.02215 25.2
      vertex 88.2424 -7.15641 25.2
    endloop
  endfacet
  facet normal 0 0 1
    outer loop
      vertex 86.6449 -5.70847 25.2
      vertex 87.9677 -5.00137 25.2
      vertex 87.8964 -4.85056 25.2
    endloop
  endfacet
  facet normal 0 0 1
    outer loop
      vertex 86.5106 -5.42459 25.2
      vertex 87.8964 -4.85056 25.2
      vertex 87.8402 -4.69348 25.2
    endloop
  endfacet
  facet normal 0 0 1
    outer loop
      vertex 86.4048 -5.12891 25.2
      vertex 87.8402 -4.69348 25.2
      vertex 87.7997 -4.53165 25.2
    endloop
  endfacet
  facet normal 0 0 1
    outer loop
      vertex 86.3285 -4.82429 25.2
      vertex 87.7997 -4.53165 25.2
      vertex 87.7752 -4.36663 25.2
    endloop
  endfacet
  facet normal 0 0 1
    outer loop
      vertex 88.5225 -5.6135 25.2
      vertex 87.6892 -6.8607 25.2
      vertex 87.9585 -7.02215 25.2
    endloop
  endfacet
  facet normal 0 0 1
    outer loop
      vertex 86.2824 -4.51365 25.2
      vertex 87.7752 -4.36663 25.2
      vertex 87.767 -4.2 25.2
    endloop
  endfacet
  facet normal 0 0 1
    outer loop
      vertex 87.9677 -3.39863 25.2
      vertex 86.6449 -2.69153 25.2
      vertex 87.8964 -3.54944 25.2
    endloop
  endfacet
  facet normal -0 0 1
    outer loop
      vertex 86.5106 -2.97541 25.2
      vertex 87.8964 -3.54944 25.2
      vertex 86.6449 -2.69153 25.2
    endloop
  endfacet
  facet normal 0 0 1
    outer loop
      vertex 88.3885 -5.51412 25.2
      vertex 87.4369 -6.67363 25.2
      vertex 87.6892 -6.8607 25.2
    endloop
  endfacet
  facet normal 0 0 1
    outer loop
      vertex 87.8964 -3.54944 25.2
      vertex 86.5106 -2.97541 25.2
      vertex 87.8402 -3.70652 25.2
    endloop
  endfacet
  facet normal 0 0 1
    outer loop
      vertex 88.2649 -5.40208 25.2
      vertex 87.2043 -6.46274 25.2
      vertex 87.4369 -6.67363 25.2
    endloop
  endfacet
  facet normal -0 0 1
    outer loop
      vertex 86.4048 -3.27109 25.2
      vertex 87.8402 -3.70652 25.2
      vertex 86.5106 -2.97541 25.2
    endloop
  endfacet
  facet normal 0 0 1
    outer loop
      vertex 88.1529 -5.27847 25.2
      vertex 86.9934 -6.23006 25.2
      vertex 87.2043 -6.46274 25.2
    endloop
  endfacet
  facet normal 0 0 1
    outer loop
      vertex 87.8402 -3.70652 25.2
      vertex 86.4048 -3.27109 25.2
      vertex 87.7997 -3.86835 25.2
    endloop
  endfacet
  facet normal 0 0 1
    outer loop
      vertex 88.0535 -5.14447 25.2
      vertex 86.8063 -5.97782 25.2
      vertex 86.9934 -6.23006 25.2
    endloop
  endfacet
  facet normal -0 0 1
    outer loop
      vertex 86.3285 -3.57571 25.2
      vertex 87.7997 -3.86835 25.2
      vertex 86.4048 -3.27109 25.2
    endloop
  endfacet
  facet normal 0 0 1
    outer loop
      vertex 87.9677 -5.00137 25.2
      vertex 86.6449 -5.70847 25.2
      vertex 86.8063 -5.97782 25.2
    endloop
  endfacet
  facet normal 0 0 1
    outer loop
      vertex 87.7997 -3.86835 25.2
      vertex 86.3285 -3.57571 25.2
      vertex 87.7752 -4.03337 25.2
    endloop
  endfacet
  facet normal 0 0 1
    outer loop
      vertex 87.8964 -4.85056 25.2
      vertex 86.5106 -5.42459 25.2
      vertex 86.6449 -5.70847 25.2
    endloop
  endfacet
  facet normal -0 0 1
    outer loop
      vertex 86.2824 -3.88634 25.2
      vertex 87.7752 -4.03337 25.2
      vertex 86.3285 -3.57571 25.2
    endloop
  endfacet
  facet normal 0 0 1
    outer loop
      vertex 87.8402 -4.69348 25.2
      vertex 86.4048 -5.12891 25.2
      vertex 86.5106 -5.42459 25.2
    endloop
  endfacet
  facet normal 0 0 1
    outer loop
      vertex 87.7752 -4.03337 25.2
      vertex 86.2824 -3.88634 25.2
      vertex 87.767 -4.2 25.2
    endloop
  endfacet
  facet normal 0 0 1
    outer loop
      vertex 87.7997 -4.53165 25.2
      vertex 86.3285 -4.82429 25.2
      vertex 86.4048 -5.12891 25.2
    endloop
  endfacet
  facet normal 0 0 1
    outer loop
      vertex 86.267 -4.2 25.2
      vertex 87.767 -4.2 25.2
      vertex 86.2824 -3.88634 25.2
    endloop
  endfacet
  facet normal 0 0 1
    outer loop
      vertex 87.7752 -4.36663 25.2
      vertex 86.2824 -4.51365 25.2
      vertex 86.3285 -4.82429 25.2
    endloop
  endfacet
  facet normal 0 0 1
    outer loop
      vertex 87.767 -4.2 25.2
      vertex 86.267 -4.2 25.2
      vertex 86.2824 -4.51365 25.2
    endloop
  endfacet
  facet normal 0.989167 0.146796 0
    outer loop
      vertex 86.3285 -4.82429 27.4
      vertex 86.2824 -4.51365 25.2
      vertex 86.2824 -4.51365 27.4
    endloop
  endfacet
  facet normal 0.989167 0.146796 0
    outer loop
      vertex 86.2824 -4.51365 25.2
      vertex 86.3285 -4.82429 27.4
      vertex 86.3285 -4.82429 25.2
    endloop
  endfacet
  facet normal 0.94154 0.336901 0
    outer loop
      vertex 86.5106 -5.42459 27.4
      vertex 86.4048 -5.12891 25.2
      vertex 86.4048 -5.12891 27.4
    endloop
  endfacet
  facet normal 0.94154 0.336901 0
    outer loop
      vertex 86.4048 -5.12891 25.2
      vertex 86.5106 -5.42459 27.4
      vertex 86.5106 -5.42459 25.2
    endloop
  endfacet
  facet normal -0.242985 0.97003 0
    outer loop
      vertex 90.3959 -7.26221 25.2
      vertex 90.0913 -7.33851 27.4
      vertex 90.3959 -7.26221 27.4
    endloop
  endfacet
  facet normal -0.242985 0.97003 0
    outer loop
      vertex 90.0913 -7.33851 27.4
      vertex 90.3959 -7.26221 25.2
      vertex 90.0913 -7.33851 25.2
    endloop
  endfacet
  facet normal -0.5956 0.803281 0
    outer loop
      vertex 91.4971 -6.67363 25.2
      vertex 91.2448 -6.8607 27.4
      vertex 91.4971 -6.67363 27.4
    endloop
  endfacet
  facet normal -0.5956 0.803281 0
    outer loop
      vertex 91.2448 -6.8607 27.4
      vertex 91.4971 -6.67363 25.2
      vertex 91.2448 -6.8607 25.2
    endloop
  endfacet
  facet normal -0.740933 0.671578 0
    outer loop
      vertex 91.7297 -6.46274 25.2
      vertex 91.9406 -6.23006 27.4
      vertex 91.9406 -6.23006 25.2
    endloop
  endfacet
  facet normal -0.740933 0.671578 0
    outer loop
      vertex 91.9406 -6.23006 27.4
      vertex 91.7297 -6.46274 25.2
      vertex 91.7297 -6.46274 27.4
    endloop
  endfacet
  facet normal -0.671688 0.740834 0
    outer loop
      vertex 91.7297 -6.46274 25.2
      vertex 91.4971 -6.67363 27.4
      vertex 91.7297 -6.46274 27.4
    endloop
  endfacet
  facet normal -0.671688 0.740834 0
    outer loop
      vertex 91.4971 -6.67363 27.4
      vertex 91.7297 -6.46274 25.2
      vertex 91.4971 -6.67363 25.2
    endloop
  endfacet
  facet normal 0.242985 0.97003 -0
    outer loop
      vertex 88.8427 -7.33851 25.2
      vertex 88.5381 -7.26221 27.4
      vertex 88.8427 -7.33851 27.4
    endloop
  endfacet
  facet normal 0.242985 0.97003 0
    outer loop
      vertex 88.5381 -7.26221 27.4
      vertex 88.8427 -7.33851 25.2
      vertex 88.5381 -7.26221 25.2
    endloop
  endfacet
  facet normal 0.671688 0.740834 -0
    outer loop
      vertex 87.4369 -6.67363 25.2
      vertex 87.2043 -6.46274 27.4
      vertex 87.4369 -6.67363 27.4
    endloop
  endfacet
  facet normal 0.671688 0.740834 0
    outer loop
      vertex 87.2043 -6.46274 27.4
      vertex 87.4369 -6.67363 25.2
      vertex 87.2043 -6.46274 25.2
    endloop
  endfacet
  facet normal 0.514191 0.857676 -0
    outer loop
      vertex 87.9585 -7.02215 25.2
      vertex 87.6892 -6.8607 27.4
      vertex 87.9585 -7.02215 27.4
    endloop
  endfacet
  facet normal 0.514191 0.857676 0
    outer loop
      vertex 87.6892 -6.8607 27.4
      vertex 87.9585 -7.02215 25.2
      vertex 87.6892 -6.8607 25.2
    endloop
  endfacet
  facet normal 0.146752 0.989173 -0
    outer loop
      vertex 89.1533 -7.38459 25.2
      vertex 88.8427 -7.33851 27.4
      vertex 89.1533 -7.38459 27.4
    endloop
  endfacet
  facet normal 0.146752 0.989173 0
    outer loop
      vertex 88.8427 -7.33851 27.4
      vertex 89.1533 -7.38459 25.2
      vertex 88.8427 -7.33851 25.2
    endloop
  endfacet
  facet normal 0.5956 0.803281 -0
    outer loop
      vertex 87.6892 -6.8607 25.2
      vertex 87.4369 -6.67363 27.4
      vertex 87.6892 -6.8607 27.4
    endloop
  endfacet
  facet normal 0.5956 0.803281 0
    outer loop
      vertex 87.4369 -6.67363 27.4
      vertex 87.6892 -6.8607 25.2
      vertex 87.4369 -6.67363 25.2
    endloop
  endfacet
  facet normal 0.427517 0.904007 -0
    outer loop
      vertex 88.2424 -7.15641 25.2
      vertex 87.9585 -7.02215 27.4
      vertex 88.2424 -7.15641 27.4
    endloop
  endfacet
  facet normal 0.427517 0.904007 0
    outer loop
      vertex 87.9585 -7.02215 27.4
      vertex 88.2424 -7.15641 25.2
      vertex 87.9585 -7.02215 25.2
    endloop
  endfacet
  facet normal 0.336881 0.941547 -0
    outer loop
      vertex 88.5381 -7.26221 25.2
      vertex 88.2424 -7.15641 27.4
      vertex 88.5381 -7.26221 27.4
    endloop
  endfacet
  facet normal 0.336881 0.941547 0
    outer loop
      vertex 88.2424 -7.15641 27.4
      vertex 88.5381 -7.26221 25.2
      vertex 88.2424 -7.15641 25.2
    endloop
  endfacet
  facet normal -0.857676 -0.514191 0
    outer loop
      vertex -1.37785 82.9745 25.2
      vertex -1.5393 83.2438 27.4
      vertex -1.5393 83.2438 25.2
    endloop
  endfacet
  facet normal -0.857676 -0.514191 0
    outer loop
      vertex -1.5393 83.2438 27.4
      vertex -1.37785 82.9745 25.2
      vertex -1.37785 82.9745 27.4
    endloop
  endfacet
  facet normal -0.336901 -0.94154 0
    outer loop
      vertex -3.27109 84.5282 25.2
      vertex -2.97541 84.4224 27.4
      vertex -3.27109 84.5282 27.4
    endloop
  endfacet
  facet normal -0.336901 -0.94154 -0
    outer loop
      vertex -2.97541 84.4224 27.4
      vertex -3.27109 84.5282 25.2
      vertex -2.97541 84.4224 25.2
    endloop
  endfacet
  facet normal 0.427646 -0.903947 0
    outer loop
      vertex -5.70847 84.2881 25.2
      vertex -5.42459 84.4224 27.4
      vertex -5.70847 84.2881 27.4
    endloop
  endfacet
  facet normal 0.427646 -0.903947 0
    outer loop
      vertex -5.42459 84.4224 27.4
      vertex -5.70847 84.2881 25.2
      vertex -5.42459 84.4224 25.2
    endloop
  endfacet
  facet normal 0.941547 -0.336881 0
    outer loop
      vertex -7.26221 82.3949 27.4
      vertex -7.15641 82.6906 25.2
      vertex -7.15641 82.6906 27.4
    endloop
  endfacet
  facet normal 0.941547 -0.336881 0
    outer loop
      vertex -7.15641 82.6906 25.2
      vertex -7.26221 82.3949 27.4
      vertex -7.26221 82.3949 25.2
    endloop
  endfacet
  facet normal -0.998796 0.0490642 0
    outer loop
      vertex -1.01541 81.1523 25.2
      vertex -1 81.466 27.4
      vertex -1 81.466 25.2
    endloop
  endfacet
  facet normal -0.998796 0.0490642 0
    outer loop
      vertex -1 81.466 27.4
      vertex -1.01541 81.1523 25.2
      vertex -1.01541 81.1523 27.4
    endloop
  endfacet
  facet normal -0.0490387 -0.998797 0
    outer loop
      vertex -4.2 84.666 25.2
      vertex -3.88634 84.6506 27.4
      vertex -4.2 84.666 27.4
    endloop
  endfacet
  facet normal -0.0490387 -0.998797 -0
    outer loop
      vertex -3.88634 84.6506 27.4
      vertex -4.2 84.666 25.2
      vertex -3.88634 84.6506 25.2
    endloop
  endfacet
  facet normal -0.51399 -0.857796 0
    outer loop
      vertex -2.69153 84.2881 25.2
      vertex -2.42217 84.1267 27.4
      vertex -2.69153 84.2881 27.4
    endloop
  endfacet
  facet normal -0.51399 -0.857796 -0
    outer loop
      vertex -2.42217 84.1267 27.4
      vertex -2.69153 84.2881 25.2
      vertex -2.42217 84.1267 25.2
    endloop
  endfacet
  facet normal 0.998796 -0.0490642 0
    outer loop
      vertex -7.4 81.466 27.4
      vertex -7.38459 81.7797 25.2
      vertex -7.38459 81.7797 27.4
    endloop
  endfacet
  facet normal 0.998796 -0.0490642 0
    outer loop
      vertex -7.38459 81.7797 25.2
      vertex -7.4 81.466 27.4
      vertex -7.4 81.466 25.2
    endloop
  endfacet
  facet normal 0.803281 -0.5956 0
    outer loop
      vertex -6.8607 83.2438 27.4
      vertex -6.67363 83.4961 25.2
      vertex -6.67363 83.4961 27.4
    endloop
  endfacet
  facet normal 0.803281 -0.5956 0
    outer loop
      vertex -6.67363 83.4961 25.2
      vertex -6.8607 83.2438 27.4
      vertex -6.8607 83.2438 25.2
    endloop
  endfacet
  facet normal 0.24297 -0.970034 0
    outer loop
      vertex -5.12891 84.5282 25.2
      vertex -4.82429 84.6045 27.4
      vertex -5.12891 84.5282 27.4
    endloop
  endfacet
  facet normal 0.24297 -0.970034 0
    outer loop
      vertex -4.82429 84.6045 27.4
      vertex -5.12891 84.5282 25.2
      vertex -4.82429 84.6045 25.2
    endloop
  endfacet
  facet normal 0.671578 0.740933 -0
    outer loop
      vertex -6.23006 78.9924 25.2
      vertex -6.46274 79.2033 27.4
      vertex -6.23006 78.9924 27.4
    endloop
  endfacet
  facet normal 0.671578 0.740933 0
    outer loop
      vertex -6.46274 79.2033 27.4
      vertex -6.23006 78.9924 25.2
      vertex -6.46274 79.2033 25.2
    endloop
  endfacet
  facet normal -0.989173 -0.146752 0
    outer loop
      vertex -1.01541 81.7797 25.2
      vertex -1.06149 82.0903 27.4
      vertex -1.06149 82.0903 25.2
    endloop
  endfacet
  facet normal -0.989173 -0.146752 0
    outer loop
      vertex -1.06149 82.0903 27.4
      vertex -1.01541 81.7797 25.2
      vertex -1.01541 81.7797 27.4
    endloop
  endfacet
  facet normal -0.803281 -0.5956 0
    outer loop
      vertex -1.5393 83.2438 25.2
      vertex -1.72637 83.4961 27.4
      vertex -1.72637 83.4961 25.2
    endloop
  endfacet
  facet normal -0.803281 -0.5956 0
    outer loop
      vertex -1.72637 83.4961 27.4
      vertex -1.5393 83.2438 25.2
      vertex -1.5393 83.2438 27.4
    endloop
  endfacet
  facet normal -0.671578 -0.740933 0
    outer loop
      vertex -2.16994 83.9396 25.2
      vertex -1.93726 83.7287 27.4
      vertex -2.16994 83.9396 27.4
    endloop
  endfacet
  facet normal -0.671578 -0.740933 -0
    outer loop
      vertex -1.93726 83.7287 27.4
      vertex -2.16994 83.9396 25.2
      vertex -1.93726 83.7287 25.2
    endloop
  endfacet
  facet normal -0.740834 -0.671688 0
    outer loop
      vertex -1.72637 83.4961 25.2
      vertex -1.93726 83.7287 27.4
      vertex -1.93726 83.7287 25.2
    endloop
  endfacet
  facet normal -0.740834 -0.671688 0
    outer loop
      vertex -1.93726 83.7287 27.4
      vertex -1.72637 83.4961 25.2
      vertex -1.72637 83.4961 27.4
    endloop
  endfacet
  facet normal 0.0490402 -0.998797 0
    outer loop
      vertex -4.51365 84.6506 25.2
      vertex -4.2 84.666 27.4
      vertex -4.51365 84.6506 27.4
    endloop
  endfacet
  facet normal 0.0490402 -0.998797 0
    outer loop
      vertex -4.2 84.666 27.4
      vertex -4.51365 84.6506 25.2
      vertex -4.2 84.666 25.2
    endloop
  endfacet
  facet normal -0.24297 -0.970034 0
    outer loop
      vertex -3.57571 84.6045 25.2
      vertex -3.27109 84.5282 27.4
      vertex -3.57571 84.6045 27.4
    endloop
  endfacet
  facet normal -0.24297 -0.970034 -0
    outer loop
      vertex -3.27109 84.5282 27.4
      vertex -3.57571 84.6045 25.2
      vertex -3.27109 84.5282 25.2
    endloop
  endfacet
  facet normal -0.1468 -0.989166 0
    outer loop
      vertex -3.88634 84.6506 25.2
      vertex -3.57571 84.6045 27.4
      vertex -3.88634 84.6506 27.4
    endloop
  endfacet
  facet normal -0.1468 -0.989166 -0
    outer loop
      vertex -3.57571 84.6045 27.4
      vertex -3.88634 84.6506 25.2
      vertex -3.57571 84.6045 25.2
    endloop
  endfacet
  facet normal -0.427646 -0.903947 0
    outer loop
      vertex -2.97541 84.4224 25.2
      vertex -2.69153 84.2881 27.4
      vertex -2.97541 84.4224 27.4
    endloop
  endfacet
  facet normal -0.427646 -0.903947 -0
    outer loop
      vertex -2.69153 84.2881 27.4
      vertex -2.97541 84.4224 25.2
      vertex -2.69153 84.2881 25.2
    endloop
  endfacet
  facet normal -0.595768 -0.803157 0
    outer loop
      vertex -2.42217 84.1267 25.2
      vertex -2.16994 83.9396 27.4
      vertex -2.42217 84.1267 27.4
    endloop
  endfacet
  facet normal -0.595768 -0.803157 -0
    outer loop
      vertex -2.16994 83.9396 27.4
      vertex -2.42217 84.1267 25.2
      vertex -2.16994 83.9396 25.2
    endloop
  endfacet
  facet normal 0.97003 -0.242985 0
    outer loop
      vertex -7.33851 82.0903 27.4
      vertex -7.26221 82.3949 25.2
      vertex -7.26221 82.3949 27.4
    endloop
  endfacet
  facet normal 0.97003 -0.242985 0
    outer loop
      vertex -7.26221 82.3949 25.2
      vertex -7.33851 82.0903 27.4
      vertex -7.33851 82.0903 25.2
    endloop
  endfacet
  facet normal 0.989173 -0.146752 0
    outer loop
      vertex -7.38459 81.7797 27.4
      vertex -7.33851 82.0903 25.2
      vertex -7.33851 82.0903 27.4
    endloop
  endfacet
  facet normal 0.989173 -0.146752 0
    outer loop
      vertex -7.33851 82.0903 25.2
      vertex -7.38459 81.7797 27.4
      vertex -7.38459 81.7797 25.2
    endloop
  endfacet
  facet normal 0.904007 -0.427517 0
    outer loop
      vertex -7.15641 82.6906 27.4
      vertex -7.02215 82.9745 25.2
      vertex -7.02215 82.9745 27.4
    endloop
  endfacet
  facet normal 0.904007 -0.427517 0
    outer loop
      vertex -7.02215 82.9745 25.2
      vertex -7.15641 82.6906 27.4
      vertex -7.15641 82.6906 25.2
    endloop
  endfacet
  facet normal 0.857676 -0.514191 0
    outer loop
      vertex -7.02215 82.9745 27.4
      vertex -6.8607 83.2438 25.2
      vertex -6.8607 83.2438 27.4
    endloop
  endfacet
  facet normal 0.857676 -0.514191 0
    outer loop
      vertex -6.8607 83.2438 25.2
      vertex -7.02215 82.9745 27.4
      vertex -7.02215 82.9745 25.2
    endloop
  endfacet
  facet normal 0.336901 -0.94154 0
    outer loop
      vertex -5.42459 84.4224 25.2
      vertex -5.12891 84.5282 27.4
      vertex -5.42459 84.4224 27.4
    endloop
  endfacet
  facet normal 0.336901 -0.94154 0
    outer loop
      vertex -5.12891 84.5282 27.4
      vertex -5.42459 84.4224 25.2
      vertex -5.12891 84.5282 25.2
    endloop
  endfacet
  facet normal 0.146796 -0.989167 0
    outer loop
      vertex -4.82429 84.6045 25.2
      vertex -4.51365 84.6506 27.4
      vertex -4.82429 84.6045 27.4
    endloop
  endfacet
  facet normal 0.146796 -0.989167 0
    outer loop
      vertex -4.51365 84.6506 27.4
      vertex -4.82429 84.6045 25.2
      vertex -4.51365 84.6506 25.2
    endloop
  endfacet
  facet normal 0.595753 -0.803168 0
    outer loop
      vertex -6.23006 83.9396 25.2
      vertex -5.97782 84.1267 27.4
      vertex -6.23006 83.9396 27.4
    endloop
  endfacet
  facet normal 0.595753 -0.803168 0
    outer loop
      vertex -5.97782 84.1267 27.4
      vertex -6.23006 83.9396 25.2
      vertex -5.97782 84.1267 25.2
    endloop
  endfacet
  facet normal 0.671578 -0.740933 0
    outer loop
      vertex -6.46274 83.7287 25.2
      vertex -6.23006 83.9396 27.4
      vertex -6.46274 83.7287 27.4
    endloop
  endfacet
  facet normal 0.671578 -0.740933 0
    outer loop
      vertex -6.23006 83.9396 27.4
      vertex -6.46274 83.7287 25.2
      vertex -6.23006 83.9396 25.2
    endloop
  endfacet
  facet normal 0.514004 -0.857788 0
    outer loop
      vertex -5.97782 84.1267 25.2
      vertex -5.70847 84.2881 27.4
      vertex -5.97782 84.1267 27.4
    endloop
  endfacet
  facet normal 0.514004 -0.857788 0
    outer loop
      vertex -5.70847 84.2881 27.4
      vertex -5.97782 84.1267 25.2
      vertex -5.70847 84.2881 25.2
    endloop
  endfacet
  facet normal 0.740834 -0.671688 0
    outer loop
      vertex -6.67363 83.4961 27.4
      vertex -6.46274 83.7287 25.2
      vertex -6.46274 83.7287 27.4
    endloop
  endfacet
  facet normal 0.740834 -0.671688 0
    outer loop
      vertex -6.46274 83.7287 25.2
      vertex -6.67363 83.4961 27.4
      vertex -6.67363 83.4961 25.2
    endloop
  endfacet
  facet normal -0.998796 -0.0490642 0
    outer loop
      vertex -1 81.466 25.2
      vertex -1.01541 81.7797 27.4
      vertex -1.01541 81.7797 25.2
    endloop
  endfacet
  facet normal -0.998796 -0.0490642 0
    outer loop
      vertex -1.01541 81.7797 27.4
      vertex -1 81.466 25.2
      vertex -1 81.466 27.4
    endloop
  endfacet
  facet normal -0.97003 0.242985 0
    outer loop
      vertex -1.13779 80.5371 25.2
      vertex -1.06149 80.8417 27.4
      vertex -1.06149 80.8417 25.2
    endloop
  endfacet
  facet normal -0.97003 0.242985 0
    outer loop
      vertex -1.06149 80.8417 27.4
      vertex -1.13779 80.5371 25.2
      vertex -1.13779 80.5371 27.4
    endloop
  endfacet
  facet normal 0.803281 0.5956 0
    outer loop
      vertex -6.67363 79.4359 27.4
      vertex -6.8607 79.6882 25.2
      vertex -6.8607 79.6882 27.4
    endloop
  endfacet
  facet normal 0.803281 0.5956 0
    outer loop
      vertex -6.8607 79.6882 25.2
      vertex -6.67363 79.4359 27.4
      vertex -6.67363 79.4359 25.2
    endloop
  endfacet
  facet normal -0.903995 -0.427543 0
    outer loop
      vertex -1.24358 82.6906 25.2
      vertex -1.37785 82.9745 27.4
      vertex -1.37785 82.9745 25.2
    endloop
  endfacet
  facet normal -0.903995 -0.427543 0
    outer loop
      vertex -1.37785 82.9745 27.4
      vertex -1.24358 82.6906 25.2
      vertex -1.24358 82.6906 27.4
    endloop
  endfacet
  facet normal -0.941557 -0.336853 0
    outer loop
      vertex -1.13779 82.3949 25.2
      vertex -1.24358 82.6906 27.4
      vertex -1.24358 82.6906 25.2
    endloop
  endfacet
  facet normal -0.941557 -0.336853 0
    outer loop
      vertex -1.24358 82.6906 27.4
      vertex -1.13779 82.3949 25.2
      vertex -1.13779 82.3949 27.4
    endloop
  endfacet
  facet normal -0.97003 -0.242985 0
    outer loop
      vertex -1.06149 82.0903 25.2
      vertex -1.13779 82.3949 27.4
      vertex -1.13779 82.3949 25.2
    endloop
  endfacet
  facet normal -0.97003 -0.242985 0
    outer loop
      vertex -1.13779 82.3949 27.4
      vertex -1.06149 82.0903 25.2
      vertex -1.06149 82.0903 27.4
    endloop
  endfacet
  facet normal -0.989173 0.146752 0
    outer loop
      vertex -1.06149 80.8417 25.2
      vertex -1.01541 81.1523 27.4
      vertex -1.01541 81.1523 25.2
    endloop
  endfacet
  facet normal -0.989173 0.146752 0
    outer loop
      vertex -1.01541 81.1523 27.4
      vertex -1.06149 80.8417 25.2
      vertex -1.06149 80.8417 27.4
    endloop
  endfacet
  facet normal -0.903995 0.427543 0
    outer loop
      vertex -1.37785 79.9575 25.2
      vertex -1.24358 80.2414 27.4
      vertex -1.24358 80.2414 25.2
    endloop
  endfacet
  facet normal -0.903995 0.427543 0
    outer loop
      vertex -1.24358 80.2414 27.4
      vertex -1.37785 79.9575 25.2
      vertex -1.37785 79.9575 27.4
    endloop
  endfacet
  facet normal -0.941557 0.336853 0
    outer loop
      vertex -1.24358 80.2414 25.2
      vertex -1.13779 80.5371 27.4
      vertex -1.13779 80.5371 25.2
    endloop
  endfacet
  facet normal -0.941557 0.336853 0
    outer loop
      vertex -1.13779 80.5371 27.4
      vertex -1.24358 80.2414 25.2
      vertex -1.24358 80.2414 27.4
    endloop
  endfacet
  facet normal -0.803281 0.5956 0
    outer loop
      vertex -1.72637 79.4359 25.2
      vertex -1.5393 79.6882 27.4
      vertex -1.5393 79.6882 25.2
    endloop
  endfacet
  facet normal -0.803281 0.5956 0
    outer loop
      vertex -1.5393 79.6882 27.4
      vertex -1.72637 79.4359 25.2
      vertex -1.72637 79.4359 27.4
    endloop
  endfacet
  facet normal 0.514004 0.857788 -0
    outer loop
      vertex -5.70847 78.6439 25.2
      vertex -5.97782 78.8053 27.4
      vertex -5.70847 78.6439 27.4
    endloop
  endfacet
  facet normal 0.514004 0.857788 0
    outer loop
      vertex -5.97782 78.8053 27.4
      vertex -5.70847 78.6439 25.2
      vertex -5.97782 78.8053 25.2
    endloop
  endfacet
  facet normal 0.336901 0.94154 -0
    outer loop
      vertex -5.12891 78.4038 25.2
      vertex -5.42459 78.5096 27.4
      vertex -5.12891 78.4038 27.4
    endloop
  endfacet
  facet normal 0.336901 0.94154 0
    outer loop
      vertex -5.42459 78.5096 27.4
      vertex -5.12891 78.4038 25.2
      vertex -5.42459 78.5096 25.2
    endloop
  endfacet
  facet normal 0.998796 0.0490642 0
    outer loop
      vertex -7.38459 81.1523 27.4
      vertex -7.4 81.466 25.2
      vertex -7.4 81.466 27.4
    endloop
  endfacet
  facet normal 0.998796 0.0490642 0
    outer loop
      vertex -7.4 81.466 25.2
      vertex -7.38459 81.1523 27.4
      vertex -7.38459 81.1523 25.2
    endloop
  endfacet
  facet normal 0.941547 0.336881 0
    outer loop
      vertex -7.15641 80.2414 27.4
      vertex -7.26221 80.5371 25.2
      vertex -7.26221 80.5371 27.4
    endloop
  endfacet
  facet normal 0.941547 0.336881 0
    outer loop
      vertex -7.26221 80.5371 25.2
      vertex -7.15641 80.2414 27.4
      vertex -7.15641 80.2414 25.2
    endloop
  endfacet
  facet normal 0.97003 0.242985 0
    outer loop
      vertex -7.26221 80.5371 27.4
      vertex -7.33851 80.8417 25.2
      vertex -7.33851 80.8417 27.4
    endloop
  endfacet
  facet normal 0.97003 0.242985 0
    outer loop
      vertex -7.33851 80.8417 25.2
      vertex -7.26221 80.5371 27.4
      vertex -7.26221 80.5371 25.2
    endloop
  endfacet
  facet normal 0.740834 0.671688 0
    outer loop
      vertex -6.46274 79.2033 27.4
      vertex -6.67363 79.4359 25.2
      vertex -6.67363 79.4359 27.4
    endloop
  endfacet
  facet normal 0.740834 0.671688 0
    outer loop
      vertex -6.67363 79.4359 25.2
      vertex -6.46274 79.2033 27.4
      vertex -6.46274 79.2033 25.2
    endloop
  endfacet
  facet normal -0.1468 0.989166 0
    outer loop
      vertex -3.57571 78.3275 25.2
      vertex -3.88634 78.2814 27.4
      vertex -3.57571 78.3275 27.4
    endloop
  endfacet
  facet normal -0.1468 0.989166 0
    outer loop
      vertex -3.88634 78.2814 27.4
      vertex -3.57571 78.3275 25.2
      vertex -3.88634 78.2814 25.2
    endloop
  endfacet
  facet normal -0.427646 0.903947 0
    outer loop
      vertex -2.69153 78.6439 25.2
      vertex -2.97541 78.5096 27.4
      vertex -2.69153 78.6439 27.4
    endloop
  endfacet
  facet normal -0.427646 0.903947 0
    outer loop
      vertex -2.97541 78.5096 27.4
      vertex -2.69153 78.6439 25.2
      vertex -2.97541 78.5096 25.2
    endloop
  endfacet
  facet normal -0.336901 0.94154 0
    outer loop
      vertex -2.97541 78.5096 25.2
      vertex -3.27109 78.4038 27.4
      vertex -2.97541 78.5096 27.4
    endloop
  endfacet
  facet normal -0.336901 0.94154 0
    outer loop
      vertex -3.27109 78.4038 27.4
      vertex -2.97541 78.5096 25.2
      vertex -3.27109 78.4038 25.2
    endloop
  endfacet
  facet normal -0.671578 0.740933 0
    outer loop
      vertex -1.93726 79.2033 25.2
      vertex -2.16994 78.9924 27.4
      vertex -1.93726 79.2033 27.4
    endloop
  endfacet
  facet normal -0.671578 0.740933 0
    outer loop
      vertex -2.16994 78.9924 27.4
      vertex -1.93726 79.2033 25.2
      vertex -2.16994 78.9924 25.2
    endloop
  endfacet
  facet normal -0.857676 0.514191 0
    outer loop
      vertex -1.5393 79.6882 25.2
      vertex -1.37785 79.9575 27.4
      vertex -1.37785 79.9575 25.2
    endloop
  endfacet
  facet normal -0.857676 0.514191 0
    outer loop
      vertex -1.37785 79.9575 27.4
      vertex -1.5393 79.6882 25.2
      vertex -1.5393 79.6882 27.4
    endloop
  endfacet
  facet normal 0.0490402 0.998797 -0
    outer loop
      vertex -4.2 78.266 25.2
      vertex -4.51365 78.2814 27.4
      vertex -4.2 78.266 27.4
    endloop
  endfacet
  facet normal 0.0490402 0.998797 0
    outer loop
      vertex -4.51365 78.2814 27.4
      vertex -4.2 78.266 25.2
      vertex -4.51365 78.2814 25.2
    endloop
  endfacet
  facet normal -0.0490387 0.998797 0
    outer loop
      vertex -3.88634 78.2814 25.2
      vertex -4.2 78.266 27.4
      vertex -3.88634 78.2814 27.4
    endloop
  endfacet
  facet normal -0.0490387 0.998797 0
    outer loop
      vertex -4.2 78.266 27.4
      vertex -3.88634 78.2814 25.2
      vertex -4.2 78.266 25.2
    endloop
  endfacet
  facet normal 0 0 1
    outer loop
      vertex -2.5 81.466 25.2
      vertex -1 81.466 25.2
      vertex -1.01541 81.7797 25.2
    endloop
  endfacet
  facet normal 0 0 1
    outer loop
      vertex -2.50819 81.6326 25.2
      vertex -1.01541 81.7797 25.2
      vertex -1.06149 82.0903 25.2
    endloop
  endfacet
  facet normal 0 0 1
    outer loop
      vertex -1 81.466 25.2
      vertex -2.5 81.466 25.2
      vertex -1.01541 81.1523 25.2
    endloop
  endfacet
  facet normal 0 0 1
    outer loop
      vertex -2.53266 81.7977 25.2
      vertex -1.06149 82.0903 25.2
      vertex -1.13779 82.3949 25.2
    endloop
  endfacet
  facet normal -0 0 1
    outer loop
      vertex -2.50819 81.2994 25.2
      vertex -1.01541 81.1523 25.2
      vertex -2.5 81.466 25.2
    endloop
  endfacet
  facet normal 0 0 1
    outer loop
      vertex -2.5732 81.9595 25.2
      vertex -1.13779 82.3949 25.2
      vertex -1.24358 82.6906 25.2
    endloop
  endfacet
  facet normal 0 0 1
    outer loop
      vertex -1.01541 81.1523 25.2
      vertex -2.50819 81.2994 25.2
      vertex -1.06149 80.8417 25.2
    endloop
  endfacet
  facet normal 0 0 1
    outer loop
      vertex -2.6294 82.1166 25.2
      vertex -1.24358 82.6906 25.2
      vertex -1.37785 82.9745 25.2
    endloop
  endfacet
  facet normal -0 0 1
    outer loop
      vertex -2.53266 81.1343 25.2
      vertex -1.06149 80.8417 25.2
      vertex -2.50819 81.2994 25.2
    endloop
  endfacet
  facet normal 0 0 1
    outer loop
      vertex -2.70073 82.2674 25.2
      vertex -1.37785 82.9745 25.2
      vertex -1.5393 83.2438 25.2
    endloop
  endfacet
  facet normal 0 0 1
    outer loop
      vertex -1.06149 80.8417 25.2
      vertex -2.53266 81.1343 25.2
      vertex -1.13779 80.5371 25.2
    endloop
  endfacet
  facet normal 0 0 1
    outer loop
      vertex -2.7865 82.4105 25.2
      vertex -1.5393 83.2438 25.2
      vertex -1.72637 83.4961 25.2
    endloop
  endfacet
  facet normal -0 0 1
    outer loop
      vertex -2.5732 80.9725 25.2
      vertex -1.13779 80.5371 25.2
      vertex -2.53266 81.1343 25.2
    endloop
  endfacet
  facet normal 0 0 1
    outer loop
      vertex -2.88588 82.5445 25.2
      vertex -1.72637 83.4961 25.2
      vertex -1.93726 83.7287 25.2
    endloop
  endfacet
  facet normal 0 0 1
    outer loop
      vertex -1.13779 80.5371 25.2
      vertex -2.5732 80.9725 25.2
      vertex -1.24358 80.2414 25.2
    endloop
  endfacet
  facet normal 0 0 1
    outer loop
      vertex -2.99792 82.6681 25.2
      vertex -1.93726 83.7287 25.2
      vertex -2.16994 83.9396 25.2
    endloop
  endfacet
  facet normal -0 0 1
    outer loop
      vertex -2.6294 80.8154 25.2
      vertex -1.24358 80.2414 25.2
      vertex -2.5732 80.9725 25.2
    endloop
  endfacet
  facet normal 0 0 1
    outer loop
      vertex -3.12153 82.7801 25.2
      vertex -2.16994 83.9396 25.2
      vertex -2.42217 84.1267 25.2
    endloop
  endfacet
  facet normal 0 0 1
    outer loop
      vertex -1.24358 80.2414 25.2
      vertex -2.6294 80.8154 25.2
      vertex -1.37785 79.9575 25.2
    endloop
  endfacet
  facet normal -0 0 1
    outer loop
      vertex -2.70073 80.6646 25.2
      vertex -1.37785 79.9575 25.2
      vertex -2.6294 80.8154 25.2
    endloop
  endfacet
  facet normal 0 0 1
    outer loop
      vertex -1.01541 81.7797 25.2
      vertex -2.50819 81.6326 25.2
      vertex -2.5 81.466 25.2
    endloop
  endfacet
  facet normal 0 0 1
    outer loop
      vertex -1.06149 82.0903 25.2
      vertex -2.53266 81.7977 25.2
      vertex -2.50819 81.6326 25.2
    endloop
  endfacet
  facet normal 0 0 1
    outer loop
      vertex -1.13779 82.3949 25.2
      vertex -2.5732 81.9595 25.2
      vertex -2.53266 81.7977 25.2
    endloop
  endfacet
  facet normal 0 0 1
    outer loop
      vertex -1.24358 82.6906 25.2
      vertex -2.6294 82.1166 25.2
      vertex -2.5732 81.9595 25.2
    endloop
  endfacet
  facet normal 0 0 1
    outer loop
      vertex -3.25553 82.8795 25.2
      vertex -2.42217 84.1267 25.2
      vertex -2.69153 84.2881 25.2
    endloop
  endfacet
  facet normal 0 0 1
    outer loop
      vertex -1.37785 82.9745 25.2
      vertex -2.70073 82.2674 25.2
      vertex -2.6294 82.1166 25.2
    endloop
  endfacet
  facet normal 0 0 1
    outer loop
      vertex -1.5393 83.2438 25.2
      vertex -2.7865 82.4105 25.2
      vertex -2.70073 82.2674 25.2
    endloop
  endfacet
  facet normal 0 0 1
    outer loop
      vertex -1.72637 83.4961 25.2
      vertex -2.88588 82.5445 25.2
      vertex -2.7865 82.4105 25.2
    endloop
  endfacet
  facet normal 0 0 1
    outer loop
      vertex -3.39863 82.9653 25.2
      vertex -2.69153 84.2881 25.2
      vertex -2.97541 84.4224 25.2
    endloop
  endfacet
  facet normal 0 0 1
    outer loop
      vertex -1.93726 83.7287 25.2
      vertex -2.99792 82.6681 25.2
      vertex -2.88588 82.5445 25.2
    endloop
  endfacet
  facet normal 0 0 1
    outer loop
      vertex -2.16994 83.9396 25.2
      vertex -3.12153 82.7801 25.2
      vertex -2.99792 82.6681 25.2
    endloop
  endfacet
  facet normal 0 0 1
    outer loop
      vertex -2.42217 84.1267 25.2
      vertex -3.25553 82.8795 25.2
      vertex -3.12153 82.7801 25.2
    endloop
  endfacet
  facet normal 0 0 1
    outer loop
      vertex -3.54944 83.0366 25.2
      vertex -2.97541 84.4224 25.2
      vertex -3.27109 84.5282 25.2
    endloop
  endfacet
  facet normal 0 0 1
    outer loop
      vertex -2.69153 84.2881 25.2
      vertex -3.39863 82.9653 25.2
      vertex -3.25553 82.8795 25.2
    endloop
  endfacet
  facet normal 0 0 1
    outer loop
      vertex -2.97541 84.4224 25.2
      vertex -3.54944 83.0366 25.2
      vertex -3.39863 82.9653 25.2
    endloop
  endfacet
  facet normal 0 0 1
    outer loop
      vertex -3.70652 83.0928 25.2
      vertex -3.27109 84.5282 25.2
      vertex -3.57571 84.6045 25.2
    endloop
  endfacet
  facet normal 0 0 1
    outer loop
      vertex -3.27109 84.5282 25.2
      vertex -3.70652 83.0928 25.2
      vertex -3.54944 83.0366 25.2
    endloop
  endfacet
  facet normal 0 0 1
    outer loop
      vertex -3.57571 84.6045 25.2
      vertex -3.86835 83.1333 25.2
      vertex -3.70652 83.0928 25.2
    endloop
  endfacet
  facet normal 0 0 1
    outer loop
      vertex -3.88634 84.6506 25.2
      vertex -3.86835 83.1333 25.2
      vertex -3.57571 84.6045 25.2
    endloop
  endfacet
  facet normal 0 0 1
    outer loop
      vertex -3.88634 84.6506 25.2
      vertex -4.03337 83.1578 25.2
      vertex -3.86835 83.1333 25.2
    endloop
  endfacet
  facet normal 0 0 1
    outer loop
      vertex -4.2 84.666 25.2
      vertex -4.03337 83.1578 25.2
      vertex -3.88634 84.6506 25.2
    endloop
  endfacet
  facet normal 0 0 1
    outer loop
      vertex -4.2 84.666 25.2
      vertex -4.2 83.166 25.2
      vertex -4.03337 83.1578 25.2
    endloop
  endfacet
  facet normal 0 0 1
    outer loop
      vertex -4.2 84.666 25.2
      vertex -4.36663 83.1578 25.2
      vertex -4.2 83.166 25.2
    endloop
  endfacet
  facet normal -0 0 1
    outer loop
      vertex -4.51365 84.6506 25.2
      vertex -4.36663 83.1578 25.2
      vertex -4.2 84.666 25.2
    endloop
  endfacet
  facet normal 0 0 1
    outer loop
      vertex -4.51365 84.6506 25.2
      vertex -4.53165 83.1333 25.2
      vertex -4.36663 83.1578 25.2
    endloop
  endfacet
  facet normal -0 0 1
    outer loop
      vertex -4.82429 84.6045 25.2
      vertex -4.53165 83.1333 25.2
      vertex -4.51365 84.6506 25.2
    endloop
  endfacet
  facet normal 0 0 1
    outer loop
      vertex -4.53165 83.1333 25.2
      vertex -4.82429 84.6045 25.2
      vertex -4.69348 83.0928 25.2
    endloop
  endfacet
  facet normal -0 0 1
    outer loop
      vertex -5.12891 84.5282 25.2
      vertex -4.69348 83.0928 25.2
      vertex -4.82429 84.6045 25.2
    endloop
  endfacet
  facet normal 0 0 1
    outer loop
      vertex -4.69348 83.0928 25.2
      vertex -5.12891 84.5282 25.2
      vertex -4.85056 83.0366 25.2
    endloop
  endfacet
  facet normal -0 0 1
    outer loop
      vertex -5.42459 84.4224 25.2
      vertex -4.85056 83.0366 25.2
      vertex -5.12891 84.5282 25.2
    endloop
  endfacet
  facet normal 0 0 1
    outer loop
      vertex -4.85056 83.0366 25.2
      vertex -5.42459 84.4224 25.2
      vertex -5.00137 82.9653 25.2
    endloop
  endfacet
  facet normal -0 0 1
    outer loop
      vertex -5.70847 84.2881 25.2
      vertex -5.00137 82.9653 25.2
      vertex -5.42459 84.4224 25.2
    endloop
  endfacet
  facet normal 0 0 1
    outer loop
      vertex -5.00137 82.9653 25.2
      vertex -5.70847 84.2881 25.2
      vertex -5.14447 82.8795 25.2
    endloop
  endfacet
  facet normal -0 0 1
    outer loop
      vertex -5.97782 84.1267 25.2
      vertex -5.14447 82.8795 25.2
      vertex -5.70847 84.2881 25.2
    endloop
  endfacet
  facet normal 0 0 1
    outer loop
      vertex -5.14447 82.8795 25.2
      vertex -5.97782 84.1267 25.2
      vertex -5.27847 82.7801 25.2
    endloop
  endfacet
  facet normal -0 0 1
    outer loop
      vertex -6.23006 83.9396 25.2
      vertex -5.27847 82.7801 25.2
      vertex -5.97782 84.1267 25.2
    endloop
  endfacet
  facet normal 0 0 1
    outer loop
      vertex -5.27847 82.7801 25.2
      vertex -6.23006 83.9396 25.2
      vertex -5.40208 82.6681 25.2
    endloop
  endfacet
  facet normal -0 0 1
    outer loop
      vertex -6.46274 83.7287 25.2
      vertex -5.40208 82.6681 25.2
      vertex -6.23006 83.9396 25.2
    endloop
  endfacet
  facet normal 0 0 1
    outer loop
      vertex -5.40208 82.6681 25.2
      vertex -6.46274 83.7287 25.2
      vertex -5.51412 82.5445 25.2
    endloop
  endfacet
  facet normal -0 0 1
    outer loop
      vertex -6.67363 83.4961 25.2
      vertex -5.51412 82.5445 25.2
      vertex -6.46274 83.7287 25.2
    endloop
  endfacet
  facet normal 0 0 1
    outer loop
      vertex -5.51412 82.5445 25.2
      vertex -6.67363 83.4961 25.2
      vertex -5.6135 82.4105 25.2
    endloop
  endfacet
  facet normal -0 0 1
    outer loop
      vertex -6.8607 83.2438 25.2
      vertex -5.6135 82.4105 25.2
      vertex -6.67363 83.4961 25.2
    endloop
  endfacet
  facet normal -0 0 1
    outer loop
      vertex -7.02215 82.9745 25.2
      vertex -5.69927 82.2674 25.2
      vertex -6.8607 83.2438 25.2
    endloop
  endfacet
  facet normal 0 0 1
    outer loop
      vertex -5.6135 82.4105 25.2
      vertex -6.8607 83.2438 25.2
      vertex -5.69927 82.2674 25.2
    endloop
  endfacet
  facet normal 0 0 1
    outer loop
      vertex -1.37785 79.9575 25.2
      vertex -2.70073 80.6646 25.2
      vertex -1.5393 79.6882 25.2
    endloop
  endfacet
  facet normal -0 0 1
    outer loop
      vertex -2.7865 80.5215 25.2
      vertex -1.5393 79.6882 25.2
      vertex -2.70073 80.6646 25.2
    endloop
  endfacet
  facet normal 0 0 1
    outer loop
      vertex -1.5393 79.6882 25.2
      vertex -2.7865 80.5215 25.2
      vertex -1.72637 79.4359 25.2
    endloop
  endfacet
  facet normal -0 0 1
    outer loop
      vertex -2.88588 80.3875 25.2
      vertex -1.72637 79.4359 25.2
      vertex -2.7865 80.5215 25.2
    endloop
  endfacet
  facet normal 0 0 1
    outer loop
      vertex -1.72637 79.4359 25.2
      vertex -2.88588 80.3875 25.2
      vertex -1.93726 79.2033 25.2
    endloop
  endfacet
  facet normal -0 0 1
    outer loop
      vertex -2.99792 80.2639 25.2
      vertex -1.93726 79.2033 25.2
      vertex -2.88588 80.3875 25.2
    endloop
  endfacet
  facet normal 0 0 1
    outer loop
      vertex -1.93726 79.2033 25.2
      vertex -2.99792 80.2639 25.2
      vertex -2.16994 78.9924 25.2
    endloop
  endfacet
  facet normal -0 0 1
    outer loop
      vertex -3.12153 80.1519 25.2
      vertex -2.16994 78.9924 25.2
      vertex -2.99792 80.2639 25.2
    endloop
  endfacet
  facet normal 0 0 1
    outer loop
      vertex -2.16994 78.9924 25.2
      vertex -3.12153 80.1519 25.2
      vertex -2.42217 78.8053 25.2
    endloop
  endfacet
  facet normal -0 0 1
    outer loop
      vertex -3.25553 80.0525 25.2
      vertex -2.42217 78.8053 25.2
      vertex -3.12153 80.1519 25.2
    endloop
  endfacet
  facet normal 0 0 1
    outer loop
      vertex -2.42217 78.8053 25.2
      vertex -3.25553 80.0525 25.2
      vertex -2.69153 78.6439 25.2
    endloop
  endfacet
  facet normal -0 0 1
    outer loop
      vertex -3.39863 79.9667 25.2
      vertex -2.69153 78.6439 25.2
      vertex -3.25553 80.0525 25.2
    endloop
  endfacet
  facet normal 0 0 1
    outer loop
      vertex -2.69153 78.6439 25.2
      vertex -3.39863 79.9667 25.2
      vertex -2.97541 78.5096 25.2
    endloop
  endfacet
  facet normal -0 0 1
    outer loop
      vertex -3.54944 79.8954 25.2
      vertex -2.97541 78.5096 25.2
      vertex -3.39863 79.9667 25.2
    endloop
  endfacet
  facet normal 0 0 1
    outer loop
      vertex -2.97541 78.5096 25.2
      vertex -3.54944 79.8954 25.2
      vertex -3.27109 78.4038 25.2
    endloop
  endfacet
  facet normal -0 0 1
    outer loop
      vertex -3.70652 79.8392 25.2
      vertex -3.27109 78.4038 25.2
      vertex -3.54944 79.8954 25.2
    endloop
  endfacet
  facet normal 0 0 1
    outer loop
      vertex -3.27109 78.4038 25.2
      vertex -3.70652 79.8392 25.2
      vertex -3.57571 78.3275 25.2
    endloop
  endfacet
  facet normal -0 0 1
    outer loop
      vertex -3.86835 79.7987 25.2
      vertex -3.57571 78.3275 25.2
      vertex -3.70652 79.8392 25.2
    endloop
  endfacet
  facet normal 0 0 1
    outer loop
      vertex -3.86835 79.7987 25.2
      vertex -3.88634 78.2814 25.2
      vertex -3.57571 78.3275 25.2
    endloop
  endfacet
  facet normal -0 0 1
    outer loop
      vertex -4.03337 79.7742 25.2
      vertex -3.88634 78.2814 25.2
      vertex -3.86835 79.7987 25.2
    endloop
  endfacet
  facet normal -0 0 1
    outer loop
      vertex -4.2 79.766 25.2
      vertex -3.88634 78.2814 25.2
      vertex -4.03337 79.7742 25.2
    endloop
  endfacet
  facet normal 0 0 1
    outer loop
      vertex -4.2 79.766 25.2
      vertex -4.2 78.266 25.2
      vertex -3.88634 78.2814 25.2
    endloop
  endfacet
  facet normal 0 0 1
    outer loop
      vertex -4.36663 79.7742 25.2
      vertex -4.2 78.266 25.2
      vertex -4.2 79.766 25.2
    endloop
  endfacet
  facet normal 0 0 1
    outer loop
      vertex -4.36663 79.7742 25.2
      vertex -4.51365 78.2814 25.2
      vertex -4.2 78.266 25.2
    endloop
  endfacet
  facet normal 0 0 1
    outer loop
      vertex -4.53165 79.7987 25.2
      vertex -4.51365 78.2814 25.2
      vertex -4.36663 79.7742 25.2
    endloop
  endfacet
  facet normal 0 0 1
    outer loop
      vertex -4.82429 78.3275 25.2
      vertex -4.53165 79.7987 25.2
      vertex -4.69348 79.8392 25.2
    endloop
  endfacet
  facet normal 0 0 1
    outer loop
      vertex -4.53165 79.7987 25.2
      vertex -4.82429 78.3275 25.2
      vertex -4.51365 78.2814 25.2
    endloop
  endfacet
  facet normal 0 0 1
    outer loop
      vertex -5.12891 78.4038 25.2
      vertex -4.69348 79.8392 25.2
      vertex -4.85056 79.8954 25.2
    endloop
  endfacet
  facet normal 0 0 1
    outer loop
      vertex -5.42459 78.5096 25.2
      vertex -4.85056 79.8954 25.2
      vertex -5.00137 79.9667 25.2
    endloop
  endfacet
  facet normal 0 0 1
    outer loop
      vertex -4.69348 79.8392 25.2
      vertex -5.12891 78.4038 25.2
      vertex -4.82429 78.3275 25.2
    endloop
  endfacet
  facet normal 0 0 1
    outer loop
      vertex -5.70847 78.6439 25.2
      vertex -5.00137 79.9667 25.2
      vertex -5.14447 80.0525 25.2
    endloop
  endfacet
  facet normal 0 0 1
    outer loop
      vertex -5.97782 78.8053 25.2
      vertex -5.14447 80.0525 25.2
      vertex -5.27847 80.1519 25.2
    endloop
  endfacet
  facet normal 0 0 1
    outer loop
      vertex -6.23006 78.9924 25.2
      vertex -5.27847 80.1519 25.2
      vertex -5.40208 80.2639 25.2
    endloop
  endfacet
  facet normal 0 0 1
    outer loop
      vertex -4.85056 79.8954 25.2
      vertex -5.42459 78.5096 25.2
      vertex -5.12891 78.4038 25.2
    endloop
  endfacet
  facet normal 0 0 1
    outer loop
      vertex -6.46274 79.2033 25.2
      vertex -5.40208 80.2639 25.2
      vertex -5.51412 80.3875 25.2
    endloop
  endfacet
  facet normal 0 0 1
    outer loop
      vertex -6.67363 79.4359 25.2
      vertex -5.51412 80.3875 25.2
      vertex -5.6135 80.5215 25.2
    endloop
  endfacet
  facet normal 0 0 1
    outer loop
      vertex -6.8607 79.6882 25.2
      vertex -5.6135 80.5215 25.2
      vertex -5.69927 80.6646 25.2
    endloop
  endfacet
  facet normal 0 0 1
    outer loop
      vertex -5.00137 79.9667 25.2
      vertex -5.70847 78.6439 25.2
      vertex -5.42459 78.5096 25.2
    endloop
  endfacet
  facet normal 0 0 1
    outer loop
      vertex -7.02215 79.9575 25.2
      vertex -5.69927 80.6646 25.2
      vertex -5.77059 80.8154 25.2
    endloop
  endfacet
  facet normal 0 0 1
    outer loop
      vertex -7.15641 80.2414 25.2
      vertex -5.77059 80.8154 25.2
      vertex -5.8268 80.9725 25.2
    endloop
  endfacet
  facet normal 0 0 1
    outer loop
      vertex -7.26221 80.5371 25.2
      vertex -5.8268 80.9725 25.2
      vertex -5.86733 81.1343 25.2
    endloop
  endfacet
  facet normal 0 0 1
    outer loop
      vertex -7.33851 80.8417 25.2
      vertex -5.86733 81.1343 25.2
      vertex -5.89181 81.2994 25.2
    endloop
  endfacet
  facet normal 0 0 1
    outer loop
      vertex -5.14447 80.0525 25.2
      vertex -5.97782 78.8053 25.2
      vertex -5.70847 78.6439 25.2
    endloop
  endfacet
  facet normal 0 0 1
    outer loop
      vertex -7.38459 81.1523 25.2
      vertex -5.89181 81.2994 25.2
      vertex -5.9 81.466 25.2
    endloop
  endfacet
  facet normal 0 0 1
    outer loop
      vertex -5.69927 82.2674 25.2
      vertex -7.02215 82.9745 25.2
      vertex -5.77059 82.1166 25.2
    endloop
  endfacet
  facet normal -0 0 1
    outer loop
      vertex -7.15641 82.6906 25.2
      vertex -5.77059 82.1166 25.2
      vertex -7.02215 82.9745 25.2
    endloop
  endfacet
  facet normal 0 0 1
    outer loop
      vertex -5.27847 80.1519 25.2
      vertex -6.23006 78.9924 25.2
      vertex -5.97782 78.8053 25.2
    endloop
  endfacet
  facet normal 0 0 1
    outer loop
      vertex -5.77059 82.1166 25.2
      vertex -7.15641 82.6906 25.2
      vertex -5.8268 81.9595 25.2
    endloop
  endfacet
  facet normal 0 0 1
    outer loop
      vertex -5.40208 80.2639 25.2
      vertex -6.46274 79.2033 25.2
      vertex -6.23006 78.9924 25.2
    endloop
  endfacet
  facet normal -0 0 1
    outer loop
      vertex -7.26221 82.3949 25.2
      vertex -5.8268 81.9595 25.2
      vertex -7.15641 82.6906 25.2
    endloop
  endfacet
  facet normal 0 0 1
    outer loop
      vertex -5.51412 80.3875 25.2
      vertex -6.67363 79.4359 25.2
      vertex -6.46274 79.2033 25.2
    endloop
  endfacet
  facet normal 0 0 1
    outer loop
      vertex -5.8268 81.9595 25.2
      vertex -7.26221 82.3949 25.2
      vertex -5.86733 81.7977 25.2
    endloop
  endfacet
  facet normal 0 0 1
    outer loop
      vertex -5.6135 80.5215 25.2
      vertex -6.8607 79.6882 25.2
      vertex -6.67363 79.4359 25.2
    endloop
  endfacet
  facet normal -0 0 1
    outer loop
      vertex -7.33851 82.0903 25.2
      vertex -5.86733 81.7977 25.2
      vertex -7.26221 82.3949 25.2
    endloop
  endfacet
  facet normal 0 0 1
    outer loop
      vertex -5.69927 80.6646 25.2
      vertex -7.02215 79.9575 25.2
      vertex -6.8607 79.6882 25.2
    endloop
  endfacet
  facet normal 0 0 1
    outer loop
      vertex -5.86733 81.7977 25.2
      vertex -7.33851 82.0903 25.2
      vertex -5.89181 81.6326 25.2
    endloop
  endfacet
  facet normal 0 0 1
    outer loop
      vertex -5.77059 80.8154 25.2
      vertex -7.15641 80.2414 25.2
      vertex -7.02215 79.9575 25.2
    endloop
  endfacet
  facet normal -0 0 1
    outer loop
      vertex -7.38459 81.7797 25.2
      vertex -5.89181 81.6326 25.2
      vertex -7.33851 82.0903 25.2
    endloop
  endfacet
  facet normal 0 0 1
    outer loop
      vertex -5.8268 80.9725 25.2
      vertex -7.26221 80.5371 25.2
      vertex -7.15641 80.2414 25.2
    endloop
  endfacet
  facet normal 0 0 1
    outer loop
      vertex -5.89181 81.6326 25.2
      vertex -7.38459 81.7797 25.2
      vertex -5.9 81.466 25.2
    endloop
  endfacet
  facet normal 0 0 1
    outer loop
      vertex -5.86733 81.1343 25.2
      vertex -7.33851 80.8417 25.2
      vertex -7.26221 80.5371 25.2
    endloop
  endfacet
  facet normal 0 0 1
    outer loop
      vertex -7.4 81.466 25.2
      vertex -5.9 81.466 25.2
      vertex -7.38459 81.7797 25.2
    endloop
  endfacet
  facet normal 0 0 1
    outer loop
      vertex -5.89181 81.2994 25.2
      vertex -7.38459 81.1523 25.2
      vertex -7.33851 80.8417 25.2
    endloop
  endfacet
  facet normal 0 0 1
    outer loop
      vertex -5.9 81.466 25.2
      vertex -7.4 81.466 25.2
      vertex -7.38459 81.1523 25.2
    endloop
  endfacet
  facet normal 0.989173 0.146752 0
    outer loop
      vertex -7.33851 80.8417 27.4
      vertex -7.38459 81.1523 25.2
      vertex -7.38459 81.1523 27.4
    endloop
  endfacet
  facet normal 0.989173 0.146752 0
    outer loop
      vertex -7.38459 81.1523 25.2
      vertex -7.33851 80.8417 27.4
      vertex -7.33851 80.8417 25.2
    endloop
  endfacet
  facet normal 0.857676 0.514191 0
    outer loop
      vertex -6.8607 79.6882 27.4
      vertex -7.02215 79.9575 25.2
      vertex -7.02215 79.9575 27.4
    endloop
  endfacet
  facet normal 0.857676 0.514191 0
    outer loop
      vertex -7.02215 79.9575 25.2
      vertex -6.8607 79.6882 27.4
      vertex -6.8607 79.6882 25.2
    endloop
  endfacet
  facet normal 0.904007 0.427517 0
    outer loop
      vertex -7.02215 79.9575 27.4
      vertex -7.15641 80.2414 25.2
      vertex -7.15641 80.2414 27.4
    endloop
  endfacet
  facet normal 0.904007 0.427517 0
    outer loop
      vertex -7.15641 80.2414 25.2
      vertex -7.02215 79.9575 27.4
      vertex -7.02215 79.9575 25.2
    endloop
  endfacet
  facet normal -0.24297 0.970034 0
    outer loop
      vertex -3.27109 78.4038 25.2
      vertex -3.57571 78.3275 27.4
      vertex -3.27109 78.4038 27.4
    endloop
  endfacet
  facet normal -0.24297 0.970034 0
    outer loop
      vertex -3.57571 78.3275 27.4
      vertex -3.27109 78.4038 25.2
      vertex -3.57571 78.3275 25.2
    endloop
  endfacet
  facet normal -0.740834 0.671688 0
    outer loop
      vertex -1.93726 79.2033 25.2
      vertex -1.72637 79.4359 27.4
      vertex -1.72637 79.4359 25.2
    endloop
  endfacet
  facet normal -0.740834 0.671688 0
    outer loop
      vertex -1.72637 79.4359 27.4
      vertex -1.93726 79.2033 25.2
      vertex -1.93726 79.2033 27.4
    endloop
  endfacet
  facet normal -0.595768 0.803157 0
    outer loop
      vertex -2.16994 78.9924 25.2
      vertex -2.42217 78.8053 27.4
      vertex -2.16994 78.9924 27.4
    endloop
  endfacet
  facet normal -0.595768 0.803157 0
    outer loop
      vertex -2.42217 78.8053 27.4
      vertex -2.16994 78.9924 25.2
      vertex -2.42217 78.8053 25.2
    endloop
  endfacet
  facet normal -0.51399 0.857796 0
    outer loop
      vertex -2.42217 78.8053 25.2
      vertex -2.69153 78.6439 27.4
      vertex -2.42217 78.8053 27.4
    endloop
  endfacet
  facet normal -0.51399 0.857796 0
    outer loop
      vertex -2.69153 78.6439 27.4
      vertex -2.42217 78.8053 25.2
      vertex -2.69153 78.6439 25.2
    endloop
  endfacet
  facet normal 0.427646 0.903947 -0
    outer loop
      vertex -5.42459 78.5096 25.2
      vertex -5.70847 78.6439 27.4
      vertex -5.42459 78.5096 27.4
    endloop
  endfacet
  facet normal 0.427646 0.903947 0
    outer loop
      vertex -5.70847 78.6439 27.4
      vertex -5.42459 78.5096 25.2
      vertex -5.70847 78.6439 25.2
    endloop
  endfacet
  facet normal 0.24297 0.970034 -0
    outer loop
      vertex -4.82429 78.3275 25.2
      vertex -5.12891 78.4038 27.4
      vertex -4.82429 78.3275 27.4
    endloop
  endfacet
  facet normal 0.24297 0.970034 0
    outer loop
      vertex -5.12891 78.4038 27.4
      vertex -4.82429 78.3275 25.2
      vertex -5.12891 78.4038 25.2
    endloop
  endfacet
  facet normal 0.595753 0.803168 -0
    outer loop
      vertex -5.97782 78.8053 25.2
      vertex -6.23006 78.9924 27.4
      vertex -5.97782 78.8053 27.4
    endloop
  endfacet
  facet normal 0.595753 0.803168 0
    outer loop
      vertex -6.23006 78.9924 27.4
      vertex -5.97782 78.8053 25.2
      vertex -6.23006 78.9924 25.2
    endloop
  endfacet
  facet normal 0.146796 0.989167 -0
    outer loop
      vertex -4.51365 78.2814 25.2
      vertex -4.82429 78.3275 27.4
      vertex -4.51365 78.2814 27.4
    endloop
  endfacet
  facet normal 0.146796 0.989167 0
    outer loop
      vertex -4.82429 78.3275 27.4
      vertex -4.51365 78.2814 25.2
      vertex -4.82429 78.3275 25.2
    endloop
  endfacet
  facet normal -0.857746 -0.514074 0
    outer loop
      vertex 92.2891 82.9745 25.2
      vertex 92.1277 83.2438 27.4
      vertex 92.1277 83.2438 25.2
    endloop
  endfacet
  facet normal -0.857746 -0.514074 0
    outer loop
      vertex 92.1277 83.2438 27.4
      vertex 92.2891 82.9745 25.2
      vertex 92.2891 82.9745 27.4
    endloop
  endfacet
  facet normal -0.336881 -0.941547 0
    outer loop
      vertex 90.3959 84.5282 25.2
      vertex 90.6916 84.4224 27.4
      vertex 90.3959 84.5282 27.4
    endloop
  endfacet
  facet normal -0.336881 -0.941547 -0
    outer loop
      vertex 90.6916 84.4224 27.4
      vertex 90.3959 84.5282 25.2
      vertex 90.6916 84.4224 25.2
    endloop
  endfacet
  facet normal 0.427621 -0.903958 0
    outer loop
      vertex 87.9585 84.2881 25.2
      vertex 88.2424 84.4224 27.4
      vertex 87.9585 84.2881 27.4
    endloop
  endfacet
  facet normal 0.427621 -0.903958 0
    outer loop
      vertex 88.2424 84.4224 27.4
      vertex 87.9585 84.2881 25.2
      vertex 88.2424 84.4224 25.2
    endloop
  endfacet
  facet normal 0.903958 -0.427621 0
    outer loop
      vertex 86.5106 82.6906 27.4
      vertex 86.6449 82.9745 25.2
      vertex 86.6449 82.9745 27.4
    endloop
  endfacet
  facet normal 0.903958 -0.427621 0
    outer loop
      vertex 86.6449 82.9745 25.2
      vertex 86.5106 82.6906 27.4
      vertex 86.5106 82.6906 25.2
    endloop
  endfacet
  facet normal -0.998797 0.0490324 0
    outer loop
      vertex 92.6516 81.1523 25.2
      vertex 92.667 81.466 27.4
      vertex 92.667 81.466 25.2
    endloop
  endfacet
  facet normal -0.998797 0.0490324 0
    outer loop
      vertex 92.667 81.466 27.4
      vertex 92.6516 81.1523 25.2
      vertex 92.6516 81.1523 27.4
    endloop
  endfacet
  facet normal -0.514074 -0.857746 0
    outer loop
      vertex 90.9755 84.2881 25.2
      vertex 91.2448 84.1267 27.4
      vertex 90.9755 84.2881 27.4
    endloop
  endfacet
  facet normal -0.514074 -0.857746 -0
    outer loop
      vertex 91.2448 84.1267 27.4
      vertex 90.9755 84.2881 25.2
      vertex 91.2448 84.1267 25.2
    endloop
  endfacet
  facet normal 0.740819 -0.671705 0
    outer loop
      vertex 86.9934 83.4961 27.4
      vertex 87.2043 83.7287 25.2
      vertex 87.2043 83.7287 27.4
    endloop
  endfacet
  facet normal 0.740819 -0.671705 0
    outer loop
      vertex 87.2043 83.7287 25.2
      vertex 86.9934 83.4961 27.4
      vertex 86.9934 83.4961 25.2
    endloop
  endfacet
  facet normal 0.242985 -0.97003 0
    outer loop
      vertex 88.5381 84.5282 25.2
      vertex 88.8427 84.6045 27.4
      vertex 88.5381 84.5282 27.4
    endloop
  endfacet
  facet normal 0.242985 -0.97003 0
    outer loop
      vertex 88.8427 84.6045 27.4
      vertex 88.5381 84.5282 25.2
      vertex 88.8427 84.6045 25.2
    endloop
  endfacet
  facet normal 0.671705 -0.740819 0
    outer loop
      vertex 87.2043 83.7287 25.2
      vertex 87.4369 83.9396 27.4
      vertex 87.2043 83.7287 27.4
    endloop
  endfacet
  facet normal 0.671705 -0.740819 0
    outer loop
      vertex 87.4369 83.9396 27.4
      vertex 87.2043 83.7287 25.2
      vertex 87.4369 83.9396 25.2
    endloop
  endfacet
  facet normal -0.514074 0.857746 0
    outer loop
      vertex 91.2448 78.8053 25.2
      vertex 90.9755 78.6439 27.4
      vertex 91.2448 78.8053 27.4
    endloop
  endfacet
  facet normal -0.514074 0.857746 0
    outer loop
      vertex 90.9755 78.6439 27.4
      vertex 91.2448 78.8053 25.2
      vertex 90.9755 78.6439 25.2
    endloop
  endfacet
  facet normal 0.427621 0.903958 -0
    outer loop
      vertex 88.2424 78.5096 25.2
      vertex 87.9585 78.6439 27.4
      vertex 88.2424 78.5096 27.4
    endloop
  endfacet
  facet normal 0.427621 0.903958 0
    outer loop
      vertex 87.9585 78.6439 27.4
      vertex 88.2424 78.5096 25.2
      vertex 87.9585 78.6439 25.2
    endloop
  endfacet
  facet normal 0.903958 0.427621 0
    outer loop
      vertex 86.6449 79.9575 27.4
      vertex 86.5106 80.2414 25.2
      vertex 86.5106 80.2414 27.4
    endloop
  endfacet
  facet normal 0.903958 0.427621 0
    outer loop
      vertex 86.5106 80.2414 25.2
      vertex 86.6449 79.9575 27.4
      vertex 86.6449 79.9575 25.2
    endloop
  endfacet
  facet normal -0.989164 -0.146814 0
    outer loop
      vertex 92.6516 81.7797 25.2
      vertex 92.6055 82.0903 27.4
      vertex 92.6055 82.0903 25.2
    endloop
  endfacet
  facet normal -0.989164 -0.146814 0
    outer loop
      vertex 92.6055 82.0903 27.4
      vertex 92.6516 81.7797 25.2
      vertex 92.6516 81.7797 27.4
    endloop
  endfacet
  facet normal -0.803236 -0.595661 0
    outer loop
      vertex 92.1277 83.2438 25.2
      vertex 91.9406 83.4961 27.4
      vertex 91.9406 83.4961 25.2
    endloop
  endfacet
  facet normal -0.803236 -0.595661 0
    outer loop
      vertex 91.9406 83.4961 27.4
      vertex 92.1277 83.2438 25.2
      vertex 92.1277 83.2438 27.4
    endloop
  endfacet
  facet normal -0.671705 -0.740819 0
    outer loop
      vertex 91.4971 83.9396 25.2
      vertex 91.7297 83.7287 27.4
      vertex 91.4971 83.9396 27.4
    endloop
  endfacet
  facet normal -0.671705 -0.740819 -0
    outer loop
      vertex 91.7297 83.7287 27.4
      vertex 91.4971 83.9396 25.2
      vertex 91.7297 83.7287 25.2
    endloop
  endfacet
  facet normal 0.0490324 -0.998797 0
    outer loop
      vertex 89.1533 84.6506 25.2
      vertex 89.467 84.666 27.4
      vertex 89.1533 84.6506 27.4
    endloop
  endfacet
  facet normal 0.0490324 -0.998797 0
    outer loop
      vertex 89.467 84.666 27.4
      vertex 89.1533 84.6506 25.2
      vertex 89.467 84.666 25.2
    endloop
  endfacet
  facet normal -0.242985 -0.97003 0
    outer loop
      vertex 90.0913 84.6045 25.2
      vertex 90.3959 84.5282 27.4
      vertex 90.0913 84.6045 27.4
    endloop
  endfacet
  facet normal -0.242985 -0.97003 -0
    outer loop
      vertex 90.3959 84.5282 27.4
      vertex 90.0913 84.6045 25.2
      vertex 90.3959 84.5282 25.2
    endloop
  endfacet
  facet normal -0.146814 -0.989164 0
    outer loop
      vertex 89.7807 84.6506 25.2
      vertex 90.0913 84.6045 27.4
      vertex 89.7807 84.6506 27.4
    endloop
  endfacet
  facet normal -0.146814 -0.989164 -0
    outer loop
      vertex 90.0913 84.6045 27.4
      vertex 89.7807 84.6506 25.2
      vertex 90.0913 84.6045 25.2
    endloop
  endfacet
  facet normal -0.427621 -0.903958 0
    outer loop
      vertex 90.6916 84.4224 25.2
      vertex 90.9755 84.2881 27.4
      vertex 90.6916 84.4224 27.4
    endloop
  endfacet
  facet normal -0.427621 -0.903958 -0
    outer loop
      vertex 90.9755 84.2881 27.4
      vertex 90.6916 84.4224 25.2
      vertex 90.9755 84.2881 25.2
    endloop
  endfacet
  facet normal -0.595661 -0.803236 0
    outer loop
      vertex 91.2448 84.1267 25.2
      vertex 91.4971 83.9396 27.4
      vertex 91.2448 84.1267 27.4
    endloop
  endfacet
  facet normal -0.595661 -0.803236 -0
    outer loop
      vertex 91.4971 83.9396 27.4
      vertex 91.2448 84.1267 25.2
      vertex 91.4971 83.9396 25.2
    endloop
  endfacet
  facet normal 0.998797 -0.0490324 0
    outer loop
      vertex 86.267 81.466 27.4
      vertex 86.2824 81.7797 25.2
      vertex 86.2824 81.7797 27.4
    endloop
  endfacet
  facet normal 0.998797 -0.0490324 0
    outer loop
      vertex 86.2824 81.7797 25.2
      vertex 86.267 81.466 27.4
      vertex 86.267 81.466 25.2
    endloop
  endfacet
  facet normal 0.941547 -0.336881 0
    outer loop
      vertex 86.4048 82.3949 27.4
      vertex 86.5106 82.6906 25.2
      vertex 86.5106 82.6906 27.4
    endloop
  endfacet
  facet normal 0.941547 -0.336881 0
    outer loop
      vertex 86.5106 82.6906 25.2
      vertex 86.4048 82.3949 27.4
      vertex 86.4048 82.3949 25.2
    endloop
  endfacet
  facet normal 0.97003 -0.242985 0
    outer loop
      vertex 86.3285 82.0903 27.4
      vertex 86.4048 82.3949 25.2
      vertex 86.4048 82.3949 27.4
    endloop
  endfacet
  facet normal 0.97003 -0.242985 0
    outer loop
      vertex 86.4048 82.3949 25.2
      vertex 86.3285 82.0903 27.4
      vertex 86.3285 82.0903 25.2
    endloop
  endfacet
  facet normal 0.857746 -0.514074 0
    outer loop
      vertex 86.6449 82.9745 27.4
      vertex 86.8063 83.2438 25.2
      vertex 86.8063 83.2438 27.4
    endloop
  endfacet
  facet normal 0.857746 -0.514074 0
    outer loop
      vertex 86.8063 83.2438 25.2
      vertex 86.6449 82.9745 27.4
      vertex 86.6449 82.9745 25.2
    endloop
  endfacet
  facet normal 0.803236 -0.595661 0
    outer loop
      vertex 86.8063 83.2438 27.4
      vertex 86.9934 83.4961 25.2
      vertex 86.9934 83.4961 27.4
    endloop
  endfacet
  facet normal 0.803236 -0.595661 0
    outer loop
      vertex 86.9934 83.4961 25.2
      vertex 86.8063 83.2438 27.4
      vertex 86.8063 83.2438 25.2
    endloop
  endfacet
  facet normal 0.336881 -0.941547 0
    outer loop
      vertex 88.2424 84.4224 25.2
      vertex 88.5381 84.5282 27.4
      vertex 88.2424 84.4224 27.4
    endloop
  endfacet
  facet normal 0.336881 -0.941547 0
    outer loop
      vertex 88.5381 84.5282 27.4
      vertex 88.2424 84.4224 25.2
      vertex 88.5381 84.5282 25.2
    endloop
  endfacet
  facet normal 0.146814 -0.989164 0
    outer loop
      vertex 88.8427 84.6045 25.2
      vertex 89.1533 84.6506 27.4
      vertex 88.8427 84.6045 27.4
    endloop
  endfacet
  facet normal 0.146814 -0.989164 0
    outer loop
      vertex 89.1533 84.6506 27.4
      vertex 88.8427 84.6045 25.2
      vertex 89.1533 84.6506 25.2
    endloop
  endfacet
  facet normal 0.595661 -0.803236 0
    outer loop
      vertex 87.4369 83.9396 25.2
      vertex 87.6892 84.1267 27.4
      vertex 87.4369 83.9396 27.4
    endloop
  endfacet
  facet normal 0.595661 -0.803236 0
    outer loop
      vertex 87.6892 84.1267 27.4
      vertex 87.4369 83.9396 25.2
      vertex 87.6892 84.1267 25.2
    endloop
  endfacet
  facet normal 0.514074 -0.857746 0
    outer loop
      vertex 87.6892 84.1267 25.2
      vertex 87.9585 84.2881 27.4
      vertex 87.6892 84.1267 27.4
    endloop
  endfacet
  facet normal 0.514074 -0.857746 0
    outer loop
      vertex 87.9585 84.2881 27.4
      vertex 87.6892 84.1267 25.2
      vertex 87.9585 84.2881 25.2
    endloop
  endfacet
  facet normal -0.998797 -0.0490324 0
    outer loop
      vertex 92.667 81.466 25.2
      vertex 92.6516 81.7797 27.4
      vertex 92.6516 81.7797 25.2
    endloop
  endfacet
  facet normal -0.998797 -0.0490324 0
    outer loop
      vertex 92.6516 81.7797 27.4
      vertex 92.667 81.466 25.2
      vertex 92.667 81.466 27.4
    endloop
  endfacet
  facet normal -0.97003 0.242985 0
    outer loop
      vertex 92.5292 80.5371 25.2
      vertex 92.6055 80.8417 27.4
      vertex 92.6055 80.8417 25.2
    endloop
  endfacet
  facet normal -0.97003 0.242985 0
    outer loop
      vertex 92.6055 80.8417 27.4
      vertex 92.5292 80.5371 25.2
      vertex 92.5292 80.5371 27.4
    endloop
  endfacet
  facet normal -0.903958 -0.427621 0
    outer loop
      vertex 92.4234 82.6906 25.2
      vertex 92.2891 82.9745 27.4
      vertex 92.2891 82.9745 25.2
    endloop
  endfacet
  facet normal -0.903958 -0.427621 0
    outer loop
      vertex 92.2891 82.9745 27.4
      vertex 92.4234 82.6906 25.2
      vertex 92.4234 82.6906 27.4
    endloop
  endfacet
  facet normal -0.941547 -0.336881 0
    outer loop
      vertex 92.5292 82.3949 25.2
      vertex 92.4234 82.6906 27.4
      vertex 92.4234 82.6906 25.2
    endloop
  endfacet
  facet normal -0.941547 -0.336881 0
    outer loop
      vertex 92.4234 82.6906 27.4
      vertex 92.5292 82.3949 25.2
      vertex 92.5292 82.3949 27.4
    endloop
  endfacet
  facet normal -0.97003 -0.242985 0
    outer loop
      vertex 92.6055 82.0903 25.2
      vertex 92.5292 82.3949 27.4
      vertex 92.5292 82.3949 25.2
    endloop
  endfacet
  facet normal -0.97003 -0.242985 0
    outer loop
      vertex 92.5292 82.3949 27.4
      vertex 92.6055 82.0903 25.2
      vertex 92.6055 82.0903 27.4
    endloop
  endfacet
  facet normal -0.740819 -0.671705 0
    outer loop
      vertex 91.9406 83.4961 25.2
      vertex 91.7297 83.7287 27.4
      vertex 91.7297 83.7287 25.2
    endloop
  endfacet
  facet normal -0.740819 -0.671705 0
    outer loop
      vertex 91.7297 83.7287 27.4
      vertex 91.9406 83.4961 25.2
      vertex 91.9406 83.4961 27.4
    endloop
  endfacet
  facet normal -0.0490324 -0.998797 0
    outer loop
      vertex 89.467 84.666 25.2
      vertex 89.7807 84.6506 27.4
      vertex 89.467 84.666 27.4
    endloop
  endfacet
  facet normal -0.0490324 -0.998797 -0
    outer loop
      vertex 89.7807 84.6506 27.4
      vertex 89.467 84.666 25.2
      vertex 89.7807 84.6506 25.2
    endloop
  endfacet
  facet normal 0.989164 -0.146814 0
    outer loop
      vertex 86.2824 81.7797 27.4
      vertex 86.3285 82.0903 25.2
      vertex 86.3285 82.0903 27.4
    endloop
  endfacet
  facet normal 0.989164 -0.146814 0
    outer loop
      vertex 86.3285 82.0903 25.2
      vertex 86.2824 81.7797 27.4
      vertex 86.2824 81.7797 25.2
    endloop
  endfacet
  facet normal -0.989164 0.146814 0
    outer loop
      vertex 92.6055 80.8417 25.2
      vertex 92.6516 81.1523 27.4
      vertex 92.6516 81.1523 25.2
    endloop
  endfacet
  facet normal -0.989164 0.146814 0
    outer loop
      vertex 92.6516 81.1523 27.4
      vertex 92.6055 80.8417 25.2
      vertex 92.6055 80.8417 27.4
    endloop
  endfacet
  facet normal -0.941547 0.336881 0
    outer loop
      vertex 92.4234 80.2414 25.2
      vertex 92.5292 80.5371 27.4
      vertex 92.5292 80.5371 25.2
    endloop
  endfacet
  facet normal -0.941547 0.336881 0
    outer loop
      vertex 92.5292 80.5371 27.4
      vertex 92.4234 80.2414 25.2
      vertex 92.4234 80.2414 27.4
    endloop
  endfacet
  facet normal -0.857746 0.514074 0
    outer loop
      vertex 92.1277 79.6882 25.2
      vertex 92.2891 79.9575 27.4
      vertex 92.2891 79.9575 25.2
    endloop
  endfacet
  facet normal -0.857746 0.514074 0
    outer loop
      vertex 92.2891 79.9575 27.4
      vertex 92.1277 79.6882 25.2
      vertex 92.1277 79.6882 27.4
    endloop
  endfacet
  facet normal -0.903958 0.427621 0
    outer loop
      vertex 92.2891 79.9575 25.2
      vertex 92.4234 80.2414 27.4
      vertex 92.4234 80.2414 25.2
    endloop
  endfacet
  facet normal -0.903958 0.427621 0
    outer loop
      vertex 92.4234 80.2414 27.4
      vertex 92.2891 79.9575 25.2
      vertex 92.2891 79.9575 27.4
    endloop
  endfacet
  facet normal 0.0490324 0.998797 -0
    outer loop
      vertex 89.467 78.266 25.2
      vertex 89.1533 78.2814 27.4
      vertex 89.467 78.266 27.4
    endloop
  endfacet
  facet normal 0.0490324 0.998797 0
    outer loop
      vertex 89.1533 78.2814 27.4
      vertex 89.467 78.266 25.2
      vertex 89.1533 78.2814 25.2
    endloop
  endfacet
  facet normal 0.998797 0.0490324 0
    outer loop
      vertex 86.2824 81.1523 27.4
      vertex 86.267 81.466 25.2
      vertex 86.267 81.466 27.4
    endloop
  endfacet
  facet normal 0.998797 0.0490324 0
    outer loop
      vertex 86.267 81.466 25.2
      vertex 86.2824 81.1523 27.4
      vertex 86.2824 81.1523 25.2
    endloop
  endfacet
  facet normal 0.97003 0.242985 0
    outer loop
      vertex 86.4048 80.5371 27.4
      vertex 86.3285 80.8417 25.2
      vertex 86.3285 80.8417 27.4
    endloop
  endfacet
  facet normal 0.97003 0.242985 0
    outer loop
      vertex 86.3285 80.8417 25.2
      vertex 86.4048 80.5371 27.4
      vertex 86.4048 80.5371 25.2
    endloop
  endfacet
  facet normal 0.803236 0.595661 0
    outer loop
      vertex 86.9934 79.4359 27.4
      vertex 86.8063 79.6882 25.2
      vertex 86.8063 79.6882 27.4
    endloop
  endfacet
  facet normal 0.803236 0.595661 0
    outer loop
      vertex 86.8063 79.6882 25.2
      vertex 86.9934 79.4359 27.4
      vertex 86.9934 79.4359 25.2
    endloop
  endfacet
  facet normal -0.146814 0.989164 0
    outer loop
      vertex 90.0913 78.3275 25.2
      vertex 89.7807 78.2814 27.4
      vertex 90.0913 78.3275 27.4
    endloop
  endfacet
  facet normal -0.146814 0.989164 0
    outer loop
      vertex 89.7807 78.2814 27.4
      vertex 90.0913 78.3275 25.2
      vertex 89.7807 78.2814 25.2
    endloop
  endfacet
  facet normal -0.427621 0.903958 0
    outer loop
      vertex 90.9755 78.6439 25.2
      vertex 90.6916 78.5096 27.4
      vertex 90.9755 78.6439 27.4
    endloop
  endfacet
  facet normal -0.427621 0.903958 0
    outer loop
      vertex 90.6916 78.5096 27.4
      vertex 90.9755 78.6439 25.2
      vertex 90.6916 78.5096 25.2
    endloop
  endfacet
  facet normal -0.336881 0.941547 0
    outer loop
      vertex 90.6916 78.5096 25.2
      vertex 90.3959 78.4038 27.4
      vertex 90.6916 78.5096 27.4
    endloop
  endfacet
  facet normal -0.336881 0.941547 0
    outer loop
      vertex 90.3959 78.4038 27.4
      vertex 90.6916 78.5096 25.2
      vertex 90.3959 78.4038 25.2
    endloop
  endfacet
  facet normal -0.671705 0.740819 0
    outer loop
      vertex 91.7297 79.2033 25.2
      vertex 91.4971 78.9924 27.4
      vertex 91.7297 79.2033 27.4
    endloop
  endfacet
  facet normal -0.671705 0.740819 0
    outer loop
      vertex 91.4971 78.9924 27.4
      vertex 91.7297 79.2033 25.2
      vertex 91.4971 78.9924 25.2
    endloop
  endfacet
  facet normal -0.803236 0.595661 0
    outer loop
      vertex 91.9406 79.4359 25.2
      vertex 92.1277 79.6882 27.4
      vertex 92.1277 79.6882 25.2
    endloop
  endfacet
  facet normal -0.803236 0.595661 0
    outer loop
      vertex 92.1277 79.6882 27.4
      vertex 91.9406 79.4359 25.2
      vertex 91.9406 79.4359 27.4
    endloop
  endfacet
  facet normal 0.671705 0.740819 -0
    outer loop
      vertex 87.4369 78.9924 25.2
      vertex 87.2043 79.2033 27.4
      vertex 87.4369 78.9924 27.4
    endloop
  endfacet
  facet normal 0.671705 0.740819 0
    outer loop
      vertex 87.2043 79.2033 27.4
      vertex 87.4369 78.9924 25.2
      vertex 87.2043 79.2033 25.2
    endloop
  endfacet
  facet normal -0.0490324 0.998797 0
    outer loop
      vertex 89.7807 78.2814 25.2
      vertex 89.467 78.266 27.4
      vertex 89.7807 78.2814 27.4
    endloop
  endfacet
  facet normal -0.0490324 0.998797 0
    outer loop
      vertex 89.467 78.266 27.4
      vertex 89.7807 78.2814 25.2
      vertex 89.467 78.266 25.2
    endloop
  endfacet
  facet normal 0 0 1
    outer loop
      vertex 91.167 81.466 25.2
      vertex 92.667 81.466 25.2
      vertex 92.6516 81.7797 25.2
    endloop
  endfacet
  facet normal 0 0 1
    outer loop
      vertex 91.1588 81.6326 25.2
      vertex 92.6516 81.7797 25.2
      vertex 92.6055 82.0903 25.2
    endloop
  endfacet
  facet normal 0 0 1
    outer loop
      vertex 92.667 81.466 25.2
      vertex 91.167 81.466 25.2
      vertex 92.6516 81.1523 25.2
    endloop
  endfacet
  facet normal 0 0 1
    outer loop
      vertex 91.1343 81.7977 25.2
      vertex 92.6055 82.0903 25.2
      vertex 92.5292 82.3949 25.2
    endloop
  endfacet
  facet normal -0 0 1
    outer loop
      vertex 91.1588 81.2994 25.2
      vertex 92.6516 81.1523 25.2
      vertex 91.167 81.466 25.2
    endloop
  endfacet
  facet normal 0 0 1
    outer loop
      vertex 91.0938 81.9595 25.2
      vertex 92.5292 82.3949 25.2
      vertex 92.4234 82.6906 25.2
    endloop
  endfacet
  facet normal 0 0 1
    outer loop
      vertex 92.6516 81.1523 25.2
      vertex 91.1588 81.2994 25.2
      vertex 92.6055 80.8417 25.2
    endloop
  endfacet
  facet normal 0 0 1
    outer loop
      vertex 91.0376 82.1166 25.2
      vertex 92.4234 82.6906 25.2
      vertex 92.2891 82.9745 25.2
    endloop
  endfacet
  facet normal -0 0 1
    outer loop
      vertex 91.1343 81.1343 25.2
      vertex 92.6055 80.8417 25.2
      vertex 91.1588 81.2994 25.2
    endloop
  endfacet
  facet normal 0 0 1
    outer loop
      vertex 90.9663 82.2674 25.2
      vertex 92.2891 82.9745 25.2
      vertex 92.1277 83.2438 25.2
    endloop
  endfacet
  facet normal 0 0 1
    outer loop
      vertex 92.6055 80.8417 25.2
      vertex 91.1343 81.1343 25.2
      vertex 92.5292 80.5371 25.2
    endloop
  endfacet
  facet normal 0 0 1
    outer loop
      vertex 90.8805 82.4105 25.2
      vertex 92.1277 83.2438 25.2
      vertex 91.9406 83.4961 25.2
    endloop
  endfacet
  facet normal -0 0 1
    outer loop
      vertex 91.0938 80.9725 25.2
      vertex 92.5292 80.5371 25.2
      vertex 91.1343 81.1343 25.2
    endloop
  endfacet
  facet normal 0 0 1
    outer loop
      vertex 90.7811 82.5445 25.2
      vertex 91.9406 83.4961 25.2
      vertex 91.7297 83.7287 25.2
    endloop
  endfacet
  facet normal 0 0 1
    outer loop
      vertex 92.5292 80.5371 25.2
      vertex 91.0938 80.9725 25.2
      vertex 92.4234 80.2414 25.2
    endloop
  endfacet
  facet normal 0 0 1
    outer loop
      vertex 90.6691 82.6681 25.2
      vertex 91.7297 83.7287 25.2
      vertex 91.4971 83.9396 25.2
    endloop
  endfacet
  facet normal -0 0 1
    outer loop
      vertex 91.0376 80.8154 25.2
      vertex 92.4234 80.2414 25.2
      vertex 91.0938 80.9725 25.2
    endloop
  endfacet
  facet normal 0 0 1
    outer loop
      vertex 90.5455 82.7801 25.2
      vertex 91.4971 83.9396 25.2
      vertex 91.2448 84.1267 25.2
    endloop
  endfacet
  facet normal 0 0 1
    outer loop
      vertex 92.4234 80.2414 25.2
      vertex 91.0376 80.8154 25.2
      vertex 92.2891 79.9575 25.2
    endloop
  endfacet
  facet normal -0 0 1
    outer loop
      vertex 90.9663 80.6646 25.2
      vertex 92.2891 79.9575 25.2
      vertex 91.0376 80.8154 25.2
    endloop
  endfacet
  facet normal 0 0 1
    outer loop
      vertex 92.6516 81.7797 25.2
      vertex 91.1588 81.6326 25.2
      vertex 91.167 81.466 25.2
    endloop
  endfacet
  facet normal 0 0 1
    outer loop
      vertex 92.6055 82.0903 25.2
      vertex 91.1343 81.7977 25.2
      vertex 91.1588 81.6326 25.2
    endloop
  endfacet
  facet normal 0 0 1
    outer loop
      vertex 92.5292 82.3949 25.2
      vertex 91.0938 81.9595 25.2
      vertex 91.1343 81.7977 25.2
    endloop
  endfacet
  facet normal 0 0 1
    outer loop
      vertex 92.4234 82.6906 25.2
      vertex 91.0376 82.1166 25.2
      vertex 91.0938 81.9595 25.2
    endloop
  endfacet
  facet normal 0 0 1
    outer loop
      vertex 90.4115 82.8795 25.2
      vertex 91.2448 84.1267 25.2
      vertex 90.9755 84.2881 25.2
    endloop
  endfacet
  facet normal 0 0 1
    outer loop
      vertex 92.2891 82.9745 25.2
      vertex 90.9663 82.2674 25.2
      vertex 91.0376 82.1166 25.2
    endloop
  endfacet
  facet normal 0 0 1
    outer loop
      vertex 92.1277 83.2438 25.2
      vertex 90.8805 82.4105 25.2
      vertex 90.9663 82.2674 25.2
    endloop
  endfacet
  facet normal 0 0 1
    outer loop
      vertex 91.9406 83.4961 25.2
      vertex 90.7811 82.5445 25.2
      vertex 90.8805 82.4105 25.2
    endloop
  endfacet
  facet normal 0 0 1
    outer loop
      vertex 90.2684 82.9653 25.2
      vertex 90.9755 84.2881 25.2
      vertex 90.6916 84.4224 25.2
    endloop
  endfacet
  facet normal 0 0 1
    outer loop
      vertex 91.7297 83.7287 25.2
      vertex 90.6691 82.6681 25.2
      vertex 90.7811 82.5445 25.2
    endloop
  endfacet
  facet normal 0 0 1
    outer loop
      vertex 91.4971 83.9396 25.2
      vertex 90.5455 82.7801 25.2
      vertex 90.6691 82.6681 25.2
    endloop
  endfacet
  facet normal 0 0 1
    outer loop
      vertex 91.2448 84.1267 25.2
      vertex 90.4115 82.8795 25.2
      vertex 90.5455 82.7801 25.2
    endloop
  endfacet
  facet normal 0 0 1
    outer loop
      vertex 90.1176 83.0366 25.2
      vertex 90.6916 84.4224 25.2
      vertex 90.3959 84.5282 25.2
    endloop
  endfacet
  facet normal 0 0 1
    outer loop
      vertex 90.9755 84.2881 25.2
      vertex 90.2684 82.9653 25.2
      vertex 90.4115 82.8795 25.2
    endloop
  endfacet
  facet normal 0 0 1
    outer loop
      vertex 90.6916 84.4224 25.2
      vertex 90.1176 83.0366 25.2
      vertex 90.2684 82.9653 25.2
    endloop
  endfacet
  facet normal 0 0 1
    outer loop
      vertex 89.9605 83.0928 25.2
      vertex 90.3959 84.5282 25.2
      vertex 90.0913 84.6045 25.2
    endloop
  endfacet
  facet normal 0 0 1
    outer loop
      vertex 90.3959 84.5282 25.2
      vertex 89.9605 83.0928 25.2
      vertex 90.1176 83.0366 25.2
    endloop
  endfacet
  facet normal 0 0 1
    outer loop
      vertex 90.0913 84.6045 25.2
      vertex 89.7987 83.1333 25.2
      vertex 89.9605 83.0928 25.2
    endloop
  endfacet
  facet normal 0 0 1
    outer loop
      vertex 89.7807 84.6506 25.2
      vertex 89.7987 83.1333 25.2
      vertex 90.0913 84.6045 25.2
    endloop
  endfacet
  facet normal 0 0 1
    outer loop
      vertex 89.7807 84.6506 25.2
      vertex 89.6336 83.1578 25.2
      vertex 89.7987 83.1333 25.2
    endloop
  endfacet
  facet normal 0 0 1
    outer loop
      vertex 89.467 84.666 25.2
      vertex 89.6336 83.1578 25.2
      vertex 89.7807 84.6506 25.2
    endloop
  endfacet
  facet normal 0 0 1
    outer loop
      vertex 89.467 84.666 25.2
      vertex 89.467 83.166 25.2
      vertex 89.6336 83.1578 25.2
    endloop
  endfacet
  facet normal 0 0 1
    outer loop
      vertex 89.467 84.666 25.2
      vertex 89.3004 83.1578 25.2
      vertex 89.467 83.166 25.2
    endloop
  endfacet
  facet normal -0 0 1
    outer loop
      vertex 89.1533 84.6506 25.2
      vertex 89.3004 83.1578 25.2
      vertex 89.467 84.666 25.2
    endloop
  endfacet
  facet normal 0 0 1
    outer loop
      vertex 89.1533 84.6506 25.2
      vertex 89.1353 83.1333 25.2
      vertex 89.3004 83.1578 25.2
    endloop
  endfacet
  facet normal -0 0 1
    outer loop
      vertex 88.8427 84.6045 25.2
      vertex 89.1353 83.1333 25.2
      vertex 89.1533 84.6506 25.2
    endloop
  endfacet
  facet normal 0 0 1
    outer loop
      vertex 89.1353 83.1333 25.2
      vertex 88.8427 84.6045 25.2
      vertex 88.9735 83.0928 25.2
    endloop
  endfacet
  facet normal -0 0 1
    outer loop
      vertex 88.5381 84.5282 25.2
      vertex 88.9735 83.0928 25.2
      vertex 88.8427 84.6045 25.2
    endloop
  endfacet
  facet normal 0 0 1
    outer loop
      vertex 88.9735 83.0928 25.2
      vertex 88.5381 84.5282 25.2
      vertex 88.8164 83.0366 25.2
    endloop
  endfacet
  facet normal -0 0 1
    outer loop
      vertex 88.2424 84.4224 25.2
      vertex 88.8164 83.0366 25.2
      vertex 88.5381 84.5282 25.2
    endloop
  endfacet
  facet normal 0 0 1
    outer loop
      vertex 88.8164 83.0366 25.2
      vertex 88.2424 84.4224 25.2
      vertex 88.6656 82.9653 25.2
    endloop
  endfacet
  facet normal -0 0 1
    outer loop
      vertex 87.9585 84.2881 25.2
      vertex 88.6656 82.9653 25.2
      vertex 88.2424 84.4224 25.2
    endloop
  endfacet
  facet normal 0 0 1
    outer loop
      vertex 88.6656 82.9653 25.2
      vertex 87.9585 84.2881 25.2
      vertex 88.5225 82.8795 25.2
    endloop
  endfacet
  facet normal -0 0 1
    outer loop
      vertex 87.6892 84.1267 25.2
      vertex 88.5225 82.8795 25.2
      vertex 87.9585 84.2881 25.2
    endloop
  endfacet
  facet normal 0 0 1
    outer loop
      vertex 88.5225 82.8795 25.2
      vertex 87.6892 84.1267 25.2
      vertex 88.3885 82.7801 25.2
    endloop
  endfacet
  facet normal -0 0 1
    outer loop
      vertex 87.4369 83.9396 25.2
      vertex 88.3885 82.7801 25.2
      vertex 87.6892 84.1267 25.2
    endloop
  endfacet
  facet normal 0 0 1
    outer loop
      vertex 88.3885 82.7801 25.2
      vertex 87.4369 83.9396 25.2
      vertex 88.2649 82.6681 25.2
    endloop
  endfacet
  facet normal -0 0 1
    outer loop
      vertex 87.2043 83.7287 25.2
      vertex 88.2649 82.6681 25.2
      vertex 87.4369 83.9396 25.2
    endloop
  endfacet
  facet normal 0 0 1
    outer loop
      vertex 88.2649 82.6681 25.2
      vertex 87.2043 83.7287 25.2
      vertex 88.1529 82.5445 25.2
    endloop
  endfacet
  facet normal -0 0 1
    outer loop
      vertex 86.9934 83.4961 25.2
      vertex 88.1529 82.5445 25.2
      vertex 87.2043 83.7287 25.2
    endloop
  endfacet
  facet normal 0 0 1
    outer loop
      vertex 88.1529 82.5445 25.2
      vertex 86.9934 83.4961 25.2
      vertex 88.0535 82.4105 25.2
    endloop
  endfacet
  facet normal -0 0 1
    outer loop
      vertex 86.8063 83.2438 25.2
      vertex 88.0535 82.4105 25.2
      vertex 86.9934 83.4961 25.2
    endloop
  endfacet
  facet normal -0 0 1
    outer loop
      vertex 86.6449 82.9745 25.2
      vertex 87.9677 82.2674 25.2
      vertex 86.8063 83.2438 25.2
    endloop
  endfacet
  facet normal 0 0 1
    outer loop
      vertex 88.0535 82.4105 25.2
      vertex 86.8063 83.2438 25.2
      vertex 87.9677 82.2674 25.2
    endloop
  endfacet
  facet normal 0 0 1
    outer loop
      vertex 92.2891 79.9575 25.2
      vertex 90.9663 80.6646 25.2
      vertex 92.1277 79.6882 25.2
    endloop
  endfacet
  facet normal -0 0 1
    outer loop
      vertex 90.8805 80.5215 25.2
      vertex 92.1277 79.6882 25.2
      vertex 90.9663 80.6646 25.2
    endloop
  endfacet
  facet normal 0 0 1
    outer loop
      vertex 92.1277 79.6882 25.2
      vertex 90.8805 80.5215 25.2
      vertex 91.9406 79.4359 25.2
    endloop
  endfacet
  facet normal -0 0 1
    outer loop
      vertex 90.7811 80.3875 25.2
      vertex 91.9406 79.4359 25.2
      vertex 90.8805 80.5215 25.2
    endloop
  endfacet
  facet normal 0 0 1
    outer loop
      vertex 91.9406 79.4359 25.2
      vertex 90.7811 80.3875 25.2
      vertex 91.7297 79.2033 25.2
    endloop
  endfacet
  facet normal -0 0 1
    outer loop
      vertex 90.6691 80.2639 25.2
      vertex 91.7297 79.2033 25.2
      vertex 90.7811 80.3875 25.2
    endloop
  endfacet
  facet normal 0 0 1
    outer loop
      vertex 91.7297 79.2033 25.2
      vertex 90.6691 80.2639 25.2
      vertex 91.4971 78.9924 25.2
    endloop
  endfacet
  facet normal -0 0 1
    outer loop
      vertex 90.5455 80.1519 25.2
      vertex 91.4971 78.9924 25.2
      vertex 90.6691 80.2639 25.2
    endloop
  endfacet
  facet normal 0 0 1
    outer loop
      vertex 91.4971 78.9924 25.2
      vertex 90.5455 80.1519 25.2
      vertex 91.2448 78.8053 25.2
    endloop
  endfacet
  facet normal -0 0 1
    outer loop
      vertex 90.4115 80.0525 25.2
      vertex 91.2448 78.8053 25.2
      vertex 90.5455 80.1519 25.2
    endloop
  endfacet
  facet normal 0 0 1
    outer loop
      vertex 91.2448 78.8053 25.2
      vertex 90.4115 80.0525 25.2
      vertex 90.9755 78.6439 25.2
    endloop
  endfacet
  facet normal -0 0 1
    outer loop
      vertex 90.2684 79.9667 25.2
      vertex 90.9755 78.6439 25.2
      vertex 90.4115 80.0525 25.2
    endloop
  endfacet
  facet normal 0 0 1
    outer loop
      vertex 90.9755 78.6439 25.2
      vertex 90.2684 79.9667 25.2
      vertex 90.6916 78.5096 25.2
    endloop
  endfacet
  facet normal -0 0 1
    outer loop
      vertex 90.1176 79.8954 25.2
      vertex 90.6916 78.5096 25.2
      vertex 90.2684 79.9667 25.2
    endloop
  endfacet
  facet normal 0 0 1
    outer loop
      vertex 90.6916 78.5096 25.2
      vertex 90.1176 79.8954 25.2
      vertex 90.3959 78.4038 25.2
    endloop
  endfacet
  facet normal -0 0 1
    outer loop
      vertex 89.9605 79.8392 25.2
      vertex 90.3959 78.4038 25.2
      vertex 90.1176 79.8954 25.2
    endloop
  endfacet
  facet normal 0 0 1
    outer loop
      vertex 90.3959 78.4038 25.2
      vertex 89.9605 79.8392 25.2
      vertex 90.0913 78.3275 25.2
    endloop
  endfacet
  facet normal -0 0 1
    outer loop
      vertex 89.7987 79.7987 25.2
      vertex 90.0913 78.3275 25.2
      vertex 89.9605 79.8392 25.2
    endloop
  endfacet
  facet normal 0 0 1
    outer loop
      vertex 89.7987 79.7987 25.2
      vertex 89.7807 78.2814 25.2
      vertex 90.0913 78.3275 25.2
    endloop
  endfacet
  facet normal -0 0 1
    outer loop
      vertex 89.6336 79.7742 25.2
      vertex 89.7807 78.2814 25.2
      vertex 89.7987 79.7987 25.2
    endloop
  endfacet
  facet normal -0 0 1
    outer loop
      vertex 89.467 79.766 25.2
      vertex 89.7807 78.2814 25.2
      vertex 89.6336 79.7742 25.2
    endloop
  endfacet
  facet normal 0 0 1
    outer loop
      vertex 89.467 79.766 25.2
      vertex 89.467 78.266 25.2
      vertex 89.7807 78.2814 25.2
    endloop
  endfacet
  facet normal 0 0 1
    outer loop
      vertex 89.3004 79.7742 25.2
      vertex 89.467 78.266 25.2
      vertex 89.467 79.766 25.2
    endloop
  endfacet
  facet normal 0 0 1
    outer loop
      vertex 89.3004 79.7742 25.2
      vertex 89.1533 78.2814 25.2
      vertex 89.467 78.266 25.2
    endloop
  endfacet
  facet normal 0 0 1
    outer loop
      vertex 89.1353 79.7987 25.2
      vertex 89.1533 78.2814 25.2
      vertex 89.3004 79.7742 25.2
    endloop
  endfacet
  facet normal 0 0 1
    outer loop
      vertex 88.8427 78.3275 25.2
      vertex 89.1353 79.7987 25.2
      vertex 88.9735 79.8392 25.2
    endloop
  endfacet
  facet normal 0 0 1
    outer loop
      vertex 89.1353 79.7987 25.2
      vertex 88.8427 78.3275 25.2
      vertex 89.1533 78.2814 25.2
    endloop
  endfacet
  facet normal 0 0 1
    outer loop
      vertex 88.5381 78.4038 25.2
      vertex 88.9735 79.8392 25.2
      vertex 88.8164 79.8954 25.2
    endloop
  endfacet
  facet normal 0 0 1
    outer loop
      vertex 88.2424 78.5096 25.2
      vertex 88.8164 79.8954 25.2
      vertex 88.6656 79.9667 25.2
    endloop
  endfacet
  facet normal 0 0 1
    outer loop
      vertex 88.9735 79.8392 25.2
      vertex 88.5381 78.4038 25.2
      vertex 88.8427 78.3275 25.2
    endloop
  endfacet
  facet normal 0 0 1
    outer loop
      vertex 87.9585 78.6439 25.2
      vertex 88.6656 79.9667 25.2
      vertex 88.5225 80.0525 25.2
    endloop
  endfacet
  facet normal 0 0 1
    outer loop
      vertex 87.6892 78.8053 25.2
      vertex 88.5225 80.0525 25.2
      vertex 88.3885 80.1519 25.2
    endloop
  endfacet
  facet normal 0 0 1
    outer loop
      vertex 87.4369 78.9924 25.2
      vertex 88.3885 80.1519 25.2
      vertex 88.2649 80.2639 25.2
    endloop
  endfacet
  facet normal 0 0 1
    outer loop
      vertex 88.8164 79.8954 25.2
      vertex 88.2424 78.5096 25.2
      vertex 88.5381 78.4038 25.2
    endloop
  endfacet
  facet normal 0 0 1
    outer loop
      vertex 87.2043 79.2033 25.2
      vertex 88.2649 80.2639 25.2
      vertex 88.1529 80.3875 25.2
    endloop
  endfacet
  facet normal 0 0 1
    outer loop
      vertex 86.9934 79.4359 25.2
      vertex 88.1529 80.3875 25.2
      vertex 88.0535 80.5215 25.2
    endloop
  endfacet
  facet normal 0 0 1
    outer loop
      vertex 86.8063 79.6882 25.2
      vertex 88.0535 80.5215 25.2
      vertex 87.9677 80.6646 25.2
    endloop
  endfacet
  facet normal 0 0 1
    outer loop
      vertex 88.6656 79.9667 25.2
      vertex 87.9585 78.6439 25.2
      vertex 88.2424 78.5096 25.2
    endloop
  endfacet
  facet normal 0 0 1
    outer loop
      vertex 86.6449 79.9575 25.2
      vertex 87.9677 80.6646 25.2
      vertex 87.8964 80.8154 25.2
    endloop
  endfacet
  facet normal 0 0 1
    outer loop
      vertex 86.5106 80.2414 25.2
      vertex 87.8964 80.8154 25.2
      vertex 87.8402 80.9725 25.2
    endloop
  endfacet
  facet normal 0 0 1
    outer loop
      vertex 86.4048 80.5371 25.2
      vertex 87.8402 80.9725 25.2
      vertex 87.7997 81.1343 25.2
    endloop
  endfacet
  facet normal 0 0 1
    outer loop
      vertex 86.3285 80.8417 25.2
      vertex 87.7997 81.1343 25.2
      vertex 87.7752 81.2994 25.2
    endloop
  endfacet
  facet normal 0 0 1
    outer loop
      vertex 88.5225 80.0525 25.2
      vertex 87.6892 78.8053 25.2
      vertex 87.9585 78.6439 25.2
    endloop
  endfacet
  facet normal 0 0 1
    outer loop
      vertex 86.2824 81.1523 25.2
      vertex 87.7752 81.2994 25.2
      vertex 87.767 81.466 25.2
    endloop
  endfacet
  facet normal 0 0 1
    outer loop
      vertex 87.9677 82.2674 25.2
      vertex 86.6449 82.9745 25.2
      vertex 87.8964 82.1166 25.2
    endloop
  endfacet
  facet normal -0 0 1
    outer loop
      vertex 86.5106 82.6906 25.2
      vertex 87.8964 82.1166 25.2
      vertex 86.6449 82.9745 25.2
    endloop
  endfacet
  facet normal 0 0 1
    outer loop
      vertex 88.3885 80.1519 25.2
      vertex 87.4369 78.9924 25.2
      vertex 87.6892 78.8053 25.2
    endloop
  endfacet
  facet normal 0 0 1
    outer loop
      vertex 87.8964 82.1166 25.2
      vertex 86.5106 82.6906 25.2
      vertex 87.8402 81.9595 25.2
    endloop
  endfacet
  facet normal 0 0 1
    outer loop
      vertex 88.2649 80.2639 25.2
      vertex 87.2043 79.2033 25.2
      vertex 87.4369 78.9924 25.2
    endloop
  endfacet
  facet normal -0 0 1
    outer loop
      vertex 86.4048 82.3949 25.2
      vertex 87.8402 81.9595 25.2
      vertex 86.5106 82.6906 25.2
    endloop
  endfacet
  facet normal 0 0 1
    outer loop
      vertex 88.1529 80.3875 25.2
      vertex 86.9934 79.4359 25.2
      vertex 87.2043 79.2033 25.2
    endloop
  endfacet
  facet normal 0 0 1
    outer loop
      vertex 87.8402 81.9595 25.2
      vertex 86.4048 82.3949 25.2
      vertex 87.7997 81.7977 25.2
    endloop
  endfacet
  facet normal 0 0 1
    outer loop
      vertex 88.0535 80.5215 25.2
      vertex 86.8063 79.6882 25.2
      vertex 86.9934 79.4359 25.2
    endloop
  endfacet
  facet normal -0 0 1
    outer loop
      vertex 86.3285 82.0903 25.2
      vertex 87.7997 81.7977 25.2
      vertex 86.4048 82.3949 25.2
    endloop
  endfacet
  facet normal 0 0 1
    outer loop
      vertex 87.9677 80.6646 25.2
      vertex 86.6449 79.9575 25.2
      vertex 86.8063 79.6882 25.2
    endloop
  endfacet
  facet normal 0 0 1
    outer loop
      vertex 87.7997 81.7977 25.2
      vertex 86.3285 82.0903 25.2
      vertex 87.7752 81.6326 25.2
    endloop
  endfacet
  facet normal 0 0 1
    outer loop
      vertex 87.8964 80.8154 25.2
      vertex 86.5106 80.2414 25.2
      vertex 86.6449 79.9575 25.2
    endloop
  endfacet
  facet normal -0 0 1
    outer loop
      vertex 86.2824 81.7797 25.2
      vertex 87.7752 81.6326 25.2
      vertex 86.3285 82.0903 25.2
    endloop
  endfacet
  facet normal 0 0 1
    outer loop
      vertex 87.8402 80.9725 25.2
      vertex 86.4048 80.5371 25.2
      vertex 86.5106 80.2414 25.2
    endloop
  endfacet
  facet normal 0 0 1
    outer loop
      vertex 87.7752 81.6326 25.2
      vertex 86.2824 81.7797 25.2
      vertex 87.767 81.466 25.2
    endloop
  endfacet
  facet normal 0 0 1
    outer loop
      vertex 87.7997 81.1343 25.2
      vertex 86.3285 80.8417 25.2
      vertex 86.4048 80.5371 25.2
    endloop
  endfacet
  facet normal 0 0 1
    outer loop
      vertex 86.267 81.466 25.2
      vertex 87.767 81.466 25.2
      vertex 86.2824 81.7797 25.2
    endloop
  endfacet
  facet normal 0 0 1
    outer loop
      vertex 87.7752 81.2994 25.2
      vertex 86.2824 81.1523 25.2
      vertex 86.3285 80.8417 25.2
    endloop
  endfacet
  facet normal 0 0 1
    outer loop
      vertex 87.767 81.466 25.2
      vertex 86.267 81.466 25.2
      vertex 86.2824 81.1523 25.2
    endloop
  endfacet
  facet normal 0.989164 0.146814 0
    outer loop
      vertex 86.3285 80.8417 27.4
      vertex 86.2824 81.1523 25.2
      vertex 86.2824 81.1523 27.4
    endloop
  endfacet
  facet normal 0.989164 0.146814 0
    outer loop
      vertex 86.2824 81.1523 25.2
      vertex 86.3285 80.8417 27.4
      vertex 86.3285 80.8417 25.2
    endloop
  endfacet
  facet normal 0.941547 0.336881 0
    outer loop
      vertex 86.5106 80.2414 27.4
      vertex 86.4048 80.5371 25.2
      vertex 86.4048 80.5371 27.4
    endloop
  endfacet
  facet normal 0.941547 0.336881 0
    outer loop
      vertex 86.4048 80.5371 25.2
      vertex 86.5106 80.2414 27.4
      vertex 86.5106 80.2414 25.2
    endloop
  endfacet
  facet normal 0.857746 0.514074 0
    outer loop
      vertex 86.8063 79.6882 27.4
      vertex 86.6449 79.9575 25.2
      vertex 86.6449 79.9575 27.4
    endloop
  endfacet
  facet normal 0.857746 0.514074 0
    outer loop
      vertex 86.6449 79.9575 25.2
      vertex 86.8063 79.6882 27.4
      vertex 86.8063 79.6882 25.2
    endloop
  endfacet
  facet normal 0.740819 0.671705 0
    outer loop
      vertex 87.2043 79.2033 27.4
      vertex 86.9934 79.4359 25.2
      vertex 86.9934 79.4359 27.4
    endloop
  endfacet
  facet normal 0.740819 0.671705 0
    outer loop
      vertex 86.9934 79.4359 25.2
      vertex 87.2043 79.2033 27.4
      vertex 87.2043 79.2033 25.2
    endloop
  endfacet
  facet normal -0.242985 0.97003 0
    outer loop
      vertex 90.3959 78.4038 25.2
      vertex 90.0913 78.3275 27.4
      vertex 90.3959 78.4038 27.4
    endloop
  endfacet
  facet normal -0.242985 0.97003 0
    outer loop
      vertex 90.0913 78.3275 27.4
      vertex 90.3959 78.4038 25.2
      vertex 90.0913 78.3275 25.2
    endloop
  endfacet
  facet normal -0.595661 0.803236 0
    outer loop
      vertex 91.4971 78.9924 25.2
      vertex 91.2448 78.8053 27.4
      vertex 91.4971 78.9924 27.4
    endloop
  endfacet
  facet normal -0.595661 0.803236 0
    outer loop
      vertex 91.2448 78.8053 27.4
      vertex 91.4971 78.9924 25.2
      vertex 91.2448 78.8053 25.2
    endloop
  endfacet
  facet normal -0.740819 0.671705 0
    outer loop
      vertex 91.7297 79.2033 25.2
      vertex 91.9406 79.4359 27.4
      vertex 91.9406 79.4359 25.2
    endloop
  endfacet
  facet normal -0.740819 0.671705 0
    outer loop
      vertex 91.9406 79.4359 27.4
      vertex 91.7297 79.2033 25.2
      vertex 91.7297 79.2033 27.4
    endloop
  endfacet
  facet normal 0.595661 0.803236 -0
    outer loop
      vertex 87.6892 78.8053 25.2
      vertex 87.4369 78.9924 27.4
      vertex 87.6892 78.8053 27.4
    endloop
  endfacet
  facet normal 0.595661 0.803236 0
    outer loop
      vertex 87.4369 78.9924 27.4
      vertex 87.6892 78.8053 25.2
      vertex 87.4369 78.9924 25.2
    endloop
  endfacet
  facet normal 0.514074 0.857746 -0
    outer loop
      vertex 87.9585 78.6439 25.2
      vertex 87.6892 78.8053 27.4
      vertex 87.9585 78.6439 27.4
    endloop
  endfacet
  facet normal 0.514074 0.857746 0
    outer loop
      vertex 87.6892 78.8053 27.4
      vertex 87.9585 78.6439 25.2
      vertex 87.6892 78.8053 25.2
    endloop
  endfacet
  facet normal 0.336881 0.941547 -0
    outer loop
      vertex 88.5381 78.4038 25.2
      vertex 88.2424 78.5096 27.4
      vertex 88.5381 78.4038 27.4
    endloop
  endfacet
  facet normal 0.336881 0.941547 0
    outer loop
      vertex 88.2424 78.5096 27.4
      vertex 88.5381 78.4038 25.2
      vertex 88.2424 78.5096 25.2
    endloop
  endfacet
  facet normal 0.242985 0.97003 -0
    outer loop
      vertex 88.8427 78.3275 25.2
      vertex 88.5381 78.4038 27.4
      vertex 88.8427 78.3275 27.4
    endloop
  endfacet
  facet normal 0.242985 0.97003 0
    outer loop
      vertex 88.5381 78.4038 27.4
      vertex 88.8427 78.3275 25.2
      vertex 88.5381 78.4038 25.2
    endloop
  endfacet
  facet normal 0.146814 0.989164 -0
    outer loop
      vertex 89.1533 78.2814 25.2
      vertex 88.8427 78.3275 27.4
      vertex 89.1533 78.2814 27.4
    endloop
  endfacet
  facet normal 0.146814 0.989164 0
    outer loop
      vertex 88.8427 78.3275 27.4
      vertex 89.1533 78.2814 25.2
      vertex 88.8427 78.3275 25.2
    endloop
  endfacet
  facet normal 0 0 -1
    outer loop
      vertex -2.45 24.533 19.5
      vertex -0.449997 26.733 19.5
      vertex -0.449997 24.533 19.5
    endloop
  endfacet
  facet normal -0 0 -1
    outer loop
      vertex -0.449997 26.733 19.5
      vertex -2.45 24.533 19.5
      vertex -2.45 26.733 19.5
    endloop
  endfacet
  facet normal 0 -1 0
    outer loop
      vertex -2.45 26.733 11.5
      vertex -0.449997 26.733 19.5
      vertex -2.45 26.733 19.5
    endloop
  endfacet
  facet normal 0 -1 -0
    outer loop
      vertex -0.449997 26.733 19.5
      vertex -2.45 26.733 11.5
      vertex -0.449997 26.733 11.5
    endloop
  endfacet
  facet normal -0 0 1
    outer loop
      vertex -2.45 26.733 11.5
      vertex -0.449997 24.533 11.5
      vertex -0.449997 26.733 11.5
    endloop
  endfacet
  facet normal 0 0 1
    outer loop
      vertex -0.449997 24.533 11.5
      vertex -2.45 26.733 11.5
      vertex -2.45 24.533 11.5
    endloop
  endfacet
  facet normal 0 1 -0
    outer loop
      vertex -0.449997 24.533 11.5
      vertex -2.45 24.533 19.5
      vertex -0.449997 24.533 19.5
    endloop
  endfacet
  facet normal 0 1 0
    outer loop
      vertex -2.45 24.533 19.5
      vertex -0.449997 24.533 11.5
      vertex -2.45 24.533 11.5
    endloop
  endfacet
  facet normal 0 0 -1
    outer loop
      vertex 85.717 24.533 19.5
      vertex 87.717 26.733 19.5
      vertex 87.717 24.533 19.5
    endloop
  endfacet
  facet normal -0 0 -1
    outer loop
      vertex 87.717 26.733 19.5
      vertex 85.717 24.533 19.5
      vertex 85.717 26.733 19.5
    endloop
  endfacet
  facet normal -0 0 1
    outer loop
      vertex 85.717 26.733 11.5
      vertex 87.717 24.533 11.5
      vertex 87.717 26.733 11.5
    endloop
  endfacet
  facet normal 0 0 1
    outer loop
      vertex 87.717 24.533 11.5
      vertex 85.717 26.733 11.5
      vertex 85.717 24.533 11.5
    endloop
  endfacet
  facet normal 0 1 -0
    outer loop
      vertex 87.717 24.533 11.5
      vertex 85.717 24.533 19.5
      vertex 87.717 24.533 19.5
    endloop
  endfacet
  facet normal 0 1 0
    outer loop
      vertex 85.717 24.533 19.5
      vertex 87.717 24.533 11.5
      vertex 85.717 24.533 11.5
    endloop
  endfacet
  facet normal 0 -1 0
    outer loop
      vertex 85.717 26.733 11.5
      vertex 87.717 26.733 19.5
      vertex 85.717 26.733 19.5
    endloop
  endfacet
  facet normal 0 -1 -0
    outer loop
      vertex 87.717 26.733 19.5
      vertex 85.717 26.733 11.5
      vertex 87.717 26.733 11.5
    endloop
  endfacet
  facet normal 0 0 -1
    outer loop
      vertex -2.45 31.033 19.5
      vertex -0.449997 33.233 19.5
      vertex -0.449997 31.033 19.5
    endloop
  endfacet
  facet normal -0 0 -1
    outer loop
      vertex -0.449997 33.233 19.5
      vertex -2.45 31.033 19.5
      vertex -2.45 33.233 19.5
    endloop
  endfacet
  facet normal 0 -1 0
    outer loop
      vertex -2.45 33.233 11.5
      vertex -0.449997 33.233 19.5
      vertex -2.45 33.233 19.5
    endloop
  endfacet
  facet normal 0 -1 -0
    outer loop
      vertex -0.449997 33.233 19.5
      vertex -2.45 33.233 11.5
      vertex -0.449997 33.233 11.5
    endloop
  endfacet
  facet normal -0 0 1
    outer loop
      vertex -2.45 33.233 11.5
      vertex -0.449997 31.033 11.5
      vertex -0.449997 33.233 11.5
    endloop
  endfacet
  facet normal 0 0 1
    outer loop
      vertex -0.449997 31.033 11.5
      vertex -2.45 33.233 11.5
      vertex -2.45 31.033 11.5
    endloop
  endfacet
  facet normal 0 1 -0
    outer loop
      vertex -0.449997 31.033 11.5
      vertex -2.45 31.033 19.5
      vertex -0.449997 31.033 19.5
    endloop
  endfacet
  facet normal 0 1 0
    outer loop
      vertex -2.45 31.033 19.5
      vertex -0.449997 31.033 11.5
      vertex -2.45 31.033 11.5
    endloop
  endfacet
  facet normal 0 0 -1
    outer loop
      vertex 85.717 31.033 19.5
      vertex 87.717 33.233 19.5
      vertex 87.717 31.033 19.5
    endloop
  endfacet
  facet normal -0 0 -1
    outer loop
      vertex 87.717 33.233 19.5
      vertex 85.717 31.033 19.5
      vertex 85.717 33.233 19.5
    endloop
  endfacet
  facet normal 0 -1 0
    outer loop
      vertex 85.717 33.233 11.5
      vertex 87.717 33.233 19.5
      vertex 85.717 33.233 19.5
    endloop
  endfacet
  facet normal 0 -1 -0
    outer loop
      vertex 87.717 33.233 19.5
      vertex 85.717 33.233 11.5
      vertex 87.717 33.233 11.5
    endloop
  endfacet
  facet normal -0 0 1
    outer loop
      vertex 85.717 33.233 11.5
      vertex 87.717 31.033 11.5
      vertex 87.717 33.233 11.5
    endloop
  endfacet
  facet normal 0 0 1
    outer loop
      vertex 87.717 31.033 11.5
      vertex 85.717 33.233 11.5
      vertex 85.717 31.033 11.5
    endloop
  endfacet
  facet normal 0 1 -0
    outer loop
      vertex 87.717 31.033 11.5
      vertex 85.717 31.033 19.5
      vertex 87.717 31.033 19.5
    endloop
  endfacet
  facet normal 0 1 0
    outer loop
      vertex 85.717 31.033 19.5
      vertex 87.717 31.033 11.5
      vertex 85.717 31.033 11.5
    endloop
  endfacet
  facet normal 0 0 -1
    outer loop
      vertex -2.45 37.533 19.5
      vertex -0.449997 39.733 19.5
      vertex -0.449997 37.533 19.5
    endloop
  endfacet
  facet normal -0 0 -1
    outer loop
      vertex -0.449997 39.733 19.5
      vertex -2.45 37.533 19.5
      vertex -2.45 39.733 19.5
    endloop
  endfacet
  facet normal -0 0 1
    outer loop
      vertex -2.45 39.733 11.5
      vertex -0.449997 37.533 11.5
      vertex -0.449997 39.733 11.5
    endloop
  endfacet
  facet normal 0 0 1
    outer loop
      vertex -0.449997 37.533 11.5
      vertex -2.45 39.733 11.5
      vertex -2.45 37.533 11.5
    endloop
  endfacet
  facet normal 0 1 -0
    outer loop
      vertex -0.449997 37.533 11.5
      vertex -2.45 37.533 19.5
      vertex -0.449997 37.533 19.5
    endloop
  endfacet
  facet normal 0 1 0
    outer loop
      vertex -2.45 37.533 19.5
      vertex -0.449997 37.533 11.5
      vertex -2.45 37.533 11.5
    endloop
  endfacet
  facet normal 0 -1 0
    outer loop
      vertex -2.45 39.733 11.5
      vertex -0.449997 39.733 19.5
      vertex -2.45 39.733 19.5
    endloop
  endfacet
  facet normal 0 -1 -0
    outer loop
      vertex -0.449997 39.733 19.5
      vertex -2.45 39.733 11.5
      vertex -0.449997 39.733 11.5
    endloop
  endfacet
  facet normal 0 0 -1
    outer loop
      vertex 85.717 37.533 19.5
      vertex 87.717 39.733 19.5
      vertex 87.717 37.533 19.5
    endloop
  endfacet
  facet normal -0 0 -1
    outer loop
      vertex 87.717 39.733 19.5
      vertex 85.717 37.533 19.5
      vertex 85.717 39.733 19.5
    endloop
  endfacet
  facet normal 0 -1 0
    outer loop
      vertex 85.717 39.733 11.5
      vertex 87.717 39.733 19.5
      vertex 85.717 39.733 19.5
    endloop
  endfacet
  facet normal 0 -1 -0
    outer loop
      vertex 87.717 39.733 19.5
      vertex 85.717 39.733 11.5
      vertex 87.717 39.733 11.5
    endloop
  endfacet
  facet normal -0 0 1
    outer loop
      vertex 85.717 39.733 11.5
      vertex 87.717 37.533 11.5
      vertex 87.717 39.733 11.5
    endloop
  endfacet
  facet normal 0 0 1
    outer loop
      vertex 87.717 37.533 11.5
      vertex 85.717 39.733 11.5
      vertex 85.717 37.533 11.5
    endloop
  endfacet
  facet normal 0 1 -0
    outer loop
      vertex 87.717 37.533 11.5
      vertex 85.717 37.533 19.5
      vertex 87.717 37.533 19.5
    endloop
  endfacet
  facet normal 0 1 0
    outer loop
      vertex 85.717 37.533 19.5
      vertex 87.717 37.533 11.5
      vertex 85.717 37.533 11.5
    endloop
  endfacet
  facet normal 0 0 -1
    outer loop
      vertex -2.45 44.033 19.5
      vertex -0.449997 46.233 19.5
      vertex -0.449997 44.033 19.5
    endloop
  endfacet
  facet normal -0 0 -1
    outer loop
      vertex -0.449997 46.233 19.5
      vertex -2.45 44.033 19.5
      vertex -2.45 46.233 19.5
    endloop
  endfacet
  facet normal -0 0 1
    outer loop
      vertex -2.45 46.233 11.5
      vertex -0.449997 44.033 11.5
      vertex -0.449997 46.233 11.5
    endloop
  endfacet
  facet normal 0 0 1
    outer loop
      vertex -0.449997 44.033 11.5
      vertex -2.45 46.233 11.5
      vertex -2.45 44.033 11.5
    endloop
  endfacet
  facet normal 0 1 -0
    outer loop
      vertex -0.449997 44.033 11.5
      vertex -2.45 44.033 19.5
      vertex -0.449997 44.033 19.5
    endloop
  endfacet
  facet normal 0 1 0
    outer loop
      vertex -2.45 44.033 19.5
      vertex -0.449997 44.033 11.5
      vertex -2.45 44.033 11.5
    endloop
  endfacet
  facet normal 0 -1 0
    outer loop
      vertex -2.45 46.233 11.5
      vertex -0.449997 46.233 19.5
      vertex -2.45 46.233 19.5
    endloop
  endfacet
  facet normal 0 -1 -0
    outer loop
      vertex -0.449997 46.233 19.5
      vertex -2.45 46.233 11.5
      vertex -0.449997 46.233 11.5
    endloop
  endfacet
  facet normal 0 0 -1
    outer loop
      vertex 85.717 44.033 19.5
      vertex 87.717 46.233 19.5
      vertex 87.717 44.033 19.5
    endloop
  endfacet
  facet normal -0 0 -1
    outer loop
      vertex 87.717 46.233 19.5
      vertex 85.717 44.033 19.5
      vertex 85.717 46.233 19.5
    endloop
  endfacet
  facet normal 0 -1 0
    outer loop
      vertex 85.717 46.233 11.5
      vertex 87.717 46.233 19.5
      vertex 85.717 46.233 19.5
    endloop
  endfacet
  facet normal 0 -1 -0
    outer loop
      vertex 87.717 46.233 19.5
      vertex 85.717 46.233 11.5
      vertex 87.717 46.233 11.5
    endloop
  endfacet
  facet normal -0 0 1
    outer loop
      vertex 85.717 46.233 11.5
      vertex 87.717 44.033 11.5
      vertex 87.717 46.233 11.5
    endloop
  endfacet
  facet normal 0 0 1
    outer loop
      vertex 87.717 44.033 11.5
      vertex 85.717 46.233 11.5
      vertex 85.717 44.033 11.5
    endloop
  endfacet
  facet normal 0 1 -0
    outer loop
      vertex 87.717 44.033 11.5
      vertex 85.717 44.033 19.5
      vertex 87.717 44.033 19.5
    endloop
  endfacet
  facet normal 0 1 0
    outer loop
      vertex 85.717 44.033 19.5
      vertex 87.717 44.033 11.5
      vertex 85.717 44.033 11.5
    endloop
  endfacet
  facet normal 0 0 -1
    outer loop
      vertex -2.45 50.533 19.5
      vertex -0.449997 52.733 19.5
      vertex -0.449997 50.533 19.5
    endloop
  endfacet
  facet normal -0 0 -1
    outer loop
      vertex -0.449997 52.733 19.5
      vertex -2.45 50.533 19.5
      vertex -2.45 52.733 19.5
    endloop
  endfacet
  facet normal -0 0 1
    outer loop
      vertex -2.45 52.733 11.5
      vertex -0.449997 50.533 11.5
      vertex -0.449997 52.733 11.5
    endloop
  endfacet
  facet normal 0 0 1
    outer loop
      vertex -0.449997 50.533 11.5
      vertex -2.45 52.733 11.5
      vertex -2.45 50.533 11.5
    endloop
  endfacet
  facet normal 0 1 -0
    outer loop
      vertex -0.449997 50.533 11.5
      vertex -2.45 50.533 19.5
      vertex -0.449997 50.533 19.5
    endloop
  endfacet
  facet normal 0 1 0
    outer loop
      vertex -2.45 50.533 19.5
      vertex -0.449997 50.533 11.5
      vertex -2.45 50.533 11.5
    endloop
  endfacet
  facet normal 0 -1 0
    outer loop
      vertex -2.45 52.733 11.5
      vertex -0.449997 52.733 19.5
      vertex -2.45 52.733 19.5
    endloop
  endfacet
  facet normal 0 -1 -0
    outer loop
      vertex -0.449997 52.733 19.5
      vertex -2.45 52.733 11.5
      vertex -0.449997 52.733 11.5
    endloop
  endfacet
  facet normal 0 0 -1
    outer loop
      vertex 85.717 50.533 19.5
      vertex 87.717 52.733 19.5
      vertex 87.717 50.533 19.5
    endloop
  endfacet
  facet normal -0 0 -1
    outer loop
      vertex 87.717 52.733 19.5
      vertex 85.717 50.533 19.5
      vertex 85.717 52.733 19.5
    endloop
  endfacet
  facet normal -0 0 1
    outer loop
      vertex 85.717 52.733 11.5
      vertex 87.717 50.533 11.5
      vertex 87.717 52.733 11.5
    endloop
  endfacet
  facet normal 0 0 1
    outer loop
      vertex 87.717 50.533 11.5
      vertex 85.717 52.733 11.5
      vertex 85.717 50.533 11.5
    endloop
  endfacet
  facet normal 0 1 -0
    outer loop
      vertex 87.717 50.533 11.5
      vertex 85.717 50.533 19.5
      vertex 87.717 50.533 19.5
    endloop
  endfacet
  facet normal 0 1 0
    outer loop
      vertex 85.717 50.533 19.5
      vertex 87.717 50.533 11.5
      vertex 85.717 50.533 11.5
    endloop
  endfacet
  facet normal 0 -1 0
    outer loop
      vertex 85.717 52.733 11.5
      vertex 87.717 52.733 19.5
      vertex 85.717 52.733 19.5
    endloop
  endfacet
  facet normal 0 -1 -0
    outer loop
      vertex 87.717 52.733 19.5
      vertex 85.717 52.733 11.5
      vertex 87.717 52.733 11.5
    endloop
  endfacet
endsolid OpenSCAD_Model
