solid OpenSCAD_Model
  facet normal 0 0 1
    outer loop
      vertex -0.664459 85.0015 9.55
      vertex -2.90626 81.5934 9.55
      vertex -2.9 81.466 9.55
    endloop
  endfacet
  facet normal 0 0 1
    outer loop
      vertex -2.28658 86.0854 9.55
      vertex -2.92498 81.7196 9.55
      vertex -2.90626 81.5934 9.55
    endloop
  endfacet
  facet normal 0 0 1
    outer loop
      vertex -2.28658 86.0854 9.55
      vertex -2.95598 81.8434 9.55
      vertex -2.92498 81.7196 9.55
    endloop
  endfacet
  facet normal 0 0 1
    outer loop
      vertex -2.28658 86.0854 9.55
      vertex -2.99896 81.9635 9.55
      vertex -2.95598 81.8434 9.55
    endloop
  endfacet
  facet normal 0 0 1
    outer loop
      vertex -2.28658 86.0854 9.55
      vertex -3.0535 82.0788 9.55
      vertex -2.99896 81.9635 9.55
    endloop
  endfacet
  facet normal 0 0 1
    outer loop
      vertex -2.28658 86.0854 9.55
      vertex -3.11909 82.1882 9.55
      vertex -3.0535 82.0788 9.55
    endloop
  endfacet
  facet normal 0 0 1
    outer loop
      vertex -2.28658 86.0854 9.55
      vertex -3.19509 82.2907 9.55
      vertex -3.11909 82.1882 9.55
    endloop
  endfacet
  facet normal 0 0 1
    outer loop
      vertex -3.82263 82.71 9.55
      vertex -2.74857 86.2507 9.55
      vertex -3.22455 86.3699 9.55
    endloop
  endfacet
  facet normal 0 0 1
    outer loop
      vertex -2.28658 86.0854 9.55
      vertex -3.28076 82.3852 9.55
      vertex -3.19509 82.2907 9.55
    endloop
  endfacet
  facet normal 0 0 1
    outer loop
      vertex -2.28658 86.0854 9.55
      vertex -3.37529 82.4709 9.55
      vertex -3.28076 82.3852 9.55
    endloop
  endfacet
  facet normal 0 0 1
    outer loop
      vertex -2.28658 86.0854 9.55
      vertex -3.47776 82.5469 9.55
      vertex -3.37529 82.4709 9.55
    endloop
  endfacet
  facet normal 0 0 1
    outer loop
      vertex -2.28658 86.0854 9.55
      vertex -3.58718 82.6125 9.55
      vertex -3.47776 82.5469 9.55
    endloop
  endfacet
  facet normal 0 0 1
    outer loop
      vertex -2.28658 86.0854 9.55
      vertex -3.70251 82.667 9.55
      vertex -3.58718 82.6125 9.55
    endloop
  endfacet
  facet normal 0 0 1
    outer loop
      vertex -3.94638 82.741 9.55
      vertex -3.22455 86.3699 9.55
      vertex -3.7099 86.4419 9.55
    endloop
  endfacet
  facet normal 0 0 1
    outer loop
      vertex -2.74857 86.2507 9.55
      vertex -3.82263 82.71 9.55
      vertex -3.70251 82.667 9.55
    endloop
  endfacet
  facet normal 0 0 1
    outer loop
      vertex -3.22455 86.3699 9.55
      vertex -3.94638 82.741 9.55
      vertex -3.82263 82.71 9.55
    endloop
  endfacet
  facet normal 0 0 1
    outer loop
      vertex -3.7099 86.4419 9.55
      vertex -4.07258 82.7597 9.55
      vertex -3.94638 82.741 9.55
    endloop
  endfacet
  facet normal 0 0 1
    outer loop
      vertex -4.2 86.466 9.55
      vertex -4.07258 82.7597 9.55
      vertex -3.7099 86.4419 9.55
    endloop
  endfacet
  facet normal 0 0 1
    outer loop
      vertex -4.2 86.466 9.55
      vertex -4.2 82.766 9.55
      vertex -4.07258 82.7597 9.55
    endloop
  endfacet
  facet normal 0 0 1
    outer loop
      vertex -4.2 86.466 9.55
      vertex -4.32742 82.7597 9.55
      vertex -4.2 82.766 9.55
    endloop
  endfacet
  facet normal -0 0 1
    outer loop
      vertex -4.69008 86.4419 9.55
      vertex -4.32742 82.7597 9.55
      vertex -4.2 86.466 9.55
    endloop
  endfacet
  facet normal 0 0 1
    outer loop
      vertex -4.32742 82.7597 9.55
      vertex -4.69008 86.4419 9.55
      vertex -4.45362 82.741 9.55
    endloop
  endfacet
  facet normal -0 0 1
    outer loop
      vertex -5.17545 86.3699 9.55
      vertex -4.45362 82.741 9.55
      vertex -4.69008 86.4419 9.55
    endloop
  endfacet
  facet normal 0 0 1
    outer loop
      vertex -4.45362 82.741 9.55
      vertex -5.17545 86.3699 9.55
      vertex -4.57737 82.71 9.55
    endloop
  endfacet
  facet normal -0 0 1
    outer loop
      vertex -5.65141 86.2507 9.55
      vertex -4.57737 82.71 9.55
      vertex -5.17545 86.3699 9.55
    endloop
  endfacet
  facet normal 0 0 1
    outer loop
      vertex -4.57737 82.71 9.55
      vertex -5.65141 86.2507 9.55
      vertex -4.69749 82.667 9.55
    endloop
  endfacet
  facet normal -0 0 1
    outer loop
      vertex -6.1134 86.0854 9.55
      vertex -4.69749 82.667 9.55
      vertex -5.65141 86.2507 9.55
    endloop
  endfacet
  facet normal 0 0 1
    outer loop
      vertex -4.69749 82.667 9.55
      vertex -6.1134 86.0854 9.55
      vertex -4.81282 82.6125 9.55
    endloop
  endfacet
  facet normal -0 0 1
    outer loop
      vertex -6.55698 85.8756 9.55
      vertex -4.81282 82.6125 9.55
      vertex -6.1134 86.0854 9.55
    endloop
  endfacet
  facet normal 0 0 1
    outer loop
      vertex -4.81282 82.6125 9.55
      vertex -6.55698 85.8756 9.55
      vertex -4.92224 82.5469 9.55
    endloop
  endfacet
  facet normal -0 0 1
    outer loop
      vertex -6.97784 85.6233 9.55
      vertex -4.92224 82.5469 9.55
      vertex -6.55698 85.8756 9.55
    endloop
  endfacet
  facet normal 0 0 1
    outer loop
      vertex -4.92224 82.5469 9.55
      vertex -6.97784 85.6233 9.55
      vertex -5.02471 82.4709 9.55
    endloop
  endfacet
  facet normal -0 0 1
    outer loop
      vertex -7.37196 85.331 9.55
      vertex -5.02471 82.4709 9.55
      vertex -6.97784 85.6233 9.55
    endloop
  endfacet
  facet normal 0 0 1
    outer loop
      vertex -5.02471 82.4709 9.55
      vertex -7.37196 85.331 9.55
      vertex -5.11924 82.3852 9.55
    endloop
  endfacet
  facet normal -0 0 1
    outer loop
      vertex -7.73552 85.0015 9.55
      vertex -5.11924 82.3852 9.55
      vertex -7.37196 85.331 9.55
    endloop
  endfacet
  facet normal 0 0 1
    outer loop
      vertex -5.11924 82.3852 9.55
      vertex -7.73552 85.0015 9.55
      vertex -5.20491 82.2907 9.55
    endloop
  endfacet
  facet normal 0 0 1
    outer loop
      vertex -5.20491 82.2907 9.55
      vertex -8.06505 84.638 9.55
      vertex -5.28091 82.1882 9.55
    endloop
  endfacet
  facet normal -0 0 1
    outer loop
      vertex -8.06505 84.638 9.55
      vertex -5.20491 82.2907 9.55
      vertex -7.73552 85.0015 9.55
    endloop
  endfacet
  facet normal 0 0 1
    outer loop
      vertex 2.4 69.586 9.55
      vertex 0 68.986 9.55
      vertex 2.4 7.68 9.55
    endloop
  endfacet
  facet normal -0 0 1
    outer loop
      vertex 0 8.28 9.55
      vertex 2.4 7.68 9.55
      vertex 0 68.986 9.55
    endloop
  endfacet
  facet normal 0 -0 1
    outer loop
      vertex 0.039856 7.46841 9.55
      vertex 2.4 7.68 9.55
      vertex 0 8.28 9.55
    endloop
  endfacet
  facet normal 0 0 1
    outer loop
      vertex 2.4 7.68 9.55
      vertex 0.039856 7.46841 9.55
      vertex 0.149029 6.73245 9.55
    endloop
  endfacet
  facet normal -0 0 1
    outer loop
      vertex 8.28 77.266 9.55
      vertex 18.4 74.866 9.55
      vertex 18.4 77.266 9.55
    endloop
  endfacet
  facet normal 0 0 1
    outer loop
      vertex 8.28 77.266 9.55
      vertex 7.68 74.866 9.55
      vertex 18.4 74.866 9.55
    endloop
  endfacet
  facet normal -0 0 1
    outer loop
      vertex 7.46841 77.2261 9.55
      vertex 7.68 74.866 9.55
      vertex 8.28 77.266 9.55
    endloop
  endfacet
  facet normal 0 0 1
    outer loop
      vertex 7.46841 77.2261 9.55
      vertex 7.16247 74.8406 9.55
      vertex 7.68 74.866 9.55
    endloop
  endfacet
  facet normal -0 0 1
    outer loop
      vertex 6.73247 77.117 9.55
      vertex 7.16247 74.8406 9.55
      vertex 7.46841 77.2261 9.55
    endloop
  endfacet
  facet normal 0 0 1
    outer loop
      vertex 6.73247 77.117 9.55
      vertex 6.64991 74.7645 9.55
      vertex 7.16247 74.8406 9.55
    endloop
  endfacet
  facet normal 0 0 1
    outer loop
      vertex 6.73247 77.117 9.55
      vertex 6.14728 74.6386 9.55
      vertex 6.64991 74.7645 9.55
    endloop
  endfacet
  facet normal 0 0 1
    outer loop
      vertex 6.73247 77.117 9.55
      vertex 5.65943 74.4641 9.55
      vertex 6.14728 74.6386 9.55
    endloop
  endfacet
  facet normal 0 0 1
    outer loop
      vertex 6.73247 77.117 9.55
      vertex 5.19102 74.2425 9.55
      vertex 5.65943 74.4641 9.55
    endloop
  endfacet
  facet normal 0 0 1
    outer loop
      vertex 6.73247 77.117 9.55
      vertex 4.74659 73.9762 9.55
      vertex 5.19102 74.2425 9.55
    endloop
  endfacet
  facet normal 0 0 1
    outer loop
      vertex -3.0535 80.8532 9.55
      vertex 4.74659 73.9762 9.55
      vertex 6.73247 77.117 9.55
    endloop
  endfacet
  facet normal 0 0 1
    outer loop
      vertex 4.74659 73.9762 9.55
      vertex -3.0535 80.8532 9.55
      vertex 4.33039 73.6675 9.55
    endloop
  endfacet
  facet normal -0 0 1
    outer loop
      vertex -3.19509 80.6413 9.55
      vertex 4.33039 73.6675 9.55
      vertex -3.11909 80.7438 9.55
    endloop
  endfacet
  facet normal 0 0 1
    outer loop
      vertex 2.42542 70.1035 9.55
      vertex 0.039856 69.7976 9.55
      vertex 2.4 69.586 9.55
    endloop
  endfacet
  facet normal 0 0 1
    outer loop
      vertex 0.039856 69.7976 9.55
      vertex 2.42542 70.1035 9.55
      vertex 0.14903 70.5335 9.55
    endloop
  endfacet
  facet normal 0 0 1
    outer loop
      vertex 2.50144 70.6161 9.55
      vertex 0.14903 70.5335 9.55
      vertex 2.42542 70.1035 9.55
    endloop
  endfacet
  facet normal 0 0 1
    outer loop
      vertex 2.62734 71.1187 9.55
      vertex 0.14903 70.5335 9.55
      vertex 2.50144 70.6161 9.55
    endloop
  endfacet
  facet normal 0 0 1
    outer loop
      vertex 2.8019 71.6066 9.55
      vertex 0.14903 70.5335 9.55
      vertex 2.62734 71.1187 9.55
    endloop
  endfacet
  facet normal 0 0 1
    outer loop
      vertex 3.02344 72.075 9.55
      vertex 0.14903 70.5335 9.55
      vertex 2.8019 71.6066 9.55
    endloop
  endfacet
  facet normal 0 0 1
    outer loop
      vertex 3.28983 72.5194 9.55
      vertex 0.14903 70.5335 9.55
      vertex 3.02344 72.075 9.55
    endloop
  endfacet
  facet normal 0 0 1
    outer loop
      vertex -3.58718 80.3195 9.55
      vertex 3.28983 72.5194 9.55
      vertex 3.5985 72.9356 9.55
    endloop
  endfacet
  facet normal 0 0 1
    outer loop
      vertex 4.33039 73.6675 9.55
      vertex -3.19509 80.6413 9.55
      vertex 3.94646 73.3195 9.55
    endloop
  endfacet
  facet normal -0 0 1
    outer loop
      vertex -2.90626 81.3386 9.55
      vertex 6.73247 77.117 9.55
      vertex -0.664459 85.0015 9.55
    endloop
  endfacet
  facet normal 0 0 1
    outer loop
      vertex -2.90626 81.5934 9.55
      vertex -0.664459 85.0015 9.55
      vertex -1.02803 85.331 9.55
    endloop
  endfacet
  facet normal 0 0 1
    outer loop
      vertex -2.90626 81.5934 9.55
      vertex -1.02803 85.331 9.55
      vertex -1.42213 85.6233 9.55
    endloop
  endfacet
  facet normal 0 0 1
    outer loop
      vertex -2.90626 81.5934 9.55
      vertex -1.42213 85.6233 9.55
      vertex -1.843 85.8756 9.55
    endloop
  endfacet
  facet normal 0 0 1
    outer loop
      vertex -2.90626 81.5934 9.55
      vertex -1.843 85.8756 9.55
      vertex -2.28658 86.0854 9.55
    endloop
  endfacet
  facet normal 0 0 1
    outer loop
      vertex -3.70251 82.667 9.55
      vertex -2.28658 86.0854 9.55
      vertex -2.74857 86.2507 9.55
    endloop
  endfacet
  facet normal 0 0 1
    outer loop
      vertex -0.664459 85.0015 9.55
      vertex -2.9 81.466 9.55
      vertex -2.90626 81.3386 9.55
    endloop
  endfacet
  facet normal 0 0 1
    outer loop
      vertex 6.73247 77.117 9.55
      vertex -2.90626 81.3386 9.55
      vertex -2.92498 81.2124 9.55
    endloop
  endfacet
  facet normal 0 0 1
    outer loop
      vertex 6.73247 77.117 9.55
      vertex -2.92498 81.2124 9.55
      vertex -2.95598 81.0886 9.55
    endloop
  endfacet
  facet normal -0 0 1
    outer loop
      vertex -2.99896 80.9685 9.55
      vertex 6.73247 77.117 9.55
      vertex -2.95598 81.0886 9.55
    endloop
  endfacet
  facet normal -0 0 1
    outer loop
      vertex -3.0535 80.8532 9.55
      vertex 6.73247 77.117 9.55
      vertex -2.99896 80.9685 9.55
    endloop
  endfacet
  facet normal 0 0 1
    outer loop
      vertex 4.33039 73.6675 9.55
      vertex -3.0535 80.8532 9.55
      vertex -3.11909 80.7438 9.55
    endloop
  endfacet
  facet normal -0 0 1
    outer loop
      vertex -3.28076 80.5468 9.55
      vertex 3.94646 73.3195 9.55
      vertex -3.19509 80.6413 9.55
    endloop
  endfacet
  facet normal -0 0 1
    outer loop
      vertex -3.37529 80.4611 9.55
      vertex 3.94646 73.3195 9.55
      vertex -3.28076 80.5468 9.55
    endloop
  endfacet
  facet normal 0 0 1
    outer loop
      vertex 3.94646 73.3195 9.55
      vertex -3.37529 80.4611 9.55
      vertex 3.5985 72.9356 9.55
    endloop
  endfacet
  facet normal -0 0 1
    outer loop
      vertex -3.47776 80.3851 9.55
      vertex 3.5985 72.9356 9.55
      vertex -3.37529 80.4611 9.55
    endloop
  endfacet
  facet normal -0 0 1
    outer loop
      vertex -3.58718 80.3195 9.55
      vertex 3.5985 72.9356 9.55
      vertex -3.47776 80.3851 9.55
    endloop
  endfacet
  facet normal 0 0 1
    outer loop
      vertex 3.28983 72.5194 9.55
      vertex -3.58718 80.3195 9.55
      vertex 0.14903 70.5335 9.55
    endloop
  endfacet
  facet normal -0 0 1
    outer loop
      vertex -3.70251 80.265 9.55
      vertex 0.14903 70.5335 9.55
      vertex -3.58718 80.3195 9.55
    endloop
  endfacet
  facet normal -0 0 1
    outer loop
      vertex -3.82263 80.222 9.55
      vertex 0.14903 70.5335 9.55
      vertex -3.70251 80.265 9.55
    endloop
  endfacet
  facet normal -0 0 1
    outer loop
      vertex -3.94638 80.191 9.55
      vertex 0.14903 70.5335 9.55
      vertex -3.82263 80.222 9.55
    endloop
  endfacet
  facet normal -0 0 1
    outer loop
      vertex -4.07258 80.1723 9.55
      vertex 0.14903 70.5335 9.55
      vertex -3.94638 80.191 9.55
    endloop
  endfacet
  facet normal 0 0 1
    outer loop
      vertex -7.73552 77.9305 9.55
      vertex -4.07258 80.1723 9.55
      vertex -4.2 80.166 9.55
    endloop
  endfacet
  facet normal 0 0 1
    outer loop
      vertex -7.73552 77.9305 9.55
      vertex -4.2 80.166 9.55
      vertex -4.32742 80.1723 9.55
    endloop
  endfacet
  facet normal 0 0 1
    outer loop
      vertex -7.73552 77.9305 9.55
      vertex -4.32742 80.1723 9.55
      vertex -4.45362 80.191 9.55
    endloop
  endfacet
  facet normal 0 0 1
    outer loop
      vertex -7.73552 77.9305 9.55
      vertex -4.45362 80.191 9.55
      vertex -4.57737 80.222 9.55
    endloop
  endfacet
  facet normal 0 0 1
    outer loop
      vertex -7.73552 77.9305 9.55
      vertex -4.57737 80.222 9.55
      vertex -4.69749 80.265 9.55
    endloop
  endfacet
  facet normal 0 0 1
    outer loop
      vertex -7.73552 77.9305 9.55
      vertex -4.69749 80.265 9.55
      vertex -4.81282 80.3195 9.55
    endloop
  endfacet
  facet normal 0 0 1
    outer loop
      vertex -7.73552 77.9305 9.55
      vertex -4.81282 80.3195 9.55
      vertex -4.92224 80.3851 9.55
    endloop
  endfacet
  facet normal 0 0 1
    outer loop
      vertex -7.73552 77.9305 9.55
      vertex -4.92224 80.3851 9.55
      vertex -5.02471 80.4611 9.55
    endloop
  endfacet
  facet normal 0 0 1
    outer loop
      vertex -7.73552 77.9305 9.55
      vertex -5.02471 80.4611 9.55
      vertex -5.11924 80.5468 9.55
    endloop
  endfacet
  facet normal 0 0 1
    outer loop
      vertex -7.73552 77.9305 9.55
      vertex -5.11924 80.5468 9.55
      vertex -5.20491 80.6413 9.55
    endloop
  endfacet
  facet normal 0 0 1
    outer loop
      vertex -8.06505 78.294 9.55
      vertex -5.20491 80.6413 9.55
      vertex -5.28091 80.7438 9.55
    endloop
  endfacet
  facet normal 0 0 1
    outer loop
      vertex -8.35735 78.6881 9.55
      vertex -5.28091 80.7438 9.55
      vertex -5.3465 80.8532 9.55
    endloop
  endfacet
  facet normal -0 0 1
    outer loop
      vertex -8.35735 84.2439 9.55
      vertex -5.28091 82.1882 9.55
      vertex -8.06505 84.638 9.55
    endloop
  endfacet
  facet normal 0 0 1
    outer loop
      vertex -5.28091 82.1882 9.55
      vertex -8.35735 84.2439 9.55
      vertex -5.3465 82.0788 9.55
    endloop
  endfacet
  facet normal -0 0 1
    outer loop
      vertex -8.6096 83.823 9.55
      vertex -5.3465 82.0788 9.55
      vertex -8.35735 84.2439 9.55
    endloop
  endfacet
  facet normal 0 0 1
    outer loop
      vertex -5.3465 82.0788 9.55
      vertex -8.6096 83.823 9.55
      vertex -5.40104 81.9635 9.55
    endloop
  endfacet
  facet normal -0 0 1
    outer loop
      vertex -8.8194 83.3794 9.55
      vertex -5.40104 81.9635 9.55
      vertex -8.6096 83.823 9.55
    endloop
  endfacet
  facet normal 0 0 1
    outer loop
      vertex -5.40104 81.9635 9.55
      vertex -8.8194 83.3794 9.55
      vertex -5.44402 81.8434 9.55
    endloop
  endfacet
  facet normal -0 0 1
    outer loop
      vertex -8.9847 82.9174 9.55
      vertex -5.44402 81.8434 9.55
      vertex -8.8194 83.3794 9.55
    endloop
  endfacet
  facet normal 0 0 1
    outer loop
      vertex -5.44402 81.8434 9.55
      vertex -8.9847 82.9174 9.55
      vertex -5.47502 81.7196 9.55
    endloop
  endfacet
  facet normal -0 0 1
    outer loop
      vertex -9.10391 82.4414 9.55
      vertex -5.47502 81.7196 9.55
      vertex -8.9847 82.9174 9.55
    endloop
  endfacet
  facet normal 0 0 1
    outer loop
      vertex -5.47502 81.7196 9.55
      vertex -9.10391 82.4414 9.55
      vertex -5.49374 81.5934 9.55
    endloop
  endfacet
  facet normal -0 0 1
    outer loop
      vertex -9.17592 81.9561 9.55
      vertex -5.49374 81.5934 9.55
      vertex -9.10391 82.4414 9.55
    endloop
  endfacet
  facet normal 0 0 1
    outer loop
      vertex -4.07258 80.1723 9.55
      vertex -7.73552 77.9305 9.55
      vertex 0.14903 70.5335 9.55
    endloop
  endfacet
  facet normal 0 0 1
    outer loop
      vertex -5.49374 81.5934 9.55
      vertex -9.17592 81.9561 9.55
      vertex -5.5 81.466 9.55
    endloop
  endfacet
  facet normal 0 0 1
    outer loop
      vertex -5.20491 80.6413 9.55
      vertex -8.06505 78.294 9.55
      vertex -7.73552 77.9305 9.55
    endloop
  endfacet
  facet normal 0 0 1
    outer loop
      vertex -9.2 81.466 9.55
      vertex -5.5 81.466 9.55
      vertex -9.17592 81.9561 9.55
    endloop
  endfacet
  facet normal 0 0 1
    outer loop
      vertex -5.28091 80.7438 9.55
      vertex -8.35735 78.6881 9.55
      vertex -8.06505 78.294 9.55
    endloop
  endfacet
  facet normal 0 0 1
    outer loop
      vertex -5.5 81.466 9.55
      vertex -9.2 81.466 9.55
      vertex -5.49374 81.3386 9.55
    endloop
  endfacet
  facet normal 0 0 1
    outer loop
      vertex -5.3465 80.8532 9.55
      vertex -8.6096 79.109 9.55
      vertex -8.35735 78.6881 9.55
    endloop
  endfacet
  facet normal 0 -0 1
    outer loop
      vertex -9.17592 80.9759 9.55
      vertex -5.49374 81.3386 9.55
      vertex -9.2 81.466 9.55
    endloop
  endfacet
  facet normal 0 0 1
    outer loop
      vertex -5.3465 80.8532 9.55
      vertex -8.8194 79.5526 9.55
      vertex -8.6096 79.109 9.55
    endloop
  endfacet
  facet normal 0 0 1
    outer loop
      vertex -5.49374 81.3386 9.55
      vertex -9.17592 80.9759 9.55
      vertex -5.47502 81.2124 9.55
    endloop
  endfacet
  facet normal 0 0 1
    outer loop
      vertex -5.40104 80.9685 9.55
      vertex -8.8194 79.5526 9.55
      vertex -5.3465 80.8532 9.55
    endloop
  endfacet
  facet normal 0 -0 1
    outer loop
      vertex -9.10391 80.4905 9.55
      vertex -5.47502 81.2124 9.55
      vertex -9.17592 80.9759 9.55
    endloop
  endfacet
  facet normal 0 -0 1
    outer loop
      vertex -8.8194 79.5526 9.55
      vertex -5.40104 80.9685 9.55
      vertex -8.9847 80.0146 9.55
    endloop
  endfacet
  facet normal 0 0 1
    outer loop
      vertex -5.47502 81.2124 9.55
      vertex -9.10391 80.4905 9.55
      vertex -5.44402 81.0886 9.55
    endloop
  endfacet
  facet normal 0 0 1
    outer loop
      vertex -5.44402 81.0886 9.55
      vertex -8.9847 80.0146 9.55
      vertex -5.40104 80.9685 9.55
    endloop
  endfacet
  facet normal 0 -0 1
    outer loop
      vertex -8.9847 80.0146 9.55
      vertex -5.44402 81.0886 9.55
      vertex -9.10391 80.4905 9.55
    endloop
  endfacet
  facet normal 0 0 1
    outer loop
      vertex 6.64991 2.50144 9.55
      vertex 4.8 2.5 9.55
      vertex 6.65962 2.5 9.55
    endloop
  endfacet
  facet normal 0 0 1
    outer loop
      vertex 6.14728 2.62734 9.55
      vertex 4.8 2.5 9.55
      vertex 6.64991 2.50144 9.55
    endloop
  endfacet
  facet normal 0 0 1
    outer loop
      vertex 5.65943 2.8019 9.55
      vertex 4.8 2.5 9.55
      vertex 6.14728 2.62734 9.55
    endloop
  endfacet
  facet normal 0 0 1
    outer loop
      vertex 5.19102 3.02344 9.55
      vertex 4.8 2.5 9.55
      vertex 5.65943 2.8019 9.55
    endloop
  endfacet
  facet normal 0 0 1
    outer loop
      vertex 4.33039 3.5985 9.55
      vertex 4.8 2.5 9.55
      vertex 4.74659 3.28983 9.55
    endloop
  endfacet
  facet normal 0 0 1
    outer loop
      vertex 4.74659 3.28983 9.55
      vertex 4.8 2.5 9.55
      vertex 5.19102 3.02344 9.55
    endloop
  endfacet
  facet normal 0 0 1
    outer loop
      vertex 3.94646 3.94646 9.55
      vertex 4.8 2.5 9.55
      vertex 4.33039 3.5985 9.55
    endloop
  endfacet
  facet normal 0 0 1
    outer loop
      vertex 4.8 2.5 9.55
      vertex 3.94646 3.94646 9.55
      vertex 4.8 -0.0999994 9.55
    endloop
  endfacet
  facet normal 0 0 1
    outer loop
      vertex 3.5985 4.33039 9.55
      vertex 4.8 -0.0999994 9.55
      vertex 3.94646 3.94646 9.55
    endloop
  endfacet
  facet normal 0 0 1
    outer loop
      vertex -3.47776 -3.11909 9.55
      vertex 3.5985 4.33039 9.55
      vertex 3.28983 4.74659 9.55
    endloop
  endfacet
  facet normal 0 0 1
    outer loop
      vertex 0.149029 6.73245 9.55
      vertex 3.28983 4.74659 9.55
      vertex 3.02344 5.19102 9.55
    endloop
  endfacet
  facet normal 0 0 1
    outer loop
      vertex 0.149029 6.73245 9.55
      vertex 3.02344 5.19102 9.55
      vertex 2.8019 5.65943 9.55
    endloop
  endfacet
  facet normal 0 0 1
    outer loop
      vertex 0.149029 6.73245 9.55
      vertex 2.8019 5.65943 9.55
      vertex 2.62734 6.14728 9.55
    endloop
  endfacet
  facet normal 0 0 1
    outer loop
      vertex 0 68.986 9.55
      vertex 2.4 69.586 9.55
      vertex 0.039856 69.7976 9.55
    endloop
  endfacet
  facet normal 0 0 1
    outer loop
      vertex 0.149029 6.73245 9.55
      vertex 2.42542 7.16247 9.55
      vertex 2.4 7.68 9.55
    endloop
  endfacet
  facet normal -0 0 1
    outer loop
      vertex 0.149029 6.73245 9.55
      vertex 2.50144 6.64991 9.55
      vertex 2.42542 7.16247 9.55
    endloop
  endfacet
  facet normal 0 0 1
    outer loop
      vertex 0.149029 6.73245 9.55
      vertex 2.62734 6.14728 9.55
      vertex 2.50144 6.64991 9.55
    endloop
  endfacet
  facet normal 0 0 1
    outer loop
      vertex -3.58718 -3.0535 9.55
      vertex 3.28983 4.74659 9.55
      vertex 0.149029 6.73245 9.55
    endloop
  endfacet
  facet normal -0 0 1
    outer loop
      vertex 4.8 -0.0999994 9.55
      vertex -0.664459 -7.73552 9.55
      vertex 6.49883 -0.0999994 9.55
    endloop
  endfacet
  facet normal 0 0 1
    outer loop
      vertex 3.5985 4.33039 9.55
      vertex -3.47776 -3.11909 9.55
      vertex -3.37529 -3.19509 9.55
    endloop
  endfacet
  facet normal 0 -0 1
    outer loop
      vertex -2.92498 -3.94638 9.55
      vertex 4.8 -0.0999994 9.55
      vertex -2.95598 -3.82263 9.55
    endloop
  endfacet
  facet normal 0 0 1
    outer loop
      vertex 4.8 -0.0999994 9.55
      vertex -2.90626 -4.07258 9.55
      vertex -0.664459 -7.73552 9.55
    endloop
  endfacet
  facet normal -0 0 1
    outer loop
      vertex -2.90626 -4.32742 9.55
      vertex -0.664459 -7.73552 9.55
      vertex -2.9 -4.2 9.55
    endloop
  endfacet
  facet normal -0 0 1
    outer loop
      vertex -2.92498 -4.45362 9.55
      vertex -0.664459 -7.73552 9.55
      vertex -2.90626 -4.32742 9.55
    endloop
  endfacet
  facet normal -0 0 1
    outer loop
      vertex -2.99896 -4.69749 9.55
      vertex -0.664459 -7.73552 9.55
      vertex -2.95598 -4.57737 9.55
    endloop
  endfacet
  facet normal -0 0 1
    outer loop
      vertex -3.0535 -4.81282 9.55
      vertex -0.664459 -7.73552 9.55
      vertex -2.99896 -4.69749 9.55
    endloop
  endfacet
  facet normal -0 0 1
    outer loop
      vertex -2.95598 -4.57737 9.55
      vertex -0.664459 -7.73552 9.55
      vertex -2.92498 -4.45362 9.55
    endloop
  endfacet
  facet normal -0 -0 1
    outer loop
      vertex -2.9 -4.2 9.55
      vertex -0.664459 -7.73552 9.55
      vertex -2.90626 -4.07258 9.55
    endloop
  endfacet
  facet normal 0 -0 1
    outer loop
      vertex -2.90626 -4.07258 9.55
      vertex 4.8 -0.0999994 9.55
      vertex -2.92498 -3.94638 9.55
    endloop
  endfacet
  facet normal 0 0 1
    outer loop
      vertex 4.8 -0.0999994 9.55
      vertex -2.99896 -3.70251 9.55
      vertex -2.95598 -3.82263 9.55
    endloop
  endfacet
  facet normal 0 0 1
    outer loop
      vertex 4.8 -0.0999994 9.55
      vertex -3.0535 -3.58718 9.55
      vertex -2.99896 -3.70251 9.55
    endloop
  endfacet
  facet normal 0 0 1
    outer loop
      vertex 4.8 -0.0999994 9.55
      vertex -3.11909 -3.47776 9.55
      vertex -3.0535 -3.58718 9.55
    endloop
  endfacet
  facet normal 0 0 1
    outer loop
      vertex 4.8 -0.0999994 9.55
      vertex -3.19509 -3.37529 9.55
      vertex -3.11909 -3.47776 9.55
    endloop
  endfacet
  facet normal 0 0 1
    outer loop
      vertex 4.8 -0.0999994 9.55
      vertex -3.28076 -3.28076 9.55
      vertex -3.19509 -3.37529 9.55
    endloop
  endfacet
  facet normal 0 0 1
    outer loop
      vertex 4.8 -0.0999994 9.55
      vertex -3.37529 -3.19509 9.55
      vertex -3.28076 -3.28076 9.55
    endloop
  endfacet
  facet normal 0 0 1
    outer loop
      vertex 3.5985 4.33039 9.55
      vertex -3.37529 -3.19509 9.55
      vertex 4.8 -0.0999994 9.55
    endloop
  endfacet
  facet normal 0 0 1
    outer loop
      vertex 3.28983 4.74659 9.55
      vertex -3.58718 -3.0535 9.55
      vertex -3.47776 -3.11909 9.55
    endloop
  endfacet
  facet normal 0 0 1
    outer loop
      vertex 0.149029 6.73245 9.55
      vertex -3.70251 -2.99896 9.55
      vertex -3.58718 -3.0535 9.55
    endloop
  endfacet
  facet normal 0 0 1
    outer loop
      vertex 0.149029 6.73245 9.55
      vertex -3.82263 -2.95598 9.55
      vertex -3.70251 -2.99896 9.55
    endloop
  endfacet
  facet normal 0 0 1
    outer loop
      vertex 0.149029 6.73245 9.55
      vertex -3.94638 -2.92498 9.55
      vertex -3.82263 -2.95598 9.55
    endloop
  endfacet
  facet normal 0 0 1
    outer loop
      vertex 0.149029 6.73245 9.55
      vertex -4.07258 -2.90626 9.55
      vertex -3.94638 -2.92498 9.55
    endloop
  endfacet
  facet normal -0 0 1
    outer loop
      vertex -7.73552 -0.664459 9.55
      vertex -4.07258 -2.90626 9.55
      vertex 0.149029 6.73245 9.55
    endloop
  endfacet
  facet normal 0 0 1
    outer loop
      vertex -4.07258 -2.90626 9.55
      vertex -7.73552 -0.664459 9.55
      vertex -4.2 -2.9 9.55
    endloop
  endfacet
  facet normal 0 0 1
    outer loop
      vertex -4.2 -2.9 9.55
      vertex -7.73552 -0.664459 9.55
      vertex -4.32742 -2.90626 9.55
    endloop
  endfacet
  facet normal 0 0 1
    outer loop
      vertex -4.32742 -2.90626 9.55
      vertex -7.73552 -0.664459 9.55
      vertex -4.45362 -2.92498 9.55
    endloop
  endfacet
  facet normal 0 0 1
    outer loop
      vertex -4.45362 -2.92498 9.55
      vertex -7.73552 -0.664459 9.55
      vertex -4.57737 -2.95598 9.55
    endloop
  endfacet
  facet normal 0 0 1
    outer loop
      vertex -4.57737 -2.95598 9.55
      vertex -7.73552 -0.664459 9.55
      vertex -4.69749 -2.99896 9.55
    endloop
  endfacet
  facet normal 0 0 1
    outer loop
      vertex -4.69749 -2.99896 9.55
      vertex -7.73552 -0.664459 9.55
      vertex -4.81282 -3.0535 9.55
    endloop
  endfacet
  facet normal 0 0 1
    outer loop
      vertex -4.81282 -3.0535 9.55
      vertex -7.73552 -0.664459 9.55
      vertex -4.92224 -3.11909 9.55
    endloop
  endfacet
  facet normal 0 0 1
    outer loop
      vertex -4.92224 -3.11909 9.55
      vertex -7.73552 -0.664459 9.55
      vertex -5.02471 -3.19509 9.55
    endloop
  endfacet
  facet normal 0 0 1
    outer loop
      vertex -5.02471 -3.19509 9.55
      vertex -7.73552 -0.664459 9.55
      vertex -5.11924 -3.28076 9.55
    endloop
  endfacet
  facet normal 0 0 1
    outer loop
      vertex -5.11924 -3.28076 9.55
      vertex -7.73552 -0.664459 9.55
      vertex -5.20491 -3.37529 9.55
    endloop
  endfacet
  facet normal -0 0 1
    outer loop
      vertex -8.06505 -1.02803 9.55
      vertex -5.20491 -3.37529 9.55
      vertex -7.73552 -0.664459 9.55
    endloop
  endfacet
  facet normal 0 0 1
    outer loop
      vertex -4.69749 -5.40104 9.55
      vertex -6.1134 -8.8194 9.55
      vertex -5.65141 -8.9847 9.55
    endloop
  endfacet
  facet normal 0 0 1
    outer loop
      vertex -9.2 -4.2 9.55
      vertex -5.5 -4.2 9.55
      vertex -5.49374 -4.07258 9.55
    endloop
  endfacet
  facet normal 0 0 1
    outer loop
      vertex -5.49374 -4.32742 9.55
      vertex -6.55698 -8.6096 9.55
      vertex -6.1134 -8.8194 9.55
    endloop
  endfacet
  facet normal 0 0 1
    outer loop
      vertex -9.17592 -3.7099 9.55
      vertex -5.49374 -4.07258 9.55
      vertex -5.47502 -3.94638 9.55
    endloop
  endfacet
  facet normal 0 0 1
    outer loop
      vertex -5.49374 -4.32742 9.55
      vertex -6.97784 -8.35735 9.55
      vertex -6.55698 -8.6096 9.55
    endloop
  endfacet
  facet normal 0 0 1
    outer loop
      vertex -9.10391 -3.22455 9.55
      vertex -5.47502 -3.94638 9.55
      vertex -5.44402 -3.82263 9.55
    endloop
  endfacet
  facet normal 0 0 1
    outer loop
      vertex -5.49374 -4.32742 9.55
      vertex -7.37196 -8.06505 9.55
      vertex -6.97784 -8.35735 9.55
    endloop
  endfacet
  facet normal 0 0 1
    outer loop
      vertex -8.9847 -2.74857 9.55
      vertex -5.44402 -3.82263 9.55
      vertex -5.40104 -3.70251 9.55
    endloop
  endfacet
  facet normal 0 0 1
    outer loop
      vertex -5.20491 -3.37529 9.55
      vertex -8.06505 -1.02803 9.55
      vertex -5.28091 -3.47776 9.55
    endloop
  endfacet
  facet normal -0 0 1
    outer loop
      vertex -8.35735 -1.42213 9.55
      vertex -5.28091 -3.47776 9.55
      vertex -8.06505 -1.02803 9.55
    endloop
  endfacet
  facet normal 0 0 1
    outer loop
      vertex -5.28091 -3.47776 9.55
      vertex -8.35735 -1.42213 9.55
      vertex -5.3465 -3.58718 9.55
    endloop
  endfacet
  facet normal 0 0 1
    outer loop
      vertex -5.49374 -4.32742 9.55
      vertex -7.73552 -7.73552 9.55
      vertex -7.37196 -8.06505 9.55
    endloop
  endfacet
  facet normal -0 0 1
    outer loop
      vertex -8.6096 -1.843 9.55
      vertex -5.3465 -3.58718 9.55
      vertex -8.35735 -1.42213 9.55
    endloop
  endfacet
  facet normal 0 0 1
    outer loop
      vertex -5.49374 -4.32742 9.55
      vertex -8.06505 -7.37196 9.55
      vertex -7.73552 -7.73552 9.55
    endloop
  endfacet
  facet normal 0 0 1
    outer loop
      vertex -5.3465 -3.58718 9.55
      vertex -8.6096 -1.843 9.55
      vertex -5.40104 -3.70251 9.55
    endloop
  endfacet
  facet normal 0 0 1
    outer loop
      vertex -5.49374 -4.32742 9.55
      vertex -8.35735 -6.97784 9.55
      vertex -8.06505 -7.37196 9.55
    endloop
  endfacet
  facet normal -0 0 1
    outer loop
      vertex -8.8194 -2.28658 9.55
      vertex -5.40104 -3.70251 9.55
      vertex -8.6096 -1.843 9.55
    endloop
  endfacet
  facet normal 0 0 1
    outer loop
      vertex -5.49374 -4.32742 9.55
      vertex -8.6096 -6.55698 9.55
      vertex -8.35735 -6.97784 9.55
    endloop
  endfacet
  facet normal -0 0 1
    outer loop
      vertex -8.9847 -2.74857 9.55
      vertex -5.40104 -3.70251 9.55
      vertex -8.8194 -2.28658 9.55
    endloop
  endfacet
  facet normal 0 0 1
    outer loop
      vertex -5.49374 -4.32742 9.55
      vertex -8.8194 -6.1134 9.55
      vertex -8.6096 -6.55698 9.55
    endloop
  endfacet
  facet normal 0 0 1
    outer loop
      vertex -5.44402 -3.82263 9.55
      vertex -8.9847 -2.74857 9.55
      vertex -9.10391 -3.22455 9.55
    endloop
  endfacet
  facet normal 0 0 1
    outer loop
      vertex -5.49374 -4.32742 9.55
      vertex -8.9847 -5.65141 9.55
      vertex -8.8194 -6.1134 9.55
    endloop
  endfacet
  facet normal 0 0 1
    outer loop
      vertex -5.47502 -3.94638 9.55
      vertex -9.10391 -3.22455 9.55
      vertex -9.17592 -3.7099 9.55
    endloop
  endfacet
  facet normal 0 0 1
    outer loop
      vertex -5.49374 -4.32742 9.55
      vertex -9.10391 -5.17545 9.55
      vertex -8.9847 -5.65141 9.55
    endloop
  endfacet
  facet normal 0 0 1
    outer loop
      vertex -5.49374 -4.07258 9.55
      vertex -9.17592 -3.7099 9.55
      vertex -9.2 -4.2 9.55
    endloop
  endfacet
  facet normal 0 0 1
    outer loop
      vertex -5.49374 -4.32742 9.55
      vertex -9.17592 -4.69008 9.55
      vertex -9.10391 -5.17545 9.55
    endloop
  endfacet
  facet normal 0 0 1
    outer loop
      vertex -5.5 -4.2 9.55
      vertex -9.2 -4.2 9.55
      vertex -9.17592 -4.69008 9.55
    endloop
  endfacet
  facet normal -0 0 1
    outer loop
      vertex -3.11909 -4.92224 9.55
      vertex -0.664459 -7.73552 9.55
      vertex -3.0535 -4.81282 9.55
    endloop
  endfacet
  facet normal -0 0 1
    outer loop
      vertex -3.19509 -5.02471 9.55
      vertex -0.664459 -7.73552 9.55
      vertex -3.11909 -4.92224 9.55
    endloop
  endfacet
  facet normal -0 0 1
    outer loop
      vertex -3.28076 -5.11924 9.55
      vertex -0.664459 -7.73552 9.55
      vertex -3.19509 -5.02471 9.55
    endloop
  endfacet
  facet normal 0 0 1
    outer loop
      vertex -0.664459 -7.73552 9.55
      vertex -3.28076 -5.11924 9.55
      vertex -1.02803 -8.06505 9.55
    endloop
  endfacet
  facet normal -0 0 1
    outer loop
      vertex -3.37529 -5.20491 9.55
      vertex -1.02803 -8.06505 9.55
      vertex -3.28076 -5.11924 9.55
    endloop
  endfacet
  facet normal 0 0 1
    outer loop
      vertex -1.02803 -8.06505 9.55
      vertex -3.37529 -5.20491 9.55
      vertex -1.42213 -8.35735 9.55
    endloop
  endfacet
  facet normal -0 0 1
    outer loop
      vertex -3.47776 -5.28091 9.55
      vertex -1.42213 -8.35735 9.55
      vertex -3.37529 -5.20491 9.55
    endloop
  endfacet
  facet normal 0 0 1
    outer loop
      vertex -1.42213 -8.35735 9.55
      vertex -3.47776 -5.28091 9.55
      vertex -1.843 -8.6096 9.55
    endloop
  endfacet
  facet normal -0 0 1
    outer loop
      vertex -3.58718 -5.3465 9.55
      vertex -1.843 -8.6096 9.55
      vertex -3.47776 -5.28091 9.55
    endloop
  endfacet
  facet normal 0 0 1
    outer loop
      vertex -1.843 -8.6096 9.55
      vertex -3.58718 -5.3465 9.55
      vertex -2.28658 -8.8194 9.55
    endloop
  endfacet
  facet normal -0 0 1
    outer loop
      vertex -3.70251 -5.40104 9.55
      vertex -2.28658 -8.8194 9.55
      vertex -3.58718 -5.3465 9.55
    endloop
  endfacet
  facet normal 0 0 1
    outer loop
      vertex -2.28658 -8.8194 9.55
      vertex -3.70251 -5.40104 9.55
      vertex -2.74857 -8.9847 9.55
    endloop
  endfacet
  facet normal -0 0 1
    outer loop
      vertex -3.82263 -5.44402 9.55
      vertex -2.74857 -8.9847 9.55
      vertex -3.70251 -5.40104 9.55
    endloop
  endfacet
  facet normal 0 0 1
    outer loop
      vertex -2.74857 -8.9847 9.55
      vertex -3.82263 -5.44402 9.55
      vertex -3.22455 -9.10391 9.55
    endloop
  endfacet
  facet normal -0 0 1
    outer loop
      vertex -3.94638 -5.47502 9.55
      vertex -3.22455 -9.10391 9.55
      vertex -3.82263 -5.44402 9.55
    endloop
  endfacet
  facet normal 0 0 1
    outer loop
      vertex -3.22455 -9.10391 9.55
      vertex -3.94638 -5.47502 9.55
      vertex -3.7099 -9.17592 9.55
    endloop
  endfacet
  facet normal -0 0 1
    outer loop
      vertex -4.07258 -5.49374 9.55
      vertex -3.7099 -9.17592 9.55
      vertex -3.94638 -5.47502 9.55
    endloop
  endfacet
  facet normal 0 0 1
    outer loop
      vertex -4.07258 -5.49374 9.55
      vertex -4.2 -9.2 9.55
      vertex -3.7099 -9.17592 9.55
    endloop
  endfacet
  facet normal -0 0 1
    outer loop
      vertex -4.2 -5.5 9.55
      vertex -4.2 -9.2 9.55
      vertex -4.07258 -5.49374 9.55
    endloop
  endfacet
  facet normal 0 0 1
    outer loop
      vertex -4.32742 -5.49374 9.55
      vertex -4.2 -9.2 9.55
      vertex -4.2 -5.5 9.55
    endloop
  endfacet
  facet normal 0 0 1
    outer loop
      vertex -4.69008 -9.17592 9.55
      vertex -4.32742 -5.49374 9.55
      vertex -4.45362 -5.47502 9.55
    endloop
  endfacet
  facet normal 0 0 1
    outer loop
      vertex -5.17545 -9.10391 9.55
      vertex -4.45362 -5.47502 9.55
      vertex -4.57737 -5.44402 9.55
    endloop
  endfacet
  facet normal 0 0 1
    outer loop
      vertex -4.32742 -5.49374 9.55
      vertex -4.69008 -9.17592 9.55
      vertex -4.2 -9.2 9.55
    endloop
  endfacet
  facet normal 0 0 1
    outer loop
      vertex -5.65141 -8.9847 9.55
      vertex -4.57737 -5.44402 9.55
      vertex -4.69749 -5.40104 9.55
    endloop
  endfacet
  facet normal 0 0 1
    outer loop
      vertex -6.1134 -8.8194 9.55
      vertex -4.69749 -5.40104 9.55
      vertex -4.81282 -5.3465 9.55
    endloop
  endfacet
  facet normal 0 0 1
    outer loop
      vertex -6.1134 -8.8194 9.55
      vertex -4.81282 -5.3465 9.55
      vertex -4.92224 -5.28091 9.55
    endloop
  endfacet
  facet normal 0 0 1
    outer loop
      vertex -6.1134 -8.8194 9.55
      vertex -4.92224 -5.28091 9.55
      vertex -5.02471 -5.20491 9.55
    endloop
  endfacet
  facet normal 0 0 1
    outer loop
      vertex -6.1134 -8.8194 9.55
      vertex -5.02471 -5.20491 9.55
      vertex -5.11924 -5.11924 9.55
    endloop
  endfacet
  facet normal 0 0 1
    outer loop
      vertex -4.45362 -5.47502 9.55
      vertex -5.17545 -9.10391 9.55
      vertex -4.69008 -9.17592 9.55
    endloop
  endfacet
  facet normal 0 0 1
    outer loop
      vertex -6.1134 -8.8194 9.55
      vertex -5.11924 -5.11924 9.55
      vertex -5.20491 -5.02471 9.55
    endloop
  endfacet
  facet normal 0 0 1
    outer loop
      vertex -6.1134 -8.8194 9.55
      vertex -5.20491 -5.02471 9.55
      vertex -5.28091 -4.92224 9.55
    endloop
  endfacet
  facet normal 0 0 1
    outer loop
      vertex -6.1134 -8.8194 9.55
      vertex -5.28091 -4.92224 9.55
      vertex -5.3465 -4.81282 9.55
    endloop
  endfacet
  facet normal 0 0 1
    outer loop
      vertex -6.1134 -8.8194 9.55
      vertex -5.3465 -4.81282 9.55
      vertex -5.40104 -4.69749 9.55
    endloop
  endfacet
  facet normal 0 0 1
    outer loop
      vertex -6.1134 -8.8194 9.55
      vertex -5.40104 -4.69749 9.55
      vertex -5.44402 -4.57737 9.55
    endloop
  endfacet
  facet normal 0 0 1
    outer loop
      vertex -6.1134 -8.8194 9.55
      vertex -5.44402 -4.57737 9.55
      vertex -5.47502 -4.45362 9.55
    endloop
  endfacet
  facet normal 0 0 1
    outer loop
      vertex -6.1134 -8.8194 9.55
      vertex -5.47502 -4.45362 9.55
      vertex -5.49374 -4.32742 9.55
    endloop
  endfacet
  facet normal 0 0 1
    outer loop
      vertex -4.57737 -5.44402 9.55
      vertex -5.65141 -8.9847 9.55
      vertex -5.17545 -9.10391 9.55
    endloop
  endfacet
  facet normal 0 0 1
    outer loop
      vertex -9.17592 -4.69008 9.55
      vertex -5.49374 -4.32742 9.55
      vertex -5.5 -4.2 9.55
    endloop
  endfacet
  facet normal -0 0 1
    outer loop
      vertex 82.867 69.586 9.55
      vertex 85.267 68.986 9.55
      vertex 85.2271 69.7976 9.55
    endloop
  endfacet
  facet normal 0 0 1
    outer loop
      vertex 85.267 68.986 9.55
      vertex 82.867 69.586 9.55
      vertex 85.267 8.28 9.55
    endloop
  endfacet
  facet normal 0 0 1
    outer loop
      vertex 85.267 8.28 9.55
      vertex 82.867 7.68 9.55
      vertex 85.2271 7.46841 9.55
    endloop
  endfacet
  facet normal -0 0 1
    outer loop
      vertex 82.8416 70.1035 9.55
      vertex 85.2271 69.7976 9.55
      vertex 85.118 70.5335 9.55
    endloop
  endfacet
  facet normal 0 0 1
    outer loop
      vertex 90.767 -4.2 9.55
      vertex 94.467 -4.2 9.55
      vertex 94.4429 -3.7099 9.55
    endloop
  endfacet
  facet normal 0 0 1
    outer loop
      vertex 90.7607 -4.07258 9.55
      vertex 94.4429 -3.7099 9.55
      vertex 94.3709 -3.22455 9.55
    endloop
  endfacet
  facet normal 0 0 1
    outer loop
      vertex 94.467 -4.2 9.55
      vertex 90.767 -4.2 9.55
      vertex 94.4429 -4.69008 9.55
    endloop
  endfacet
  facet normal 0 0 1
    outer loop
      vertex 90.742 -3.94638 9.55
      vertex 94.3709 -3.22455 9.55
      vertex 94.2517 -2.74857 9.55
    endloop
  endfacet
  facet normal -0 0 1
    outer loop
      vertex 90.7607 -4.32742 9.55
      vertex 94.4429 -4.69008 9.55
      vertex 90.767 -4.2 9.55
    endloop
  endfacet
  facet normal 0 0 1
    outer loop
      vertex 90.711 -3.82263 9.55
      vertex 94.2517 -2.74857 9.55
      vertex 94.0864 -2.28658 9.55
    endloop
  endfacet
  facet normal 0 0 1
    outer loop
      vertex 94.4429 -4.69008 9.55
      vertex 90.7607 -4.32742 9.55
      vertex 94.3709 -5.17545 9.55
    endloop
  endfacet
  facet normal 0 0 1
    outer loop
      vertex 90.668 -3.70251 9.55
      vertex 94.0864 -2.28658 9.55
      vertex 93.8766 -1.843 9.55
    endloop
  endfacet
  facet normal -0 0 1
    outer loop
      vertex 90.742 -4.45362 9.55
      vertex 94.3709 -5.17545 9.55
      vertex 90.7607 -4.32742 9.55
    endloop
  endfacet
  facet normal 0 0 1
    outer loop
      vertex 90.6135 -3.58718 9.55
      vertex 93.8766 -1.843 9.55
      vertex 93.6243 -1.42213 9.55
    endloop
  endfacet
  facet normal 0 0 1
    outer loop
      vertex 94.3709 -5.17545 9.55
      vertex 90.742 -4.45362 9.55
      vertex 94.2517 -5.65141 9.55
    endloop
  endfacet
  facet normal 0 0 1
    outer loop
      vertex 90.5479 -3.47776 9.55
      vertex 93.6243 -1.42213 9.55
      vertex 93.332 -1.02803 9.55
    endloop
  endfacet
  facet normal -0 0 1
    outer loop
      vertex 90.711 -4.57737 9.55
      vertex 94.2517 -5.65141 9.55
      vertex 90.742 -4.45362 9.55
    endloop
  endfacet
  facet normal 0 0 1
    outer loop
      vertex 90.4719 -3.37529 9.55
      vertex 93.332 -1.02803 9.55
      vertex 93.0025 -0.664459 9.55
    endloop
  endfacet
  facet normal 0 0 1
    outer loop
      vertex 94.2517 -5.65141 9.55
      vertex 90.711 -4.57737 9.55
      vertex 94.0864 -6.1134 9.55
    endloop
  endfacet
  facet normal -0 0 1
    outer loop
      vertex 90.668 -4.69749 9.55
      vertex 94.0864 -6.1134 9.55
      vertex 90.711 -4.57737 9.55
    endloop
  endfacet
  facet normal -0 0 1
    outer loop
      vertex 90.6135 -4.81282 9.55
      vertex 93.8766 -6.55698 9.55
      vertex 90.668 -4.69749 9.55
    endloop
  endfacet
  facet normal 0 0 1
    outer loop
      vertex 93.8766 -6.55698 9.55
      vertex 90.6135 -4.81282 9.55
      vertex 93.6243 -6.97784 9.55
    endloop
  endfacet
  facet normal 0 0 1
    outer loop
      vertex 93.6243 -6.97784 9.55
      vertex 90.5479 -4.92224 9.55
      vertex 93.332 -7.37196 9.55
    endloop
  endfacet
  facet normal -0 0 1
    outer loop
      vertex 90.4719 -5.02471 9.55
      vertex 93.332 -7.37196 9.55
      vertex 90.5479 -4.92224 9.55
    endloop
  endfacet
  facet normal 0 0 1
    outer loop
      vertex 94.0864 -6.1134 9.55
      vertex 90.668 -4.69749 9.55
      vertex 93.8766 -6.55698 9.55
    endloop
  endfacet
  facet normal 0 0 1
    outer loop
      vertex 94.4429 -3.7099 9.55
      vertex 90.7607 -4.07258 9.55
      vertex 90.767 -4.2 9.55
    endloop
  endfacet
  facet normal 0 0 1
    outer loop
      vertex 94.3709 -3.22455 9.55
      vertex 90.742 -3.94638 9.55
      vertex 90.7607 -4.07258 9.55
    endloop
  endfacet
  facet normal 0 0 1
    outer loop
      vertex 94.2517 -2.74857 9.55
      vertex 90.711 -3.82263 9.55
      vertex 90.742 -3.94638 9.55
    endloop
  endfacet
  facet normal 0 0 1
    outer loop
      vertex 94.0864 -2.28658 9.55
      vertex 90.668 -3.70251 9.55
      vertex 90.711 -3.82263 9.55
    endloop
  endfacet
  facet normal 0 0 1
    outer loop
      vertex 93.8766 -1.843 9.55
      vertex 90.6135 -3.58718 9.55
      vertex 90.668 -3.70251 9.55
    endloop
  endfacet
  facet normal 0 0 1
    outer loop
      vertex 93.6243 -1.42213 9.55
      vertex 90.5479 -3.47776 9.55
      vertex 90.6135 -3.58718 9.55
    endloop
  endfacet
  facet normal 0 0 1
    outer loop
      vertex 93.332 -1.02803 9.55
      vertex 90.4719 -3.37529 9.55
      vertex 90.5479 -3.47776 9.55
    endloop
  endfacet
  facet normal 0 0 1
    outer loop
      vertex 93.0025 -0.664459 9.55
      vertex 90.3862 -3.28076 9.55
      vertex 90.4719 -3.37529 9.55
    endloop
  endfacet
  facet normal 0 0 1
    outer loop
      vertex 93.0025 -0.664459 9.55
      vertex 90.2917 -3.19509 9.55
      vertex 90.3862 -3.28076 9.55
    endloop
  endfacet
  facet normal 0 0 1
    outer loop
      vertex 93.0025 -0.664459 9.55
      vertex 90.1892 -3.11909 9.55
      vertex 90.2917 -3.19509 9.55
    endloop
  endfacet
  facet normal 0 0 1
    outer loop
      vertex 93.0025 -0.664459 9.55
      vertex 90.0798 -3.0535 9.55
      vertex 90.1892 -3.11909 9.55
    endloop
  endfacet
  facet normal 0 0 1
    outer loop
      vertex 93.0025 -0.664459 9.55
      vertex 89.9645 -2.99896 9.55
      vertex 90.0798 -3.0535 9.55
    endloop
  endfacet
  facet normal 0 0 1
    outer loop
      vertex 93.0025 -0.664459 9.55
      vertex 89.8444 -2.95598 9.55
      vertex 89.9645 -2.99896 9.55
    endloop
  endfacet
  facet normal 0 0 1
    outer loop
      vertex 93.0025 -0.664459 9.55
      vertex 89.7206 -2.92498 9.55
      vertex 89.8444 -2.95598 9.55
    endloop
  endfacet
  facet normal 0 0 1
    outer loop
      vertex 93.0025 -0.664459 9.55
      vertex 89.5944 -2.90626 9.55
      vertex 89.7206 -2.92498 9.55
    endloop
  endfacet
  facet normal 0 0 1
    outer loop
      vertex 93.0025 -0.664459 9.55
      vertex 89.467 -2.9 9.55
      vertex 89.5944 -2.90626 9.55
    endloop
  endfacet
  facet normal 0 0 1
    outer loop
      vertex 93.0025 -0.664459 9.55
      vertex 89.3396 -2.90626 9.55
      vertex 89.467 -2.9 9.55
    endloop
  endfacet
  facet normal 0 0 1
    outer loop
      vertex 85.118 6.73246 9.55
      vertex 89.3396 -2.90626 9.55
      vertex 93.0025 -0.664459 9.55
    endloop
  endfacet
  facet normal 0 0 1
    outer loop
      vertex 89.3396 -2.90626 9.55
      vertex 85.118 6.73246 9.55
      vertex 89.2134 -2.92498 9.55
    endloop
  endfacet
  facet normal 0 0 1
    outer loop
      vertex 89.2134 -2.92498 9.55
      vertex 85.118 6.73246 9.55
      vertex 89.0896 -2.95598 9.55
    endloop
  endfacet
  facet normal 0 0 1
    outer loop
      vertex 89.0896 -2.95598 9.55
      vertex 85.118 6.73246 9.55
      vertex 88.9695 -2.99896 9.55
    endloop
  endfacet
  facet normal 0 0 1
    outer loop
      vertex 88.9695 -5.40104 9.55
      vertex 87.5536 -8.8194 9.55
      vertex 88.0156 -8.9847 9.55
    endloop
  endfacet
  facet normal 0 0 1
    outer loop
      vertex 85.9315 -7.73552 9.55
      vertex 88.167 -4.2 9.55
      vertex 88.1733 -4.07258 9.55
    endloop
  endfacet
  facet normal 0 0 1
    outer loop
      vertex 88.1733 -4.32742 9.55
      vertex 87.11 -8.6096 9.55
      vertex 87.5536 -8.8194 9.55
    endloop
  endfacet
  facet normal 0 0 1
    outer loop
      vertex 78.5345 0.14903 9.55
      vertex 88.1733 -4.07258 9.55
      vertex 88.192 -3.94638 9.55
    endloop
  endfacet
  facet normal 0 0 1
    outer loop
      vertex 88.1733 -4.32742 9.55
      vertex 86.6891 -8.35735 9.55
      vertex 87.11 -8.6096 9.55
    endloop
  endfacet
  facet normal 0 0 1
    outer loop
      vertex 78.5345 0.14903 9.55
      vertex 88.192 -3.94638 9.55
      vertex 88.223 -3.82263 9.55
    endloop
  endfacet
  facet normal 0 0 1
    outer loop
      vertex 88.1733 -4.32742 9.55
      vertex 86.295 -8.06505 9.55
      vertex 86.6891 -8.35735 9.55
    endloop
  endfacet
  facet normal 0 0 1
    outer loop
      vertex 78.5345 0.14903 9.55
      vertex 88.223 -3.82263 9.55
      vertex 88.266 -3.70251 9.55
    endloop
  endfacet
  facet normal 0 0 1
    outer loop
      vertex 88.1733 -4.32742 9.55
      vertex 85.9315 -7.73552 9.55
      vertex 86.295 -8.06505 9.55
    endloop
  endfacet
  facet normal 0 0 1
    outer loop
      vertex 78.5345 0.14903 9.55
      vertex 88.266 -3.70251 9.55
      vertex 88.3205 -3.58718 9.55
    endloop
  endfacet
  facet normal 0 0 1
    outer loop
      vertex 88.9695 -2.99896 9.55
      vertex 85.118 6.73246 9.55
      vertex 88.8542 -3.0535 9.55
    endloop
  endfacet
  facet normal -0 0 1
    outer loop
      vertex 81.9771 4.74659 9.55
      vertex 88.8542 -3.0535 9.55
      vertex 85.118 6.73246 9.55
    endloop
  endfacet
  facet normal 0 0 1
    outer loop
      vertex 88.8542 -3.0535 9.55
      vertex 81.9771 4.74659 9.55
      vertex 88.7448 -3.11909 9.55
    endloop
  endfacet
  facet normal -0 0 1
    outer loop
      vertex 81.6685 4.33039 9.55
      vertex 88.7448 -3.11909 9.55
      vertex 81.9771 4.74659 9.55
    endloop
  endfacet
  facet normal 0 0 1
    outer loop
      vertex 88.7448 -3.11909 9.55
      vertex 81.6685 4.33039 9.55
      vertex 88.6423 -3.19509 9.55
    endloop
  endfacet
  facet normal -0 0 1
    outer loop
      vertex 81.3205 3.94646 9.55
      vertex 88.6423 -3.19509 9.55
      vertex 81.6685 4.33039 9.55
    endloop
  endfacet
  facet normal 0 0 1
    outer loop
      vertex 88.6423 -3.19509 9.55
      vertex 81.3205 3.94646 9.55
      vertex 88.5478 -3.28076 9.55
    endloop
  endfacet
  facet normal 0 0 1
    outer loop
      vertex 88.5478 -3.28076 9.55
      vertex 81.3205 3.94646 9.55
      vertex 88.4621 -3.37529 9.55
    endloop
  endfacet
  facet normal 0 0 1
    outer loop
      vertex 85.267 8.28 9.55
      vertex 82.867 69.586 9.55
      vertex 82.867 7.68 9.55
    endloop
  endfacet
  facet normal 0 0 1
    outer loop
      vertex 82.8416 7.16247 9.55
      vertex 85.2271 7.46841 9.55
      vertex 82.867 7.68 9.55
    endloop
  endfacet
  facet normal 0 0 1
    outer loop
      vertex 85.2271 7.46841 9.55
      vertex 82.8416 7.16247 9.55
      vertex 85.118 6.73246 9.55
    endloop
  endfacet
  facet normal 0 0 1
    outer loop
      vertex 82.7655 6.64991 9.55
      vertex 85.118 6.73246 9.55
      vertex 82.8416 7.16247 9.55
    endloop
  endfacet
  facet normal 0 0 1
    outer loop
      vertex 82.6396 6.14728 9.55
      vertex 85.118 6.73246 9.55
      vertex 82.7655 6.64991 9.55
    endloop
  endfacet
  facet normal 0 0 1
    outer loop
      vertex 82.4651 5.65943 9.55
      vertex 85.118 6.73246 9.55
      vertex 82.6396 6.14728 9.55
    endloop
  endfacet
  facet normal 0 0 1
    outer loop
      vertex 82.2435 5.19102 9.55
      vertex 85.118 6.73246 9.55
      vertex 82.4651 5.65943 9.55
    endloop
  endfacet
  facet normal 0 0 1
    outer loop
      vertex 81.9771 4.74659 9.55
      vertex 85.118 6.73246 9.55
      vertex 82.2435 5.19102 9.55
    endloop
  endfacet
  facet normal -0 0 1
    outer loop
      vertex 80.9366 3.5985 9.55
      vertex 88.4621 -3.37529 9.55
      vertex 81.3205 3.94646 9.55
    endloop
  endfacet
  facet normal 0 0 1
    outer loop
      vertex 88.4621 -3.37529 9.55
      vertex 80.9366 3.5985 9.55
      vertex 88.3861 -3.47776 9.55
    endloop
  endfacet
  facet normal 0 0 1
    outer loop
      vertex 88.3861 -3.47776 9.55
      vertex 80.9366 3.5985 9.55
      vertex 88.3205 -3.58718 9.55
    endloop
  endfacet
  facet normal -0 0 1
    outer loop
      vertex 80.5204 3.28983 9.55
      vertex 88.3205 -3.58718 9.55
      vertex 80.9366 3.5985 9.55
    endloop
  endfacet
  facet normal 0 0 1
    outer loop
      vertex 88.3205 -3.58718 9.55
      vertex 80.5204 3.28983 9.55
      vertex 78.5345 0.14903 9.55
    endloop
  endfacet
  facet normal 0 0 1
    outer loop
      vertex 78.5345 0.14903 9.55
      vertex 80.5204 3.28983 9.55
      vertex 80.076 3.02344 9.55
    endloop
  endfacet
  facet normal 0 0 1
    outer loop
      vertex 78.5345 0.14903 9.55
      vertex 80.076 3.02344 9.55
      vertex 79.6076 2.8019 9.55
    endloop
  endfacet
  facet normal 0 0 1
    outer loop
      vertex 78.5345 0.14903 9.55
      vertex 79.6076 2.8019 9.55
      vertex 79.1197 2.62734 9.55
    endloop
  endfacet
  facet normal 0 0 1
    outer loop
      vertex 78.5345 0.14903 9.55
      vertex 79.1197 2.62734 9.55
      vertex 78.6171 2.50144 9.55
    endloop
  endfacet
  facet normal 0 0 1
    outer loop
      vertex 88.1733 -4.07258 9.55
      vertex 78.5345 0.14903 9.55
      vertex 85.9315 -7.73552 9.55
    endloop
  endfacet
  facet normal -0 0 1
    outer loop
      vertex 78.1045 2.42542 9.55
      vertex 78.5345 0.14903 9.55
      vertex 78.6171 2.50144 9.55
    endloop
  endfacet
  facet normal 0 0 1
    outer loop
      vertex 78.1045 2.42542 9.55
      vertex 77.7986 0.039856 9.55
      vertex 78.5345 0.14903 9.55
    endloop
  endfacet
  facet normal -0 0 1
    outer loop
      vertex 77.587 2.4 9.55
      vertex 77.7986 0.039856 9.55
      vertex 78.1045 2.42542 9.55
    endloop
  endfacet
  facet normal 0 0 1
    outer loop
      vertex 77.587 2.4 9.55
      vertex 76.987 0 9.55
      vertex 77.7986 0.039856 9.55
    endloop
  endfacet
  facet normal -0 0 1
    outer loop
      vertex 28.8 2.4 9.55
      vertex 76.987 0 9.55
      vertex 77.587 2.4 9.55
    endloop
  endfacet
  facet normal 0 0 1
    outer loop
      vertex 76.987 0 9.55
      vertex 28.8 2.4 9.55
      vertex 28.8 0 9.55
    endloop
  endfacet
  facet normal -0 0 1
    outer loop
      vertex 90.5479 -4.92224 9.55
      vertex 93.6243 -6.97784 9.55
      vertex 90.6135 -4.81282 9.55
    endloop
  endfacet
  facet normal 0 0 1
    outer loop
      vertex 93.332 -7.37196 9.55
      vertex 90.4719 -5.02471 9.55
      vertex 93.0025 -7.73552 9.55
    endloop
  endfacet
  facet normal -0 0 1
    outer loop
      vertex 90.3862 -5.11924 9.55
      vertex 93.0025 -7.73552 9.55
      vertex 90.4719 -5.02471 9.55
    endloop
  endfacet
  facet normal 0 0 1
    outer loop
      vertex 93.0025 -7.73552 9.55
      vertex 90.3862 -5.11924 9.55
      vertex 92.639 -8.06505 9.55
    endloop
  endfacet
  facet normal -0 0 1
    outer loop
      vertex 90.2917 -5.20491 9.55
      vertex 92.639 -8.06505 9.55
      vertex 90.3862 -5.11924 9.55
    endloop
  endfacet
  facet normal 0 0 1
    outer loop
      vertex 92.639 -8.06505 9.55
      vertex 90.2917 -5.20491 9.55
      vertex 92.2448 -8.35735 9.55
    endloop
  endfacet
  facet normal -0 0 1
    outer loop
      vertex 90.1892 -5.28091 9.55
      vertex 92.2448 -8.35735 9.55
      vertex 90.2917 -5.20491 9.55
    endloop
  endfacet
  facet normal 0 0 1
    outer loop
      vertex 92.2448 -8.35735 9.55
      vertex 90.1892 -5.28091 9.55
      vertex 91.824 -8.6096 9.55
    endloop
  endfacet
  facet normal -0 0 1
    outer loop
      vertex 90.0798 -5.3465 9.55
      vertex 91.824 -8.6096 9.55
      vertex 90.1892 -5.28091 9.55
    endloop
  endfacet
  facet normal 0 0 1
    outer loop
      vertex 91.824 -8.6096 9.55
      vertex 90.0798 -5.3465 9.55
      vertex 91.3804 -8.8194 9.55
    endloop
  endfacet
  facet normal -0 0 1
    outer loop
      vertex 89.9645 -5.40104 9.55
      vertex 91.3804 -8.8194 9.55
      vertex 90.0798 -5.3465 9.55
    endloop
  endfacet
  facet normal 0 0 1
    outer loop
      vertex 91.3804 -8.8194 9.55
      vertex 89.9645 -5.40104 9.55
      vertex 90.9184 -8.9847 9.55
    endloop
  endfacet
  facet normal -0 0 1
    outer loop
      vertex 89.8444 -5.44402 9.55
      vertex 90.9184 -8.9847 9.55
      vertex 89.9645 -5.40104 9.55
    endloop
  endfacet
  facet normal 0 0 1
    outer loop
      vertex 90.9184 -8.9847 9.55
      vertex 89.8444 -5.44402 9.55
      vertex 90.4424 -9.10391 9.55
    endloop
  endfacet
  facet normal -0 0 1
    outer loop
      vertex 89.7206 -5.47502 9.55
      vertex 90.4424 -9.10391 9.55
      vertex 89.8444 -5.44402 9.55
    endloop
  endfacet
  facet normal 0 0 1
    outer loop
      vertex 90.4424 -9.10391 9.55
      vertex 89.7206 -5.47502 9.55
      vertex 89.9571 -9.17592 9.55
    endloop
  endfacet
  facet normal -0 0 1
    outer loop
      vertex 89.5944 -5.49374 9.55
      vertex 89.9571 -9.17592 9.55
      vertex 89.7206 -5.47502 9.55
    endloop
  endfacet
  facet normal -0 0 1
    outer loop
      vertex 89.467 -5.5 9.55
      vertex 89.9571 -9.17592 9.55
      vertex 89.5944 -5.49374 9.55
    endloop
  endfacet
  facet normal 0 0 1
    outer loop
      vertex 89.467 -5.5 9.55
      vertex 89.467 -9.2 9.55
      vertex 89.9571 -9.17592 9.55
    endloop
  endfacet
  facet normal 0 0 1
    outer loop
      vertex 89.3396 -5.49374 9.55
      vertex 89.467 -9.2 9.55
      vertex 89.467 -5.5 9.55
    endloop
  endfacet
  facet normal 0 0 1
    outer loop
      vertex 88.9769 -9.17592 9.55
      vertex 89.3396 -5.49374 9.55
      vertex 89.2134 -5.47502 9.55
    endloop
  endfacet
  facet normal 0 0 1
    outer loop
      vertex 88.4915 -9.10391 9.55
      vertex 89.2134 -5.47502 9.55
      vertex 89.0896 -5.44402 9.55
    endloop
  endfacet
  facet normal 0 0 1
    outer loop
      vertex 89.3396 -5.49374 9.55
      vertex 88.9769 -9.17592 9.55
      vertex 89.467 -9.2 9.55
    endloop
  endfacet
  facet normal 0 0 1
    outer loop
      vertex 88.0156 -8.9847 9.55
      vertex 89.0896 -5.44402 9.55
      vertex 88.9695 -5.40104 9.55
    endloop
  endfacet
  facet normal 0 0 1
    outer loop
      vertex 87.5536 -8.8194 9.55
      vertex 88.9695 -5.40104 9.55
      vertex 88.8542 -5.3465 9.55
    endloop
  endfacet
  facet normal 0 0 1
    outer loop
      vertex 87.5536 -8.8194 9.55
      vertex 88.8542 -5.3465 9.55
      vertex 88.7448 -5.28091 9.55
    endloop
  endfacet
  facet normal 0 0 1
    outer loop
      vertex 87.5536 -8.8194 9.55
      vertex 88.7448 -5.28091 9.55
      vertex 88.6423 -5.20491 9.55
    endloop
  endfacet
  facet normal 0 0 1
    outer loop
      vertex 87.5536 -8.8194 9.55
      vertex 88.6423 -5.20491 9.55
      vertex 88.5478 -5.11924 9.55
    endloop
  endfacet
  facet normal 0 0 1
    outer loop
      vertex 89.2134 -5.47502 9.55
      vertex 88.4915 -9.10391 9.55
      vertex 88.9769 -9.17592 9.55
    endloop
  endfacet
  facet normal 0 0 1
    outer loop
      vertex 87.5536 -8.8194 9.55
      vertex 88.5478 -5.11924 9.55
      vertex 88.4621 -5.02471 9.55
    endloop
  endfacet
  facet normal 0 0 1
    outer loop
      vertex 87.5536 -8.8194 9.55
      vertex 88.4621 -5.02471 9.55
      vertex 88.3861 -4.92224 9.55
    endloop
  endfacet
  facet normal 0 0 1
    outer loop
      vertex 87.5536 -8.8194 9.55
      vertex 88.3861 -4.92224 9.55
      vertex 88.3205 -4.81282 9.55
    endloop
  endfacet
  facet normal 0 0 1
    outer loop
      vertex 87.5536 -8.8194 9.55
      vertex 88.3205 -4.81282 9.55
      vertex 88.266 -4.69749 9.55
    endloop
  endfacet
  facet normal 0 0 1
    outer loop
      vertex 87.5536 -8.8194 9.55
      vertex 88.266 -4.69749 9.55
      vertex 88.223 -4.57737 9.55
    endloop
  endfacet
  facet normal 0 0 1
    outer loop
      vertex 87.5536 -8.8194 9.55
      vertex 88.223 -4.57737 9.55
      vertex 88.192 -4.45362 9.55
    endloop
  endfacet
  facet normal 0 0 1
    outer loop
      vertex 87.5536 -8.8194 9.55
      vertex 88.192 -4.45362 9.55
      vertex 88.1733 -4.32742 9.55
    endloop
  endfacet
  facet normal 0 0 1
    outer loop
      vertex 89.0896 -5.44402 9.55
      vertex 88.0156 -8.9847 9.55
      vertex 88.4915 -9.10391 9.55
    endloop
  endfacet
  facet normal 0 0 1
    outer loop
      vertex 85.9315 -7.73552 9.55
      vertex 88.1733 -4.32742 9.55
      vertex 88.167 -4.2 9.55
    endloop
  endfacet
  facet normal 0 0 1
    outer loop
      vertex 94.4429 81.9561 9.55
      vertex 90.7607 81.5934 9.55
      vertex 90.767 81.466 9.55
    endloop
  endfacet
  facet normal 0 0 1
    outer loop
      vertex 91.3804 86.0854 9.55
      vertex 90.742 81.7196 9.55
      vertex 90.7607 81.5934 9.55
    endloop
  endfacet
  facet normal 0 0 1
    outer loop
      vertex 91.3804 86.0854 9.55
      vertex 90.711 81.8434 9.55
      vertex 90.742 81.7196 9.55
    endloop
  endfacet
  facet normal 0 0 1
    outer loop
      vertex 91.3804 86.0854 9.55
      vertex 90.668 81.9635 9.55
      vertex 90.711 81.8434 9.55
    endloop
  endfacet
  facet normal 0 0 1
    outer loop
      vertex 91.3804 86.0854 9.55
      vertex 90.6135 82.0788 9.55
      vertex 90.668 81.9635 9.55
    endloop
  endfacet
  facet normal 0 0 1
    outer loop
      vertex 91.3804 86.0854 9.55
      vertex 90.5479 82.1882 9.55
      vertex 90.6135 82.0788 9.55
    endloop
  endfacet
  facet normal 0 0 1
    outer loop
      vertex 91.3804 86.0854 9.55
      vertex 90.4719 82.2907 9.55
      vertex 90.5479 82.1882 9.55
    endloop
  endfacet
  facet normal 0 0 1
    outer loop
      vertex 89.8444 82.71 9.55
      vertex 90.9184 86.2507 9.55
      vertex 90.4424 86.3699 9.55
    endloop
  endfacet
  facet normal 0 0 1
    outer loop
      vertex 91.3804 86.0854 9.55
      vertex 90.3862 82.3852 9.55
      vertex 90.4719 82.2907 9.55
    endloop
  endfacet
  facet normal 0 0 1
    outer loop
      vertex 91.3804 86.0854 9.55
      vertex 90.2917 82.4709 9.55
      vertex 90.3862 82.3852 9.55
    endloop
  endfacet
  facet normal 0 0 1
    outer loop
      vertex 91.3804 86.0854 9.55
      vertex 90.1892 82.5469 9.55
      vertex 90.2917 82.4709 9.55
    endloop
  endfacet
  facet normal 0 0 1
    outer loop
      vertex 91.3804 86.0854 9.55
      vertex 90.0798 82.6125 9.55
      vertex 90.1892 82.5469 9.55
    endloop
  endfacet
  facet normal 0 0 1
    outer loop
      vertex 91.3804 86.0854 9.55
      vertex 89.9645 82.667 9.55
      vertex 90.0798 82.6125 9.55
    endloop
  endfacet
  facet normal 0 0 1
    outer loop
      vertex 89.7206 82.741 9.55
      vertex 90.4424 86.3699 9.55
      vertex 89.9571 86.4419 9.55
    endloop
  endfacet
  facet normal 0 0 1
    outer loop
      vertex 90.9184 86.2507 9.55
      vertex 89.8444 82.71 9.55
      vertex 89.9645 82.667 9.55
    endloop
  endfacet
  facet normal 0 0 1
    outer loop
      vertex 90.4424 86.3699 9.55
      vertex 89.7206 82.741 9.55
      vertex 89.8444 82.71 9.55
    endloop
  endfacet
  facet normal 0 0 1
    outer loop
      vertex 89.9571 86.4419 9.55
      vertex 89.5944 82.7597 9.55
      vertex 89.7206 82.741 9.55
    endloop
  endfacet
  facet normal 0 0 1
    outer loop
      vertex 89.467 86.466 9.55
      vertex 89.5944 82.7597 9.55
      vertex 89.9571 86.4419 9.55
    endloop
  endfacet
  facet normal 0 0 1
    outer loop
      vertex 89.467 86.466 9.55
      vertex 89.467 82.766 9.55
      vertex 89.5944 82.7597 9.55
    endloop
  endfacet
  facet normal 0 0 1
    outer loop
      vertex 89.467 86.466 9.55
      vertex 89.3396 82.7597 9.55
      vertex 89.467 82.766 9.55
    endloop
  endfacet
  facet normal -0 0 1
    outer loop
      vertex 88.9769 86.4419 9.55
      vertex 89.3396 82.7597 9.55
      vertex 89.467 86.466 9.55
    endloop
  endfacet
  facet normal 0 0 1
    outer loop
      vertex 89.3396 82.7597 9.55
      vertex 88.9769 86.4419 9.55
      vertex 89.2134 82.741 9.55
    endloop
  endfacet
  facet normal -0 0 1
    outer loop
      vertex 88.4915 86.3699 9.55
      vertex 89.2134 82.741 9.55
      vertex 88.9769 86.4419 9.55
    endloop
  endfacet
  facet normal 0 0 1
    outer loop
      vertex 89.2134 82.741 9.55
      vertex 88.4915 86.3699 9.55
      vertex 89.0896 82.71 9.55
    endloop
  endfacet
  facet normal -0 0 1
    outer loop
      vertex 88.0156 86.2507 9.55
      vertex 89.0896 82.71 9.55
      vertex 88.4915 86.3699 9.55
    endloop
  endfacet
  facet normal 0 0 1
    outer loop
      vertex 89.0896 82.71 9.55
      vertex 88.0156 86.2507 9.55
      vertex 88.9695 82.667 9.55
    endloop
  endfacet
  facet normal -0 0 1
    outer loop
      vertex 87.5536 86.0854 9.55
      vertex 88.9695 82.667 9.55
      vertex 88.0156 86.2507 9.55
    endloop
  endfacet
  facet normal 0 0 1
    outer loop
      vertex 88.9695 82.667 9.55
      vertex 87.5536 86.0854 9.55
      vertex 88.8542 82.6125 9.55
    endloop
  endfacet
  facet normal -0 0 1
    outer loop
      vertex 87.11 85.8756 9.55
      vertex 88.8542 82.6125 9.55
      vertex 87.5536 86.0854 9.55
    endloop
  endfacet
  facet normal 0 0 1
    outer loop
      vertex 88.8542 82.6125 9.55
      vertex 87.11 85.8756 9.55
      vertex 88.7448 82.5469 9.55
    endloop
  endfacet
  facet normal -0 0 1
    outer loop
      vertex 86.6891 85.6233 9.55
      vertex 88.7448 82.5469 9.55
      vertex 87.11 85.8756 9.55
    endloop
  endfacet
  facet normal 0 0 1
    outer loop
      vertex 88.7448 82.5469 9.55
      vertex 86.6891 85.6233 9.55
      vertex 88.6423 82.4709 9.55
    endloop
  endfacet
  facet normal -0 0 1
    outer loop
      vertex 86.295 85.331 9.55
      vertex 88.6423 82.4709 9.55
      vertex 86.6891 85.6233 9.55
    endloop
  endfacet
  facet normal 0 0 1
    outer loop
      vertex 88.6423 82.4709 9.55
      vertex 86.295 85.331 9.55
      vertex 88.5478 82.3852 9.55
    endloop
  endfacet
  facet normal -0 0 1
    outer loop
      vertex 85.9315 85.0015 9.55
      vertex 88.5478 82.3852 9.55
      vertex 86.295 85.331 9.55
    endloop
  endfacet
  facet normal 0 0 1
    outer loop
      vertex 88.5478 82.3852 9.55
      vertex 85.9315 85.0015 9.55
      vertex 88.4621 82.2907 9.55
    endloop
  endfacet
  facet normal 0 0 1
    outer loop
      vertex 88.3861 82.1882 9.55
      vertex 85.9315 85.0015 9.55
      vertex 88.3205 82.0788 9.55
    endloop
  endfacet
  facet normal 0 0 1
    outer loop
      vertex 88.4621 82.2907 9.55
      vertex 85.9315 85.0015 9.55
      vertex 88.3861 82.1882 9.55
    endloop
  endfacet
  facet normal 0 0 1
    outer loop
      vertex 90.767 81.466 9.55
      vertex 94.467 81.466 9.55
      vertex 94.4429 81.9561 9.55
    endloop
  endfacet
  facet normal 0 0 1
    outer loop
      vertex 90.7607 81.5934 9.55
      vertex 94.4429 81.9561 9.55
      vertex 94.3709 82.4414 9.55
    endloop
  endfacet
  facet normal 0 0 1
    outer loop
      vertex 94.467 81.466 9.55
      vertex 90.767 81.466 9.55
      vertex 94.4429 80.9759 9.55
    endloop
  endfacet
  facet normal 0 0 1
    outer loop
      vertex 90.7607 81.5934 9.55
      vertex 94.3709 82.4414 9.55
      vertex 94.2517 82.9174 9.55
    endloop
  endfacet
  facet normal -0 0 1
    outer loop
      vertex 90.7607 81.3386 9.55
      vertex 94.4429 80.9759 9.55
      vertex 90.767 81.466 9.55
    endloop
  endfacet
  facet normal 0 0 1
    outer loop
      vertex 90.7607 81.5934 9.55
      vertex 94.2517 82.9174 9.55
      vertex 94.0864 83.3794 9.55
    endloop
  endfacet
  facet normal 0 0 1
    outer loop
      vertex 94.4429 80.9759 9.55
      vertex 90.7607 81.3386 9.55
      vertex 94.3709 80.4905 9.55
    endloop
  endfacet
  facet normal 0 0 1
    outer loop
      vertex 90.7607 81.5934 9.55
      vertex 94.0864 83.3794 9.55
      vertex 93.8766 83.823 9.55
    endloop
  endfacet
  facet normal -0 0 1
    outer loop
      vertex 90.742 81.2124 9.55
      vertex 94.3709 80.4905 9.55
      vertex 90.7607 81.3386 9.55
    endloop
  endfacet
  facet normal 0 0 1
    outer loop
      vertex 90.7607 81.5934 9.55
      vertex 93.8766 83.823 9.55
      vertex 93.6243 84.2439 9.55
    endloop
  endfacet
  facet normal 0 0 1
    outer loop
      vertex 94.3709 80.4905 9.55
      vertex 90.742 81.2124 9.55
      vertex 94.2517 80.0146 9.55
    endloop
  endfacet
  facet normal 0 0 1
    outer loop
      vertex 90.7607 81.5934 9.55
      vertex 93.6243 84.2439 9.55
      vertex 93.332 84.638 9.55
    endloop
  endfacet
  facet normal -0 0 1
    outer loop
      vertex 90.711 81.0886 9.55
      vertex 94.2517 80.0146 9.55
      vertex 90.742 81.2124 9.55
    endloop
  endfacet
  facet normal 0 0 1
    outer loop
      vertex 90.7607 81.5934 9.55
      vertex 93.332 84.638 9.55
      vertex 93.0025 85.0015 9.55
    endloop
  endfacet
  facet normal 0 0 1
    outer loop
      vertex 94.2517 80.0146 9.55
      vertex 90.711 81.0886 9.55
      vertex 94.0864 79.5526 9.55
    endloop
  endfacet
  facet normal 0 0 1
    outer loop
      vertex 90.7607 81.5934 9.55
      vertex 93.0025 85.0015 9.55
      vertex 92.639 85.331 9.55
    endloop
  endfacet
  facet normal 0 0 1
    outer loop
      vertex 90.7607 81.5934 9.55
      vertex 92.639 85.331 9.55
      vertex 92.2448 85.6233 9.55
    endloop
  endfacet
  facet normal 0 0 1
    outer loop
      vertex 90.7607 81.5934 9.55
      vertex 92.2448 85.6233 9.55
      vertex 91.824 85.8756 9.55
    endloop
  endfacet
  facet normal 0 0 1
    outer loop
      vertex 90.7607 81.5934 9.55
      vertex 91.824 85.8756 9.55
      vertex 91.3804 86.0854 9.55
    endloop
  endfacet
  facet normal 0 0 1
    outer loop
      vertex 89.9645 82.667 9.55
      vertex 91.3804 86.0854 9.55
      vertex 90.9184 86.2507 9.55
    endloop
  endfacet
  facet normal -0 0 1
    outer loop
      vertex 90.668 80.9685 9.55
      vertex 94.0864 79.5526 9.55
      vertex 90.711 81.0886 9.55
    endloop
  endfacet
  facet normal 0 0 1
    outer loop
      vertex 94.0864 79.5526 9.55
      vertex 90.668 80.9685 9.55
      vertex 93.8766 79.109 9.55
    endloop
  endfacet
  facet normal -0 0 1
    outer loop
      vertex 90.6135 80.8532 9.55
      vertex 93.8766 79.109 9.55
      vertex 90.668 80.9685 9.55
    endloop
  endfacet
  facet normal 0 0 1
    outer loop
      vertex 93.8766 79.109 9.55
      vertex 90.6135 80.8532 9.55
      vertex 93.6243 78.6881 9.55
    endloop
  endfacet
  facet normal -0 0 1
    outer loop
      vertex 90.5479 80.7438 9.55
      vertex 93.6243 78.6881 9.55
      vertex 90.6135 80.8532 9.55
    endloop
  endfacet
  facet normal 0 0 1
    outer loop
      vertex 93.6243 78.6881 9.55
      vertex 90.5479 80.7438 9.55
      vertex 93.332 78.294 9.55
    endloop
  endfacet
  facet normal -0 0 1
    outer loop
      vertex 90.4719 80.6413 9.55
      vertex 93.332 78.294 9.55
      vertex 90.5479 80.7438 9.55
    endloop
  endfacet
  facet normal 0 0 1
    outer loop
      vertex 93.332 78.294 9.55
      vertex 90.4719 80.6413 9.55
      vertex 93.0025 77.9305 9.55
    endloop
  endfacet
  facet normal -0 0 1
    outer loop
      vertex 90.3862 80.5468 9.55
      vertex 93.0025 77.9305 9.55
      vertex 90.4719 80.6413 9.55
    endloop
  endfacet
  facet normal -0 0 1
    outer loop
      vertex 90.2917 80.4611 9.55
      vertex 93.0025 77.9305 9.55
      vertex 90.3862 80.5468 9.55
    endloop
  endfacet
  facet normal -0 0 1
    outer loop
      vertex 90.1892 80.3851 9.55
      vertex 93.0025 77.9305 9.55
      vertex 90.2917 80.4611 9.55
    endloop
  endfacet
  facet normal -0 0 1
    outer loop
      vertex 90.0798 80.3195 9.55
      vertex 93.0025 77.9305 9.55
      vertex 90.1892 80.3851 9.55
    endloop
  endfacet
  facet normal -0 0 1
    outer loop
      vertex 89.9645 80.265 9.55
      vertex 93.0025 77.9305 9.55
      vertex 90.0798 80.3195 9.55
    endloop
  endfacet
  facet normal -0 0 1
    outer loop
      vertex 89.8444 80.222 9.55
      vertex 93.0025 77.9305 9.55
      vertex 89.9645 80.265 9.55
    endloop
  endfacet
  facet normal -0 0 1
    outer loop
      vertex 89.7206 80.191 9.55
      vertex 93.0025 77.9305 9.55
      vertex 89.8444 80.222 9.55
    endloop
  endfacet
  facet normal -0 0 1
    outer loop
      vertex 89.5944 80.1723 9.55
      vertex 93.0025 77.9305 9.55
      vertex 89.7206 80.191 9.55
    endloop
  endfacet
  facet normal -0 0 1
    outer loop
      vertex 89.467 80.166 9.55
      vertex 93.0025 77.9305 9.55
      vertex 89.5944 80.1723 9.55
    endloop
  endfacet
  facet normal 0 0 1
    outer loop
      vertex 89.3396 80.1723 9.55
      vertex 93.0025 77.9305 9.55
      vertex 89.467 80.166 9.55
    endloop
  endfacet
  facet normal 0 0 1
    outer loop
      vertex 85.118 70.5335 9.55
      vertex 89.3396 80.1723 9.55
      vertex 89.2134 80.191 9.55
    endloop
  endfacet
  facet normal 0 0 1
    outer loop
      vertex 85.118 70.5335 9.55
      vertex 89.2134 80.191 9.55
      vertex 89.0896 80.222 9.55
    endloop
  endfacet
  facet normal 0 0 1
    outer loop
      vertex 85.118 70.5335 9.55
      vertex 89.0896 80.222 9.55
      vertex 88.9695 80.265 9.55
    endloop
  endfacet
  facet normal 0 0 1
    outer loop
      vertex 85.118 70.5335 9.55
      vertex 88.9695 80.265 9.55
      vertex 88.8542 80.3195 9.55
    endloop
  endfacet
  facet normal 0 0 1
    outer loop
      vertex 88.3205 82.0788 9.55
      vertex 85.9315 85.0015 9.55
      vertex 88.266 81.9635 9.55
    endloop
  endfacet
  facet normal 0 0 1
    outer loop
      vertex 88.266 81.9635 9.55
      vertex 85.9315 85.0015 9.55
      vertex 88.223 81.8434 9.55
    endloop
  endfacet
  facet normal 0 0 1
    outer loop
      vertex 88.223 81.8434 9.55
      vertex 85.9315 85.0015 9.55
      vertex 88.192 81.7196 9.55
    endloop
  endfacet
  facet normal 0 0 1
    outer loop
      vertex 88.192 81.7196 9.55
      vertex 85.9315 85.0015 9.55
      vertex 88.1733 81.5934 9.55
    endloop
  endfacet
  facet normal 0 0 1
    outer loop
      vertex 88.1733 81.5934 9.55
      vertex 85.9315 85.0015 9.55
      vertex 88.167 81.466 9.55
    endloop
  endfacet
  facet normal 0 0 1
    outer loop
      vertex 88.167 81.466 9.55
      vertex 85.9315 85.0015 9.55
      vertex 88.1733 81.3386 9.55
    endloop
  endfacet
  facet normal 0 0 1
    outer loop
      vertex 78.5345 77.117 9.55
      vertex 88.1733 81.3386 9.55
      vertex 85.9315 85.0015 9.55
    endloop
  endfacet
  facet normal 0 0 1
    outer loop
      vertex 88.1733 81.3386 9.55
      vertex 78.5345 77.117 9.55
      vertex 88.192 81.2124 9.55
    endloop
  endfacet
  facet normal 0 0 1
    outer loop
      vertex 88.192 81.2124 9.55
      vertex 78.5345 77.117 9.55
      vertex 88.223 81.0886 9.55
    endloop
  endfacet
  facet normal 0 0 1
    outer loop
      vertex 88.223 81.0886 9.55
      vertex 78.5345 77.117 9.55
      vertex 88.266 80.9685 9.55
    endloop
  endfacet
  facet normal 0 0 1
    outer loop
      vertex 89.3396 80.1723 9.55
      vertex 85.118 70.5335 9.55
      vertex 93.0025 77.9305 9.55
    endloop
  endfacet
  facet normal 0 0 1
    outer loop
      vertex 81.9771 72.5194 9.55
      vertex 88.8542 80.3195 9.55
      vertex 88.7448 80.3851 9.55
    endloop
  endfacet
  facet normal 0 0 1
    outer loop
      vertex 81.6685 72.9356 9.55
      vertex 88.7448 80.3851 9.55
      vertex 88.6423 80.4611 9.55
    endloop
  endfacet
  facet normal 0 0 1
    outer loop
      vertex 81.3205 73.3195 9.55
      vertex 88.6423 80.4611 9.55
      vertex 88.5478 80.5468 9.55
    endloop
  endfacet
  facet normal 0 0 1
    outer loop
      vertex 81.3205 73.3195 9.55
      vertex 88.5478 80.5468 9.55
      vertex 88.4621 80.6413 9.55
    endloop
  endfacet
  facet normal 0 0 1
    outer loop
      vertex 80.9366 73.6675 9.55
      vertex 88.4621 80.6413 9.55
      vertex 88.3861 80.7438 9.55
    endloop
  endfacet
  facet normal 0 0 1
    outer loop
      vertex 80.9366 73.6675 9.55
      vertex 88.3861 80.7438 9.55
      vertex 88.3205 80.8532 9.55
    endloop
  endfacet
  facet normal 0 0 1
    outer loop
      vertex 88.266 80.9685 9.55
      vertex 78.5345 77.117 9.55
      vertex 88.3205 80.8532 9.55
    endloop
  endfacet
  facet normal 0 0 1
    outer loop
      vertex 88.7448 80.3851 9.55
      vertex 81.6685 72.9356 9.55
      vertex 81.9771 72.5194 9.55
    endloop
  endfacet
  facet normal 0 0 1
    outer loop
      vertex 85.2271 69.7976 9.55
      vertex 82.8416 70.1035 9.55
      vertex 82.867 69.586 9.55
    endloop
  endfacet
  facet normal 0 0 1
    outer loop
      vertex 85.118 70.5335 9.55
      vertex 82.7655 70.6161 9.55
      vertex 82.8416 70.1035 9.55
    endloop
  endfacet
  facet normal 0 0 1
    outer loop
      vertex 85.118 70.5335 9.55
      vertex 82.6396 71.1187 9.55
      vertex 82.7655 70.6161 9.55
    endloop
  endfacet
  facet normal 0 0 1
    outer loop
      vertex 85.118 70.5335 9.55
      vertex 82.4651 71.6066 9.55
      vertex 82.6396 71.1187 9.55
    endloop
  endfacet
  facet normal 0 0 1
    outer loop
      vertex 85.118 70.5335 9.55
      vertex 82.2435 72.075 9.55
      vertex 82.4651 71.6066 9.55
    endloop
  endfacet
  facet normal 0 0 1
    outer loop
      vertex 85.118 70.5335 9.55
      vertex 81.9771 72.5194 9.55
      vertex 82.2435 72.075 9.55
    endloop
  endfacet
  facet normal 0 0 1
    outer loop
      vertex 88.8542 80.3195 9.55
      vertex 81.9771 72.5194 9.55
      vertex 85.118 70.5335 9.55
    endloop
  endfacet
  facet normal 0 0 1
    outer loop
      vertex 88.6423 80.4611 9.55
      vertex 81.3205 73.3195 9.55
      vertex 81.6685 72.9356 9.55
    endloop
  endfacet
  facet normal 0 0 1
    outer loop
      vertex 88.4621 80.6413 9.55
      vertex 80.9366 73.6675 9.55
      vertex 81.3205 73.3195 9.55
    endloop
  endfacet
  facet normal 0 -0 1
    outer loop
      vertex 80.5204 73.9762 9.55
      vertex 88.3205 80.8532 9.55
      vertex 78.5345 77.117 9.55
    endloop
  endfacet
  facet normal 0 0 1
    outer loop
      vertex 88.3205 80.8532 9.55
      vertex 80.5204 73.9762 9.55
      vertex 80.9366 73.6675 9.55
    endloop
  endfacet
  facet normal 0 0 1
    outer loop
      vertex 80.5204 73.9762 9.55
      vertex 78.5345 77.117 9.55
      vertex 80.076 74.2425 9.55
    endloop
  endfacet
  facet normal 0 0 1
    outer loop
      vertex 80.076 74.2425 9.55
      vertex 78.5345 77.117 9.55
      vertex 79.6076 74.4641 9.55
    endloop
  endfacet
  facet normal 0 0 1
    outer loop
      vertex 79.6076 74.4641 9.55
      vertex 78.5345 77.117 9.55
      vertex 79.1197 74.6386 9.55
    endloop
  endfacet
  facet normal 0 0 1
    outer loop
      vertex 79.1197 74.6386 9.55
      vertex 78.5345 77.117 9.55
      vertex 78.6171 74.7645 9.55
    endloop
  endfacet
  facet normal 0 0 1
    outer loop
      vertex 78.5345 77.117 9.55
      vertex 78.1045 74.8406 9.55
      vertex 78.6171 74.7645 9.55
    endloop
  endfacet
  facet normal 0 0 1
    outer loop
      vertex 77.7986 77.2261 9.55
      vertex 78.1045 74.8406 9.55
      vertex 78.5345 77.117 9.55
    endloop
  endfacet
  facet normal 0 0 1
    outer loop
      vertex 77.7986 77.2261 9.55
      vertex 77.587 74.866 9.55
      vertex 78.1045 74.8406 9.55
    endloop
  endfacet
  facet normal 0 0 1
    outer loop
      vertex 76.987 77.266 9.55
      vertex 77.587 74.866 9.55
      vertex 77.7986 77.2261 9.55
    endloop
  endfacet
  facet normal 0 0 1
    outer loop
      vertex 67.9 74.866 9.55
      vertex 76.987 77.266 9.55
      vertex 67.9 77.266 9.55
    endloop
  endfacet
  facet normal 0 0 1
    outer loop
      vertex 76.987 77.266 9.55
      vertex 67.9 74.866 9.55
      vertex 77.587 74.866 9.55
    endloop
  endfacet
  facet normal -0 0 1
    outer loop
      vertex 32.4 77.266 9.55
      vertex 55.9 74.866 9.55
      vertex 55.9 77.266 9.55
    endloop
  endfacet
  facet normal 0 0 1
    outer loop
      vertex 55.9 74.866 9.55
      vertex 32.4 77.266 9.55
      vertex 32.4 74.866 9.55
    endloop
  endfacet
  facet normal 0 0 -1
    outer loop
      vertex 76.987 0 0
      vertex 85.267 8.28 0
      vertex 85.2271 7.46841 0
    endloop
  endfacet
  facet normal -0 0 -1
    outer loop
      vertex 85.267 8.28 0
      vertex 76.987 0 0
      vertex 85.267 68.986 0
    endloop
  endfacet
  facet normal 0 0 -1
    outer loop
      vertex 76.987 0 0
      vertex 85.2271 7.46841 0
      vertex 85.118 6.73246 0
    endloop
  endfacet
  facet normal 0 0 -1
    outer loop
      vertex 76.987 77.266 0
      vertex 85.267 68.986 0
      vertex 76.987 0 0
    endloop
  endfacet
  facet normal 0 0 -1
    outer loop
      vertex 90.767 81.466 0
      vertex 94.467 81.466 0
      vertex 94.4429 80.9759 0
    endloop
  endfacet
  facet normal 0 0 -1
    outer loop
      vertex 90.7607 81.3386 0
      vertex 94.4429 80.9759 0
      vertex 94.3709 80.4905 0
    endloop
  endfacet
  facet normal 0 0 -1
    outer loop
      vertex 94.467 81.466 0
      vertex 90.767 81.466 0
      vertex 94.4429 81.9561 0
    endloop
  endfacet
  facet normal 0 0 -1
    outer loop
      vertex 90.742 81.2124 0
      vertex 94.3709 80.4905 0
      vertex 94.2517 80.0146 0
    endloop
  endfacet
  facet normal 0 0 -1
    outer loop
      vertex 90.7607 81.5934 0
      vertex 94.4429 81.9561 0
      vertex 90.767 81.466 0
    endloop
  endfacet
  facet normal 0 0 -1
    outer loop
      vertex 90.711 81.0886 0
      vertex 94.2517 80.0146 0
      vertex 94.0864 79.5526 0
    endloop
  endfacet
  facet normal -0 0 -1
    outer loop
      vertex 94.4429 81.9561 0
      vertex 90.7607 81.5934 0
      vertex 94.3709 82.4414 0
    endloop
  endfacet
  facet normal 0 0 -1
    outer loop
      vertex 90.668 80.9685 0
      vertex 94.0864 79.5526 0
      vertex 93.8766 79.109 0
    endloop
  endfacet
  facet normal 0 0 -1
    outer loop
      vertex 90.742 81.7196 0
      vertex 94.3709 82.4414 0
      vertex 90.7607 81.5934 0
    endloop
  endfacet
  facet normal 0 0 -1
    outer loop
      vertex 90.6135 80.8532 0
      vertex 93.8766 79.109 0
      vertex 93.6243 78.6881 0
    endloop
  endfacet
  facet normal -0 0 -1
    outer loop
      vertex 94.3709 82.4414 0
      vertex 90.742 81.7196 0
      vertex 94.2517 82.9174 0
    endloop
  endfacet
  facet normal 0 0 -1
    outer loop
      vertex 90.5479 80.7438 0
      vertex 93.6243 78.6881 0
      vertex 93.332 78.294 0
    endloop
  endfacet
  facet normal 0 0 -1
    outer loop
      vertex 90.711 81.8434 0
      vertex 94.2517 82.9174 0
      vertex 90.742 81.7196 0
    endloop
  endfacet
  facet normal 0 0 -1
    outer loop
      vertex 90.4719 80.6413 0
      vertex 93.332 78.294 0
      vertex 93.0025 77.9305 0
    endloop
  endfacet
  facet normal -0 0 -1
    outer loop
      vertex 94.2517 82.9174 0
      vertex 90.711 81.8434 0
      vertex 94.0864 83.3794 0
    endloop
  endfacet
  facet normal 0 0 -1
    outer loop
      vertex 90.668 81.9635 0
      vertex 94.0864 83.3794 0
      vertex 90.711 81.8434 0
    endloop
  endfacet
  facet normal 0 0 -1
    outer loop
      vertex 90.6135 82.0788 0
      vertex 93.8766 83.823 0
      vertex 90.668 81.9635 0
    endloop
  endfacet
  facet normal -0 0 -1
    outer loop
      vertex 93.8766 83.823 0
      vertex 90.6135 82.0788 0
      vertex 93.6243 84.2439 0
    endloop
  endfacet
  facet normal -0 0 -1
    outer loop
      vertex 93.6243 84.2439 0
      vertex 90.5479 82.1882 0
      vertex 93.332 84.638 0
    endloop
  endfacet
  facet normal 0 0 -1
    outer loop
      vertex 90.4719 82.2907 0
      vertex 93.332 84.638 0
      vertex 90.5479 82.1882 0
    endloop
  endfacet
  facet normal -0 0 -1
    outer loop
      vertex 94.0864 83.3794 0
      vertex 90.668 81.9635 0
      vertex 93.8766 83.823 0
    endloop
  endfacet
  facet normal 0 0 -1
    outer loop
      vertex 94.4429 80.9759 0
      vertex 90.7607 81.3386 0
      vertex 90.767 81.466 0
    endloop
  endfacet
  facet normal 0 0 -1
    outer loop
      vertex 94.3709 80.4905 0
      vertex 90.742 81.2124 0
      vertex 90.7607 81.3386 0
    endloop
  endfacet
  facet normal 0 0 -1
    outer loop
      vertex 94.2517 80.0146 0
      vertex 90.711 81.0886 0
      vertex 90.742 81.2124 0
    endloop
  endfacet
  facet normal 0 0 -1
    outer loop
      vertex 94.0864 79.5526 0
      vertex 90.668 80.9685 0
      vertex 90.711 81.0886 0
    endloop
  endfacet
  facet normal 0 0 -1
    outer loop
      vertex 93.8766 79.109 0
      vertex 90.6135 80.8532 0
      vertex 90.668 80.9685 0
    endloop
  endfacet
  facet normal 0 0 -1
    outer loop
      vertex 93.6243 78.6881 0
      vertex 90.5479 80.7438 0
      vertex 90.6135 80.8532 0
    endloop
  endfacet
  facet normal 0 0 -1
    outer loop
      vertex 93.332 78.294 0
      vertex 90.4719 80.6413 0
      vertex 90.5479 80.7438 0
    endloop
  endfacet
  facet normal 0 0 -1
    outer loop
      vertex 93.0025 77.9305 0
      vertex 90.3862 80.5468 0
      vertex 90.4719 80.6413 0
    endloop
  endfacet
  facet normal 0 0 -1
    outer loop
      vertex 93.0025 77.9305 0
      vertex 90.2917 80.4611 0
      vertex 90.3862 80.5468 0
    endloop
  endfacet
  facet normal 0 0 -1
    outer loop
      vertex 93.0025 77.9305 0
      vertex 90.1892 80.3851 0
      vertex 90.2917 80.4611 0
    endloop
  endfacet
  facet normal 0 0 -1
    outer loop
      vertex 93.0025 77.9305 0
      vertex 90.0798 80.3195 0
      vertex 90.1892 80.3851 0
    endloop
  endfacet
  facet normal 0 0 -1
    outer loop
      vertex 93.0025 77.9305 0
      vertex 89.9645 80.265 0
      vertex 90.0798 80.3195 0
    endloop
  endfacet
  facet normal 0 0 -1
    outer loop
      vertex 93.0025 77.9305 0
      vertex 89.8444 80.222 0
      vertex 89.9645 80.265 0
    endloop
  endfacet
  facet normal 0 0 -1
    outer loop
      vertex 93.0025 77.9305 0
      vertex 89.7206 80.191 0
      vertex 89.8444 80.222 0
    endloop
  endfacet
  facet normal 0 0 -1
    outer loop
      vertex 93.0025 77.9305 0
      vertex 89.5944 80.1723 0
      vertex 89.7206 80.191 0
    endloop
  endfacet
  facet normal 0 0 -1
    outer loop
      vertex 93.0025 77.9305 0
      vertex 89.467 80.166 0
      vertex 89.5944 80.1723 0
    endloop
  endfacet
  facet normal 0 0 -1
    outer loop
      vertex 93.0025 77.9305 0
      vertex 89.3396 80.1723 0
      vertex 89.467 80.166 0
    endloop
  endfacet
  facet normal 0 0 -1
    outer loop
      vertex 85.118 70.5335 0
      vertex 89.3396 80.1723 0
      vertex 93.0025 77.9305 0
    endloop
  endfacet
  facet normal -0 0 -1
    outer loop
      vertex 89.3396 80.1723 0
      vertex 85.118 70.5335 0
      vertex 89.2134 80.191 0
    endloop
  endfacet
  facet normal -0 0 -1
    outer loop
      vertex 89.2134 80.191 0
      vertex 85.118 70.5335 0
      vertex 89.0896 80.222 0
    endloop
  endfacet
  facet normal -0 0 -1
    outer loop
      vertex 89.0896 80.222 0
      vertex 85.118 70.5335 0
      vertex 88.9695 80.265 0
    endloop
  endfacet
  facet normal 0 0 -1
    outer loop
      vertex 88.9695 82.667 0
      vertex 87.5536 86.0854 0
      vertex 88.0156 86.2507 0
    endloop
  endfacet
  facet normal 0 0 -1
    outer loop
      vertex 85.9315 85.0015 0
      vertex 88.167 81.466 0
      vertex 88.1733 81.3386 0
    endloop
  endfacet
  facet normal 0 0 -1
    outer loop
      vertex 88.1733 81.5934 0
      vertex 87.11 85.8756 0
      vertex 87.5536 86.0854 0
    endloop
  endfacet
  facet normal 0 0 -1
    outer loop
      vertex 78.5345 77.117 0
      vertex 88.1733 81.3386 0
      vertex 88.192 81.2124 0
    endloop
  endfacet
  facet normal 0 0 -1
    outer loop
      vertex 88.1733 81.5934 0
      vertex 86.6891 85.6233 0
      vertex 87.11 85.8756 0
    endloop
  endfacet
  facet normal 0 0 -1
    outer loop
      vertex 78.5345 77.117 0
      vertex 88.192 81.2124 0
      vertex 88.223 81.0886 0
    endloop
  endfacet
  facet normal 0 0 -1
    outer loop
      vertex 88.1733 81.5934 0
      vertex 86.295 85.331 0
      vertex 86.6891 85.6233 0
    endloop
  endfacet
  facet normal 0 0 -1
    outer loop
      vertex 78.5345 77.117 0
      vertex 88.223 81.0886 0
      vertex 88.266 80.9685 0
    endloop
  endfacet
  facet normal 0 0 -1
    outer loop
      vertex 88.1733 81.5934 0
      vertex 85.9315 85.0015 0
      vertex 86.295 85.331 0
    endloop
  endfacet
  facet normal 0 0 -1
    outer loop
      vertex 78.5345 77.117 0
      vertex 88.266 80.9685 0
      vertex 88.3205 80.8532 0
    endloop
  endfacet
  facet normal -0 0 -1
    outer loop
      vertex 88.9695 80.265 0
      vertex 85.118 70.5335 0
      vertex 88.8542 80.3195 0
    endloop
  endfacet
  facet normal 0 0 -1
    outer loop
      vertex 85.118 70.5335 0
      vertex 88.7448 80.3851 0
      vertex 88.8542 80.3195 0
    endloop
  endfacet
  facet normal 0 0 -1
    outer loop
      vertex 85.118 70.5335 0
      vertex 88.6423 80.4611 0
      vertex 88.7448 80.3851 0
    endloop
  endfacet
  facet normal 0 0 -1
    outer loop
      vertex 85.118 70.5335 0
      vertex 88.5478 80.5468 0
      vertex 88.6423 80.4611 0
    endloop
  endfacet
  facet normal 0 0 -1
    outer loop
      vertex 78.5345 77.117 0
      vertex 88.5478 80.5468 0
      vertex 85.118 70.5335 0
    endloop
  endfacet
  facet normal -0 0 -1
    outer loop
      vertex 88.5478 80.5468 0
      vertex 78.5345 77.117 0
      vertex 88.4621 80.6413 0
    endloop
  endfacet
  facet normal -0 0 -1
    outer loop
      vertex 88.4621 80.6413 0
      vertex 78.5345 77.117 0
      vertex 88.3861 80.7438 0
    endloop
  endfacet
  facet normal -0 0 -1
    outer loop
      vertex 88.3861 80.7438 0
      vertex 78.5345 77.117 0
      vertex 88.3205 80.8532 0
    endloop
  endfacet
  facet normal 0 0 -1
    outer loop
      vertex 85.267 68.986 0
      vertex 76.987 77.266 0
      vertex 85.2271 69.7976 0
    endloop
  endfacet
  facet normal -0 0 -1
    outer loop
      vertex 88.1733 81.3386 0
      vertex 78.5345 77.117 0
      vertex 85.9315 85.0015 0
    endloop
  endfacet
  facet normal 0 0 -1
    outer loop
      vertex 76.987 0 0
      vertex 78.5345 0.14903 0
      vertex 77.7986 0.039856 0
    endloop
  endfacet
  facet normal 0 0 -1
    outer loop
      vertex 85.2271 69.7976 0
      vertex 76.987 77.266 0
      vertex 85.118 70.5335 0
    endloop
  endfacet
  facet normal 0 0 -1
    outer loop
      vertex 85.118 70.5335 0
      vertex 76.987 77.266 0
      vertex 78.5345 77.117 0
    endloop
  endfacet
  facet normal 0 0 -1
    outer loop
      vertex 78.5345 77.117 0
      vertex 76.987 77.266 0
      vertex 77.7986 77.2261 0
    endloop
  endfacet
  facet normal 0 0 -1
    outer loop
      vertex 8.28 0 0
      vertex 76.987 77.266 0
      vertex 76.987 0 0
    endloop
  endfacet
  facet normal 0 0 -1
    outer loop
      vertex 8.28 0 0
      vertex 8.28 77.266 0
      vertex 76.987 77.266 0
    endloop
  endfacet
  facet normal 0 0 -1
    outer loop
      vertex 0 8.28 0
      vertex 8.28 0 0
      vertex 7.46841 0.039856 0
    endloop
  endfacet
  facet normal 0 0 -1
    outer loop
      vertex 8.28 0 0
      vertex 0 8.28 0
      vertex 8.28 77.266 0
    endloop
  endfacet
  facet normal 0 0 -1
    outer loop
      vertex 8.28 77.266 0
      vertex 0 68.986 0
      vertex 7.46841 77.2261 0
    endloop
  endfacet
  facet normal 0 0 -1
    outer loop
      vertex 0 8.28 0
      vertex 7.46841 0.039856 0
      vertex 6.73245 0.149029 0
    endloop
  endfacet
  facet normal 0 0 -1
    outer loop
      vertex 7.46841 77.2261 0
      vertex 0 68.986 0
      vertex 6.73247 77.117 0
    endloop
  endfacet
  facet normal 0 0 -1
    outer loop
      vertex -3.28076 80.5468 0
      vertex 6.73247 77.117 0
      vertex 0.14903 70.5335 0
    endloop
  endfacet
  facet normal 0 -0 -1
    outer loop
      vertex -2.92498 81.2124 0
      vertex 6.73247 77.117 0
      vertex -2.95598 81.0886 0
    endloop
  endfacet
  facet normal 0 0 -1
    outer loop
      vertex 6.73247 77.117 0
      vertex -2.90626 81.3386 0
      vertex -0.664459 85.0015 0
    endloop
  endfacet
  facet normal 0 0 -1
    outer loop
      vertex -2.90626 81.5934 0
      vertex -0.664459 85.0015 0
      vertex -2.9 81.466 0
    endloop
  endfacet
  facet normal 0 0 -1
    outer loop
      vertex -2.92498 81.7196 0
      vertex -0.664459 85.0015 0
      vertex -2.90626 81.5934 0
    endloop
  endfacet
  facet normal 0 0 -1
    outer loop
      vertex -2.99896 81.9635 0
      vertex -0.664459 85.0015 0
      vertex -2.95598 81.8434 0
    endloop
  endfacet
  facet normal 0 0 -1
    outer loop
      vertex -3.0535 82.0788 0
      vertex -0.664459 85.0015 0
      vertex -2.99896 81.9635 0
    endloop
  endfacet
  facet normal 0 0 -1
    outer loop
      vertex -2.95598 81.8434 0
      vertex -0.664459 85.0015 0
      vertex -2.92498 81.7196 0
    endloop
  endfacet
  facet normal 0 -0 -1
    outer loop
      vertex -2.9 81.466 0
      vertex -0.664459 85.0015 0
      vertex -2.90626 81.3386 0
    endloop
  endfacet
  facet normal 0 -0 -1
    outer loop
      vertex -2.90626 81.3386 0
      vertex 6.73247 77.117 0
      vertex -2.92498 81.2124 0
    endloop
  endfacet
  facet normal 0 0 -1
    outer loop
      vertex 6.73247 77.117 0
      vertex -2.99896 80.9685 0
      vertex -2.95598 81.0886 0
    endloop
  endfacet
  facet normal 0 0 -1
    outer loop
      vertex 6.73247 77.117 0
      vertex -3.0535 80.8532 0
      vertex -2.99896 80.9685 0
    endloop
  endfacet
  facet normal 0 0 -1
    outer loop
      vertex 6.73247 77.117 0
      vertex -3.11909 80.7438 0
      vertex -3.0535 80.8532 0
    endloop
  endfacet
  facet normal 0 0 -1
    outer loop
      vertex 6.73247 77.117 0
      vertex -3.19509 80.6413 0
      vertex -3.11909 80.7438 0
    endloop
  endfacet
  facet normal 0 0 -1
    outer loop
      vertex 6.73247 77.117 0
      vertex -3.28076 80.5468 0
      vertex -3.19509 80.6413 0
    endloop
  endfacet
  facet normal 0 0 -1
    outer loop
      vertex 0.14903 70.5335 0
      vertex -3.37529 80.4611 0
      vertex -3.28076 80.5468 0
    endloop
  endfacet
  facet normal 0 0 -1
    outer loop
      vertex 0.14903 70.5335 0
      vertex -3.47776 80.3851 0
      vertex -3.37529 80.4611 0
    endloop
  endfacet
  facet normal 0 0 -1
    outer loop
      vertex 0.14903 70.5335 0
      vertex -3.58718 80.3195 0
      vertex -3.47776 80.3851 0
    endloop
  endfacet
  facet normal 0 0 -1
    outer loop
      vertex 0.14903 70.5335 0
      vertex -3.70251 80.265 0
      vertex -3.58718 80.3195 0
    endloop
  endfacet
  facet normal 0 0 -1
    outer loop
      vertex 0.14903 70.5335 0
      vertex -3.82263 80.222 0
      vertex -3.70251 80.265 0
    endloop
  endfacet
  facet normal 0 0 -1
    outer loop
      vertex 0.14903 70.5335 0
      vertex -3.94638 80.191 0
      vertex -3.82263 80.222 0
    endloop
  endfacet
  facet normal 0 0 -1
    outer loop
      vertex 0.14903 70.5335 0
      vertex -4.07258 80.1723 0
      vertex -3.94638 80.191 0
    endloop
  endfacet
  facet normal 0 0 -1
    outer loop
      vertex -7.73552 77.9305 0
      vertex -4.07258 80.1723 0
      vertex 0.14903 70.5335 0
    endloop
  endfacet
  facet normal 0 0 -1
    outer loop
      vertex -4.07258 80.1723 0
      vertex -7.73552 77.9305 0
      vertex -4.2 80.166 0
    endloop
  endfacet
  facet normal -0 0 -1
    outer loop
      vertex -4.2 80.166 0
      vertex -7.73552 77.9305 0
      vertex -4.32742 80.1723 0
    endloop
  endfacet
  facet normal -0 0 -1
    outer loop
      vertex -4.32742 80.1723 0
      vertex -7.73552 77.9305 0
      vertex -4.45362 80.191 0
    endloop
  endfacet
  facet normal -0 0 -1
    outer loop
      vertex -4.45362 80.191 0
      vertex -7.73552 77.9305 0
      vertex -4.57737 80.222 0
    endloop
  endfacet
  facet normal -0 0 -1
    outer loop
      vertex -4.57737 80.222 0
      vertex -7.73552 77.9305 0
      vertex -4.69749 80.265 0
    endloop
  endfacet
  facet normal -0 0 -1
    outer loop
      vertex -4.69749 80.265 0
      vertex -7.73552 77.9305 0
      vertex -4.81282 80.3195 0
    endloop
  endfacet
  facet normal -0 0 -1
    outer loop
      vertex -4.81282 80.3195 0
      vertex -7.73552 77.9305 0
      vertex -4.92224 80.3851 0
    endloop
  endfacet
  facet normal -0 0 -1
    outer loop
      vertex -4.92224 80.3851 0
      vertex -7.73552 77.9305 0
      vertex -5.02471 80.4611 0
    endloop
  endfacet
  facet normal -0 0 -1
    outer loop
      vertex -5.02471 80.4611 0
      vertex -7.73552 77.9305 0
      vertex -5.11924 80.5468 0
    endloop
  endfacet
  facet normal -0 0 -1
    outer loop
      vertex -5.11924 80.5468 0
      vertex -7.73552 77.9305 0
      vertex -5.20491 80.6413 0
    endloop
  endfacet
  facet normal 0 0 -1
    outer loop
      vertex -8.06505 78.294 0
      vertex -5.20491 80.6413 0
      vertex -7.73552 77.9305 0
    endloop
  endfacet
  facet normal 0 0 -1
    outer loop
      vertex -4.69749 82.667 0
      vertex -6.1134 86.0854 0
      vertex -5.65141 86.2507 0
    endloop
  endfacet
  facet normal 0 0 -1
    outer loop
      vertex -9.2 81.466 0
      vertex -5.5 81.466 0
      vertex -5.49374 81.3386 0
    endloop
  endfacet
  facet normal 0 0 -1
    outer loop
      vertex -5.49374 81.5934 0
      vertex -6.55698 85.8756 0
      vertex -6.1134 86.0854 0
    endloop
  endfacet
  facet normal 0 0 -1
    outer loop
      vertex -9.17592 80.9759 0
      vertex -5.49374 81.3386 0
      vertex -5.47502 81.2124 0
    endloop
  endfacet
  facet normal 0 0 -1
    outer loop
      vertex -5.49374 81.5934 0
      vertex -6.97784 85.6233 0
      vertex -6.55698 85.8756 0
    endloop
  endfacet
  facet normal 0 0 -1
    outer loop
      vertex -9.10391 80.4905 0
      vertex -5.47502 81.2124 0
      vertex -5.44402 81.0886 0
    endloop
  endfacet
  facet normal 0 0 -1
    outer loop
      vertex -5.49374 81.5934 0
      vertex -7.37196 85.331 0
      vertex -6.97784 85.6233 0
    endloop
  endfacet
  facet normal 0 0 -1
    outer loop
      vertex -8.9847 80.0146 0
      vertex -5.44402 81.0886 0
      vertex -5.40104 80.9685 0
    endloop
  endfacet
  facet normal -0 0 -1
    outer loop
      vertex -5.20491 80.6413 0
      vertex -8.06505 78.294 0
      vertex -5.28091 80.7438 0
    endloop
  endfacet
  facet normal 0 0 -1
    outer loop
      vertex -8.35735 78.6881 0
      vertex -5.28091 80.7438 0
      vertex -8.06505 78.294 0
    endloop
  endfacet
  facet normal -0 0 -1
    outer loop
      vertex -5.28091 80.7438 0
      vertex -8.35735 78.6881 0
      vertex -5.3465 80.8532 0
    endloop
  endfacet
  facet normal 0 0 -1
    outer loop
      vertex -5.49374 81.5934 0
      vertex -7.73552 85.0015 0
      vertex -7.37196 85.331 0
    endloop
  endfacet
  facet normal 0 0 -1
    outer loop
      vertex -8.6096 79.109 0
      vertex -5.3465 80.8532 0
      vertex -8.35735 78.6881 0
    endloop
  endfacet
  facet normal 0 0 -1
    outer loop
      vertex -5.49374 81.5934 0
      vertex -8.06505 84.638 0
      vertex -7.73552 85.0015 0
    endloop
  endfacet
  facet normal -0 0 -1
    outer loop
      vertex -5.3465 80.8532 0
      vertex -8.6096 79.109 0
      vertex -5.40104 80.9685 0
    endloop
  endfacet
  facet normal 0 0 -1
    outer loop
      vertex -5.49374 81.5934 0
      vertex -8.35735 84.2439 0
      vertex -8.06505 84.638 0
    endloop
  endfacet
  facet normal 0 0 -1
    outer loop
      vertex -8.8194 79.5526 0
      vertex -5.40104 80.9685 0
      vertex -8.6096 79.109 0
    endloop
  endfacet
  facet normal 0 0 -1
    outer loop
      vertex -5.49374 81.5934 0
      vertex -8.6096 83.823 0
      vertex -8.35735 84.2439 0
    endloop
  endfacet
  facet normal 0 0 -1
    outer loop
      vertex -8.9847 80.0146 0
      vertex -5.40104 80.9685 0
      vertex -8.8194 79.5526 0
    endloop
  endfacet
  facet normal 0 0 -1
    outer loop
      vertex -5.49374 81.5934 0
      vertex -8.8194 83.3794 0
      vertex -8.6096 83.823 0
    endloop
  endfacet
  facet normal 0 0 -1
    outer loop
      vertex -5.44402 81.0886 0
      vertex -8.9847 80.0146 0
      vertex -9.10391 80.4905 0
    endloop
  endfacet
  facet normal 0 0 -1
    outer loop
      vertex -5.49374 81.5934 0
      vertex -8.9847 82.9174 0
      vertex -8.8194 83.3794 0
    endloop
  endfacet
  facet normal 0 0 -1
    outer loop
      vertex -5.47502 81.2124 0
      vertex -9.10391 80.4905 0
      vertex -9.17592 80.9759 0
    endloop
  endfacet
  facet normal 0 0 -1
    outer loop
      vertex -5.49374 81.5934 0
      vertex -9.10391 82.4414 0
      vertex -8.9847 82.9174 0
    endloop
  endfacet
  facet normal -0 0 -1
    outer loop
      vertex -5.49374 81.3386 0
      vertex -9.17592 80.9759 0
      vertex -9.2 81.466 0
    endloop
  endfacet
  facet normal 0 0 -1
    outer loop
      vertex -5.49374 81.5934 0
      vertex -9.17592 81.9561 0
      vertex -9.10391 82.4414 0
    endloop
  endfacet
  facet normal 0 0 -1
    outer loop
      vertex -5.5 81.466 0
      vertex -9.2 81.466 0
      vertex -9.17592 81.9561 0
    endloop
  endfacet
  facet normal 0 0 -1
    outer loop
      vertex 90.5479 82.1882 0
      vertex 93.6243 84.2439 0
      vertex 90.6135 82.0788 0
    endloop
  endfacet
  facet normal -0 0 -1
    outer loop
      vertex 93.332 84.638 0
      vertex 90.4719 82.2907 0
      vertex 93.0025 85.0015 0
    endloop
  endfacet
  facet normal 0 0 -1
    outer loop
      vertex 90.3862 82.3852 0
      vertex 93.0025 85.0015 0
      vertex 90.4719 82.2907 0
    endloop
  endfacet
  facet normal -0 0 -1
    outer loop
      vertex 93.0025 85.0015 0
      vertex 90.3862 82.3852 0
      vertex 92.639 85.331 0
    endloop
  endfacet
  facet normal 0 0 -1
    outer loop
      vertex 90.2917 82.4709 0
      vertex 92.639 85.331 0
      vertex 90.3862 82.3852 0
    endloop
  endfacet
  facet normal -0 0 -1
    outer loop
      vertex 92.639 85.331 0
      vertex 90.2917 82.4709 0
      vertex 92.2448 85.6233 0
    endloop
  endfacet
  facet normal 0 0 -1
    outer loop
      vertex 90.1892 82.5469 0
      vertex 92.2448 85.6233 0
      vertex 90.2917 82.4709 0
    endloop
  endfacet
  facet normal -0 0 -1
    outer loop
      vertex 92.2448 85.6233 0
      vertex 90.1892 82.5469 0
      vertex 91.824 85.8756 0
    endloop
  endfacet
  facet normal 0 0 -1
    outer loop
      vertex 90.0798 82.6125 0
      vertex 91.824 85.8756 0
      vertex 90.1892 82.5469 0
    endloop
  endfacet
  facet normal -0 0 -1
    outer loop
      vertex 91.824 85.8756 0
      vertex 90.0798 82.6125 0
      vertex 91.3804 86.0854 0
    endloop
  endfacet
  facet normal 0 0 -1
    outer loop
      vertex 89.9645 82.667 0
      vertex 91.3804 86.0854 0
      vertex 90.0798 82.6125 0
    endloop
  endfacet
  facet normal -0 0 -1
    outer loop
      vertex 91.3804 86.0854 0
      vertex 89.9645 82.667 0
      vertex 90.9184 86.2507 0
    endloop
  endfacet
  facet normal 0 0 -1
    outer loop
      vertex 89.8444 82.71 0
      vertex 90.9184 86.2507 0
      vertex 89.9645 82.667 0
    endloop
  endfacet
  facet normal -0 0 -1
    outer loop
      vertex 90.9184 86.2507 0
      vertex 89.8444 82.71 0
      vertex 90.4424 86.3699 0
    endloop
  endfacet
  facet normal 0 0 -1
    outer loop
      vertex 89.7206 82.741 0
      vertex 90.4424 86.3699 0
      vertex 89.8444 82.71 0
    endloop
  endfacet
  facet normal -0 0 -1
    outer loop
      vertex 90.4424 86.3699 0
      vertex 89.7206 82.741 0
      vertex 89.9571 86.4419 0
    endloop
  endfacet
  facet normal 0 0 -1
    outer loop
      vertex 89.5944 82.7597 0
      vertex 89.9571 86.4419 0
      vertex 89.7206 82.741 0
    endloop
  endfacet
  facet normal 0 0 -1
    outer loop
      vertex 89.467 82.766 0
      vertex 89.9571 86.4419 0
      vertex 89.5944 82.7597 0
    endloop
  endfacet
  facet normal 0 0 -1
    outer loop
      vertex 89.467 82.766 0
      vertex 89.467 86.466 0
      vertex 89.9571 86.4419 0
    endloop
  endfacet
  facet normal 0 0 -1
    outer loop
      vertex 89.3396 82.7597 0
      vertex 89.467 86.466 0
      vertex 89.467 82.766 0
    endloop
  endfacet
  facet normal 0 0 -1
    outer loop
      vertex 88.9769 86.4419 0
      vertex 89.3396 82.7597 0
      vertex 89.2134 82.741 0
    endloop
  endfacet
  facet normal 0 0 -1
    outer loop
      vertex 88.4915 86.3699 0
      vertex 89.2134 82.741 0
      vertex 89.0896 82.71 0
    endloop
  endfacet
  facet normal 0 0 -1
    outer loop
      vertex 89.3396 82.7597 0
      vertex 88.9769 86.4419 0
      vertex 89.467 86.466 0
    endloop
  endfacet
  facet normal 0 0 -1
    outer loop
      vertex 88.0156 86.2507 0
      vertex 89.0896 82.71 0
      vertex 88.9695 82.667 0
    endloop
  endfacet
  facet normal 0 0 -1
    outer loop
      vertex 87.5536 86.0854 0
      vertex 88.9695 82.667 0
      vertex 88.8542 82.6125 0
    endloop
  endfacet
  facet normal 0 0 -1
    outer loop
      vertex 87.5536 86.0854 0
      vertex 88.8542 82.6125 0
      vertex 88.7448 82.5469 0
    endloop
  endfacet
  facet normal 0 0 -1
    outer loop
      vertex 87.5536 86.0854 0
      vertex 88.7448 82.5469 0
      vertex 88.6423 82.4709 0
    endloop
  endfacet
  facet normal 0 0 -1
    outer loop
      vertex 87.5536 86.0854 0
      vertex 88.6423 82.4709 0
      vertex 88.5478 82.3852 0
    endloop
  endfacet
  facet normal 0 0 -1
    outer loop
      vertex 89.2134 82.741 0
      vertex 88.4915 86.3699 0
      vertex 88.9769 86.4419 0
    endloop
  endfacet
  facet normal 0 0 -1
    outer loop
      vertex 87.5536 86.0854 0
      vertex 88.5478 82.3852 0
      vertex 88.4621 82.2907 0
    endloop
  endfacet
  facet normal 0 0 -1
    outer loop
      vertex 87.5536 86.0854 0
      vertex 88.4621 82.2907 0
      vertex 88.3861 82.1882 0
    endloop
  endfacet
  facet normal 0 0 -1
    outer loop
      vertex 87.5536 86.0854 0
      vertex 88.3861 82.1882 0
      vertex 88.3205 82.0788 0
    endloop
  endfacet
  facet normal 0 0 -1
    outer loop
      vertex 87.5536 86.0854 0
      vertex 88.3205 82.0788 0
      vertex 88.266 81.9635 0
    endloop
  endfacet
  facet normal 0 0 -1
    outer loop
      vertex 87.5536 86.0854 0
      vertex 88.266 81.9635 0
      vertex 88.223 81.8434 0
    endloop
  endfacet
  facet normal 0 0 -1
    outer loop
      vertex 87.5536 86.0854 0
      vertex 88.223 81.8434 0
      vertex 88.192 81.7196 0
    endloop
  endfacet
  facet normal 0 0 -1
    outer loop
      vertex 87.5536 86.0854 0
      vertex 88.192 81.7196 0
      vertex 88.1733 81.5934 0
    endloop
  endfacet
  facet normal 0 0 -1
    outer loop
      vertex 89.0896 82.71 0
      vertex 88.0156 86.2507 0
      vertex 88.4915 86.3699 0
    endloop
  endfacet
  facet normal 0 0 -1
    outer loop
      vertex 85.9315 85.0015 0
      vertex 88.1733 81.5934 0
      vertex 88.167 81.466 0
    endloop
  endfacet
  facet normal 0 0 -1
    outer loop
      vertex -0.664459 -7.73552 0
      vertex -2.90626 -4.32742 0
      vertex -2.9 -4.2 0
    endloop
  endfacet
  facet normal 0 0 -1
    outer loop
      vertex -2.28658 -8.8194 0
      vertex -2.92498 -4.45362 0
      vertex -2.90626 -4.32742 0
    endloop
  endfacet
  facet normal 0 0 -1
    outer loop
      vertex -2.28658 -8.8194 0
      vertex -2.95598 -4.57737 0
      vertex -2.92498 -4.45362 0
    endloop
  endfacet
  facet normal 0 0 -1
    outer loop
      vertex -2.28658 -8.8194 0
      vertex -2.99896 -4.69749 0
      vertex -2.95598 -4.57737 0
    endloop
  endfacet
  facet normal 0 0 -1
    outer loop
      vertex -2.28658 -8.8194 0
      vertex -3.0535 -4.81282 0
      vertex -2.99896 -4.69749 0
    endloop
  endfacet
  facet normal 0 0 -1
    outer loop
      vertex -2.28658 -8.8194 0
      vertex -3.11909 -4.92224 0
      vertex -3.0535 -4.81282 0
    endloop
  endfacet
  facet normal 0 0 -1
    outer loop
      vertex -2.28658 -8.8194 0
      vertex -3.19509 -5.02471 0
      vertex -3.11909 -4.92224 0
    endloop
  endfacet
  facet normal 0 0 -1
    outer loop
      vertex -3.82263 -5.44402 0
      vertex -2.74857 -8.9847 0
      vertex -3.22455 -9.10391 0
    endloop
  endfacet
  facet normal 0 0 -1
    outer loop
      vertex -2.28658 -8.8194 0
      vertex -3.28076 -5.11924 0
      vertex -3.19509 -5.02471 0
    endloop
  endfacet
  facet normal 0 0 -1
    outer loop
      vertex -2.28658 -8.8194 0
      vertex -3.37529 -5.20491 0
      vertex -3.28076 -5.11924 0
    endloop
  endfacet
  facet normal 0 0 -1
    outer loop
      vertex -2.28658 -8.8194 0
      vertex -3.47776 -5.28091 0
      vertex -3.37529 -5.20491 0
    endloop
  endfacet
  facet normal 0 0 -1
    outer loop
      vertex -2.28658 -8.8194 0
      vertex -3.58718 -5.3465 0
      vertex -3.47776 -5.28091 0
    endloop
  endfacet
  facet normal 0 0 -1
    outer loop
      vertex -2.28658 -8.8194 0
      vertex -3.70251 -5.40104 0
      vertex -3.58718 -5.3465 0
    endloop
  endfacet
  facet normal 0 0 -1
    outer loop
      vertex -3.94638 -5.47502 0
      vertex -3.22455 -9.10391 0
      vertex -3.7099 -9.17592 0
    endloop
  endfacet
  facet normal 0 0 -1
    outer loop
      vertex -2.74857 -8.9847 0
      vertex -3.82263 -5.44402 0
      vertex -3.70251 -5.40104 0
    endloop
  endfacet
  facet normal 0 0 -1
    outer loop
      vertex -3.22455 -9.10391 0
      vertex -3.94638 -5.47502 0
      vertex -3.82263 -5.44402 0
    endloop
  endfacet
  facet normal 0 0 -1
    outer loop
      vertex -3.7099 -9.17592 0
      vertex -4.07258 -5.49374 0
      vertex -3.94638 -5.47502 0
    endloop
  endfacet
  facet normal 0 0 -1
    outer loop
      vertex -4.2 -9.2 0
      vertex -4.07258 -5.49374 0
      vertex -3.7099 -9.17592 0
    endloop
  endfacet
  facet normal 0 0 -1
    outer loop
      vertex -4.2 -9.2 0
      vertex -4.2 -5.5 0
      vertex -4.07258 -5.49374 0
    endloop
  endfacet
  facet normal 0 0 -1
    outer loop
      vertex -4.2 -9.2 0
      vertex -4.32742 -5.49374 0
      vertex -4.2 -5.5 0
    endloop
  endfacet
  facet normal 0 0 -1
    outer loop
      vertex -4.69008 -9.17592 0
      vertex -4.32742 -5.49374 0
      vertex -4.2 -9.2 0
    endloop
  endfacet
  facet normal -0 0 -1
    outer loop
      vertex -4.32742 -5.49374 0
      vertex -4.69008 -9.17592 0
      vertex -4.45362 -5.47502 0
    endloop
  endfacet
  facet normal 0 0 -1
    outer loop
      vertex -5.17545 -9.10391 0
      vertex -4.45362 -5.47502 0
      vertex -4.69008 -9.17592 0
    endloop
  endfacet
  facet normal -0 0 -1
    outer loop
      vertex -4.45362 -5.47502 0
      vertex -5.17545 -9.10391 0
      vertex -4.57737 -5.44402 0
    endloop
  endfacet
  facet normal 0 0 -1
    outer loop
      vertex -5.65141 -8.9847 0
      vertex -4.57737 -5.44402 0
      vertex -5.17545 -9.10391 0
    endloop
  endfacet
  facet normal -0 0 -1
    outer loop
      vertex -4.57737 -5.44402 0
      vertex -5.65141 -8.9847 0
      vertex -4.69749 -5.40104 0
    endloop
  endfacet
  facet normal 0 0 -1
    outer loop
      vertex -6.1134 -8.8194 0
      vertex -4.69749 -5.40104 0
      vertex -5.65141 -8.9847 0
    endloop
  endfacet
  facet normal -0 0 -1
    outer loop
      vertex -4.69749 -5.40104 0
      vertex -6.1134 -8.8194 0
      vertex -4.81282 -5.3465 0
    endloop
  endfacet
  facet normal 0 0 -1
    outer loop
      vertex -6.55698 -8.6096 0
      vertex -4.81282 -5.3465 0
      vertex -6.1134 -8.8194 0
    endloop
  endfacet
  facet normal -0 0 -1
    outer loop
      vertex -4.81282 -5.3465 0
      vertex -6.55698 -8.6096 0
      vertex -4.92224 -5.28091 0
    endloop
  endfacet
  facet normal 0 0 -1
    outer loop
      vertex -6.97784 -8.35735 0
      vertex -4.92224 -5.28091 0
      vertex -6.55698 -8.6096 0
    endloop
  endfacet
  facet normal -0 0 -1
    outer loop
      vertex -4.92224 -5.28091 0
      vertex -6.97784 -8.35735 0
      vertex -5.02471 -5.20491 0
    endloop
  endfacet
  facet normal 0 0 -1
    outer loop
      vertex -7.37196 -8.06505 0
      vertex -5.02471 -5.20491 0
      vertex -6.97784 -8.35735 0
    endloop
  endfacet
  facet normal -0 0 -1
    outer loop
      vertex -5.02471 -5.20491 0
      vertex -7.37196 -8.06505 0
      vertex -5.11924 -5.11924 0
    endloop
  endfacet
  facet normal 0 0 -1
    outer loop
      vertex -7.73552 -7.73552 0
      vertex -5.11924 -5.11924 0
      vertex -7.37196 -8.06505 0
    endloop
  endfacet
  facet normal -0 0 -1
    outer loop
      vertex -5.11924 -5.11924 0
      vertex -7.73552 -7.73552 0
      vertex -5.20491 -5.02471 0
    endloop
  endfacet
  facet normal -0 0 -1
    outer loop
      vertex -5.20491 -5.02471 0
      vertex -8.06505 -7.37196 0
      vertex -5.28091 -4.92224 0
    endloop
  endfacet
  facet normal 0 0 -1
    outer loop
      vertex -8.06505 -7.37196 0
      vertex -5.20491 -5.02471 0
      vertex -7.73552 -7.73552 0
    endloop
  endfacet
  facet normal 0 0 -1
    outer loop
      vertex 0 8.28 0
      vertex 6.73245 0.149029 0
      vertex 0.149029 6.73245 0
    endloop
  endfacet
  facet normal 0 0 -1
    outer loop
      vertex -2.90626 -4.07258 0
      vertex 6.73245 0.149029 0
      vertex -0.664459 -7.73552 0
    endloop
  endfacet
  facet normal 0 0 -1
    outer loop
      vertex -2.90626 -4.32742 0
      vertex -0.664459 -7.73552 0
      vertex -1.02803 -8.06505 0
    endloop
  endfacet
  facet normal 0 0 -1
    outer loop
      vertex -2.90626 -4.32742 0
      vertex -1.02803 -8.06505 0
      vertex -1.42213 -8.35735 0
    endloop
  endfacet
  facet normal 0 0 -1
    outer loop
      vertex -2.90626 -4.32742 0
      vertex -1.42213 -8.35735 0
      vertex -1.843 -8.6096 0
    endloop
  endfacet
  facet normal 0 0 -1
    outer loop
      vertex -2.90626 -4.32742 0
      vertex -1.843 -8.6096 0
      vertex -2.28658 -8.8194 0
    endloop
  endfacet
  facet normal 0 0 -1
    outer loop
      vertex -3.70251 -5.40104 0
      vertex -2.28658 -8.8194 0
      vertex -2.74857 -8.9847 0
    endloop
  endfacet
  facet normal 0 0 -1
    outer loop
      vertex -0.664459 -7.73552 0
      vertex -2.9 -4.2 0
      vertex -2.90626 -4.07258 0
    endloop
  endfacet
  facet normal 0 0 -1
    outer loop
      vertex 6.73245 0.149029 0
      vertex -2.90626 -4.07258 0
      vertex -2.92498 -3.94638 0
    endloop
  endfacet
  facet normal 0 0 -1
    outer loop
      vertex 6.73245 0.149029 0
      vertex -2.92498 -3.94638 0
      vertex -2.95598 -3.82263 0
    endloop
  endfacet
  facet normal 0 0 -1
    outer loop
      vertex -2.99896 -3.70251 0
      vertex 6.73245 0.149029 0
      vertex -2.95598 -3.82263 0
    endloop
  endfacet
  facet normal 0 0 -1
    outer loop
      vertex -3.0535 -3.58718 0
      vertex 6.73245 0.149029 0
      vertex -2.99896 -3.70251 0
    endloop
  endfacet
  facet normal 0 0 -1
    outer loop
      vertex -3.11909 -3.47776 0
      vertex 6.73245 0.149029 0
      vertex -3.0535 -3.58718 0
    endloop
  endfacet
  facet normal 0 0 -1
    outer loop
      vertex -3.19509 -3.37529 0
      vertex 6.73245 0.149029 0
      vertex -3.11909 -3.47776 0
    endloop
  endfacet
  facet normal 0 0 -1
    outer loop
      vertex -3.28076 -3.28076 0
      vertex 6.73245 0.149029 0
      vertex -3.19509 -3.37529 0
    endloop
  endfacet
  facet normal -0 0 -1
    outer loop
      vertex 6.73245 0.149029 0
      vertex -3.28076 -3.28076 0
      vertex 0.149029 6.73245 0
    endloop
  endfacet
  facet normal 0 0 -1
    outer loop
      vertex -3.37529 -3.19509 0
      vertex 0.149029 6.73245 0
      vertex -3.28076 -3.28076 0
    endloop
  endfacet
  facet normal 0 0 -1
    outer loop
      vertex -3.47776 -3.11909 0
      vertex 0.149029 6.73245 0
      vertex -3.37529 -3.19509 0
    endloop
  endfacet
  facet normal 0 0 -1
    outer loop
      vertex -3.58718 -3.0535 0
      vertex 0.149029 6.73245 0
      vertex -3.47776 -3.11909 0
    endloop
  endfacet
  facet normal 0 0 -1
    outer loop
      vertex -3.70251 -2.99896 0
      vertex 0.149029 6.73245 0
      vertex -3.58718 -3.0535 0
    endloop
  endfacet
  facet normal 0 0 -1
    outer loop
      vertex -3.82263 -2.95598 0
      vertex 0.149029 6.73245 0
      vertex -3.70251 -2.99896 0
    endloop
  endfacet
  facet normal 0 0 -1
    outer loop
      vertex -3.94638 -2.92498 0
      vertex 0.149029 6.73245 0
      vertex -3.82263 -2.95598 0
    endloop
  endfacet
  facet normal 0 0 -1
    outer loop
      vertex -4.07258 -2.90626 0
      vertex 0.149029 6.73245 0
      vertex -3.94638 -2.92498 0
    endloop
  endfacet
  facet normal 0 0 -1
    outer loop
      vertex -7.73552 -0.664459 0
      vertex -4.07258 -2.90626 0
      vertex -4.2 -2.9 0
    endloop
  endfacet
  facet normal 0 0 -1
    outer loop
      vertex -7.73552 -0.664459 0
      vertex -4.2 -2.9 0
      vertex -4.32742 -2.90626 0
    endloop
  endfacet
  facet normal 0 0 -1
    outer loop
      vertex -7.73552 -0.664459 0
      vertex -4.32742 -2.90626 0
      vertex -4.45362 -2.92498 0
    endloop
  endfacet
  facet normal 0 0 -1
    outer loop
      vertex -7.73552 -0.664459 0
      vertex -4.45362 -2.92498 0
      vertex -4.57737 -2.95598 0
    endloop
  endfacet
  facet normal 0 0 -1
    outer loop
      vertex -7.73552 -0.664459 0
      vertex -4.57737 -2.95598 0
      vertex -4.69749 -2.99896 0
    endloop
  endfacet
  facet normal 0 0 -1
    outer loop
      vertex -7.73552 -0.664459 0
      vertex -4.69749 -2.99896 0
      vertex -4.81282 -3.0535 0
    endloop
  endfacet
  facet normal 0 0 -1
    outer loop
      vertex -7.73552 -0.664459 0
      vertex -4.81282 -3.0535 0
      vertex -4.92224 -3.11909 0
    endloop
  endfacet
  facet normal 0 0 -1
    outer loop
      vertex -7.73552 -0.664459 0
      vertex -4.92224 -3.11909 0
      vertex -5.02471 -3.19509 0
    endloop
  endfacet
  facet normal 0 0 -1
    outer loop
      vertex -7.73552 -0.664459 0
      vertex -5.02471 -3.19509 0
      vertex -5.11924 -3.28076 0
    endloop
  endfacet
  facet normal 0 0 -1
    outer loop
      vertex -7.73552 -0.664459 0
      vertex -5.11924 -3.28076 0
      vertex -5.20491 -3.37529 0
    endloop
  endfacet
  facet normal 0 0 -1
    outer loop
      vertex -8.06505 -1.02803 0
      vertex -5.20491 -3.37529 0
      vertex -5.28091 -3.47776 0
    endloop
  endfacet
  facet normal 0 0 -1
    outer loop
      vertex -8.35735 -1.42213 0
      vertex -5.28091 -3.47776 0
      vertex -5.3465 -3.58718 0
    endloop
  endfacet
  facet normal 0 0 -1
    outer loop
      vertex -8.35735 -6.97784 0
      vertex -5.28091 -4.92224 0
      vertex -8.06505 -7.37196 0
    endloop
  endfacet
  facet normal -0 0 -1
    outer loop
      vertex -5.28091 -4.92224 0
      vertex -8.35735 -6.97784 0
      vertex -5.3465 -4.81282 0
    endloop
  endfacet
  facet normal 0 0 -1
    outer loop
      vertex -8.6096 -6.55698 0
      vertex -5.3465 -4.81282 0
      vertex -8.35735 -6.97784 0
    endloop
  endfacet
  facet normal -0 0 -1
    outer loop
      vertex -5.3465 -4.81282 0
      vertex -8.6096 -6.55698 0
      vertex -5.40104 -4.69749 0
    endloop
  endfacet
  facet normal 0 0 -1
    outer loop
      vertex -8.8194 -6.1134 0
      vertex -5.40104 -4.69749 0
      vertex -8.6096 -6.55698 0
    endloop
  endfacet
  facet normal -0 0 -1
    outer loop
      vertex -5.40104 -4.69749 0
      vertex -8.8194 -6.1134 0
      vertex -5.44402 -4.57737 0
    endloop
  endfacet
  facet normal 0 0 -1
    outer loop
      vertex -8.9847 -5.65141 0
      vertex -5.44402 -4.57737 0
      vertex -8.8194 -6.1134 0
    endloop
  endfacet
  facet normal -0 0 -1
    outer loop
      vertex -5.44402 -4.57737 0
      vertex -8.9847 -5.65141 0
      vertex -5.47502 -4.45362 0
    endloop
  endfacet
  facet normal 0 0 -1
    outer loop
      vertex -9.10391 -5.17545 0
      vertex -5.47502 -4.45362 0
      vertex -8.9847 -5.65141 0
    endloop
  endfacet
  facet normal -0 0 -1
    outer loop
      vertex -5.47502 -4.45362 0
      vertex -9.10391 -5.17545 0
      vertex -5.49374 -4.32742 0
    endloop
  endfacet
  facet normal 0 0 -1
    outer loop
      vertex -9.17592 -4.69008 0
      vertex -5.49374 -4.32742 0
      vertex -9.10391 -5.17545 0
    endloop
  endfacet
  facet normal 0 0 -1
    outer loop
      vertex -4.07258 -2.90626 0
      vertex -7.73552 -0.664459 0
      vertex 0.149029 6.73245 0
    endloop
  endfacet
  facet normal -0 0 -1
    outer loop
      vertex -5.49374 -4.32742 0
      vertex -9.17592 -4.69008 0
      vertex -5.5 -4.2 0
    endloop
  endfacet
  facet normal 0 0 -1
    outer loop
      vertex -5.20491 -3.37529 0
      vertex -8.06505 -1.02803 0
      vertex -7.73552 -0.664459 0
    endloop
  endfacet
  facet normal 0 0 -1
    outer loop
      vertex -9.2 -4.2 0
      vertex -5.5 -4.2 0
      vertex -9.17592 -4.69008 0
    endloop
  endfacet
  facet normal 0 0 -1
    outer loop
      vertex -5.28091 -3.47776 0
      vertex -8.35735 -1.42213 0
      vertex -8.06505 -1.02803 0
    endloop
  endfacet
  facet normal 0 0 -1
    outer loop
      vertex -5.5 -4.2 0
      vertex -9.2 -4.2 0
      vertex -5.49374 -4.07258 0
    endloop
  endfacet
  facet normal 0 0 -1
    outer loop
      vertex -5.3465 -3.58718 0
      vertex -8.6096 -1.843 0
      vertex -8.35735 -1.42213 0
    endloop
  endfacet
  facet normal 0 -0 -1
    outer loop
      vertex -9.17592 -3.7099 0
      vertex -5.49374 -4.07258 0
      vertex -9.2 -4.2 0
    endloop
  endfacet
  facet normal 0 0 -1
    outer loop
      vertex -5.3465 -3.58718 0
      vertex -8.8194 -2.28658 0
      vertex -8.6096 -1.843 0
    endloop
  endfacet
  facet normal 0 0 -1
    outer loop
      vertex -5.49374 -4.07258 0
      vertex -9.17592 -3.7099 0
      vertex -5.47502 -3.94638 0
    endloop
  endfacet
  facet normal 0 0 -1
    outer loop
      vertex -5.40104 -3.70251 0
      vertex -8.8194 -2.28658 0
      vertex -5.3465 -3.58718 0
    endloop
  endfacet
  facet normal 0 -0 -1
    outer loop
      vertex -9.10391 -3.22455 0
      vertex -5.47502 -3.94638 0
      vertex -9.17592 -3.7099 0
    endloop
  endfacet
  facet normal 0 -0 -1
    outer loop
      vertex -8.8194 -2.28658 0
      vertex -5.40104 -3.70251 0
      vertex -8.9847 -2.74857 0
    endloop
  endfacet
  facet normal 0 0 -1
    outer loop
      vertex -5.47502 -3.94638 0
      vertex -9.10391 -3.22455 0
      vertex -5.44402 -3.82263 0
    endloop
  endfacet
  facet normal 0 0 -1
    outer loop
      vertex -5.44402 -3.82263 0
      vertex -8.9847 -2.74857 0
      vertex -5.40104 -3.70251 0
    endloop
  endfacet
  facet normal 0 -0 -1
    outer loop
      vertex -8.9847 -2.74857 0
      vertex -5.44402 -3.82263 0
      vertex -9.10391 -3.22455 0
    endloop
  endfacet
  facet normal 0 0 -1
    outer loop
      vertex 0 8.28 0
      vertex 0.149029 6.73245 0
      vertex 0.039856 7.46841 0
    endloop
  endfacet
  facet normal 0 0 -1
    outer loop
      vertex 8.28 77.266 0
      vertex 0 8.28 0
      vertex 0 68.986 0
    endloop
  endfacet
  facet normal 0 0 -1
    outer loop
      vertex 6.73247 77.117 0
      vertex 0 68.986 0
      vertex 0.14903 70.5335 0
    endloop
  endfacet
  facet normal 0 0 -1
    outer loop
      vertex 0.14903 70.5335 0
      vertex 0 68.986 0
      vertex 0.039856 69.7976 0
    endloop
  endfacet
  facet normal 0 0 -1
    outer loop
      vertex -3.11909 82.1882 0
      vertex -0.664459 85.0015 0
      vertex -3.0535 82.0788 0
    endloop
  endfacet
  facet normal 0 0 -1
    outer loop
      vertex -3.19509 82.2907 0
      vertex -0.664459 85.0015 0
      vertex -3.11909 82.1882 0
    endloop
  endfacet
  facet normal 0 0 -1
    outer loop
      vertex -3.28076 82.3852 0
      vertex -0.664459 85.0015 0
      vertex -3.19509 82.2907 0
    endloop
  endfacet
  facet normal -0 0 -1
    outer loop
      vertex -0.664459 85.0015 0
      vertex -3.28076 82.3852 0
      vertex -1.02803 85.331 0
    endloop
  endfacet
  facet normal 0 0 -1
    outer loop
      vertex -3.37529 82.4709 0
      vertex -1.02803 85.331 0
      vertex -3.28076 82.3852 0
    endloop
  endfacet
  facet normal -0 0 -1
    outer loop
      vertex -1.02803 85.331 0
      vertex -3.37529 82.4709 0
      vertex -1.42213 85.6233 0
    endloop
  endfacet
  facet normal 0 0 -1
    outer loop
      vertex -3.47776 82.5469 0
      vertex -1.42213 85.6233 0
      vertex -3.37529 82.4709 0
    endloop
  endfacet
  facet normal -0 0 -1
    outer loop
      vertex -1.42213 85.6233 0
      vertex -3.47776 82.5469 0
      vertex -1.843 85.8756 0
    endloop
  endfacet
  facet normal 0 0 -1
    outer loop
      vertex -3.58718 82.6125 0
      vertex -1.843 85.8756 0
      vertex -3.47776 82.5469 0
    endloop
  endfacet
  facet normal -0 0 -1
    outer loop
      vertex -1.843 85.8756 0
      vertex -3.58718 82.6125 0
      vertex -2.28658 86.0854 0
    endloop
  endfacet
  facet normal 0 0 -1
    outer loop
      vertex -3.70251 82.667 0
      vertex -2.28658 86.0854 0
      vertex -3.58718 82.6125 0
    endloop
  endfacet
  facet normal -0 0 -1
    outer loop
      vertex -2.28658 86.0854 0
      vertex -3.70251 82.667 0
      vertex -2.74857 86.2507 0
    endloop
  endfacet
  facet normal 0 0 -1
    outer loop
      vertex -3.82263 82.71 0
      vertex -2.74857 86.2507 0
      vertex -3.70251 82.667 0
    endloop
  endfacet
  facet normal -0 0 -1
    outer loop
      vertex -2.74857 86.2507 0
      vertex -3.82263 82.71 0
      vertex -3.22455 86.3699 0
    endloop
  endfacet
  facet normal 0 0 -1
    outer loop
      vertex -3.94638 82.741 0
      vertex -3.22455 86.3699 0
      vertex -3.82263 82.71 0
    endloop
  endfacet
  facet normal -0 0 -1
    outer loop
      vertex -3.22455 86.3699 0
      vertex -3.94638 82.741 0
      vertex -3.7099 86.4419 0
    endloop
  endfacet
  facet normal 0 0 -1
    outer loop
      vertex -4.07258 82.7597 0
      vertex -3.7099 86.4419 0
      vertex -3.94638 82.741 0
    endloop
  endfacet
  facet normal 0 0 -1
    outer loop
      vertex -4.07258 82.7597 0
      vertex -4.2 86.466 0
      vertex -3.7099 86.4419 0
    endloop
  endfacet
  facet normal 0 0 -1
    outer loop
      vertex -4.2 82.766 0
      vertex -4.2 86.466 0
      vertex -4.07258 82.7597 0
    endloop
  endfacet
  facet normal 0 0 -1
    outer loop
      vertex -4.32742 82.7597 0
      vertex -4.2 86.466 0
      vertex -4.2 82.766 0
    endloop
  endfacet
  facet normal 0 0 -1
    outer loop
      vertex -4.69008 86.4419 0
      vertex -4.32742 82.7597 0
      vertex -4.45362 82.741 0
    endloop
  endfacet
  facet normal 0 0 -1
    outer loop
      vertex -5.17545 86.3699 0
      vertex -4.45362 82.741 0
      vertex -4.57737 82.71 0
    endloop
  endfacet
  facet normal 0 0 -1
    outer loop
      vertex -4.32742 82.7597 0
      vertex -4.69008 86.4419 0
      vertex -4.2 86.466 0
    endloop
  endfacet
  facet normal 0 0 -1
    outer loop
      vertex -5.65141 86.2507 0
      vertex -4.57737 82.71 0
      vertex -4.69749 82.667 0
    endloop
  endfacet
  facet normal 0 0 -1
    outer loop
      vertex -6.1134 86.0854 0
      vertex -4.69749 82.667 0
      vertex -4.81282 82.6125 0
    endloop
  endfacet
  facet normal 0 0 -1
    outer loop
      vertex -6.1134 86.0854 0
      vertex -4.81282 82.6125 0
      vertex -4.92224 82.5469 0
    endloop
  endfacet
  facet normal 0 0 -1
    outer loop
      vertex -6.1134 86.0854 0
      vertex -4.92224 82.5469 0
      vertex -5.02471 82.4709 0
    endloop
  endfacet
  facet normal 0 0 -1
    outer loop
      vertex -6.1134 86.0854 0
      vertex -5.02471 82.4709 0
      vertex -5.11924 82.3852 0
    endloop
  endfacet
  facet normal 0 0 -1
    outer loop
      vertex -4.45362 82.741 0
      vertex -5.17545 86.3699 0
      vertex -4.69008 86.4419 0
    endloop
  endfacet
  facet normal 0 0 -1
    outer loop
      vertex -6.1134 86.0854 0
      vertex -5.11924 82.3852 0
      vertex -5.20491 82.2907 0
    endloop
  endfacet
  facet normal 0 0 -1
    outer loop
      vertex -6.1134 86.0854 0
      vertex -5.20491 82.2907 0
      vertex -5.28091 82.1882 0
    endloop
  endfacet
  facet normal 0 0 -1
    outer loop
      vertex -6.1134 86.0854 0
      vertex -5.28091 82.1882 0
      vertex -5.3465 82.0788 0
    endloop
  endfacet
  facet normal 0 0 -1
    outer loop
      vertex -6.1134 86.0854 0
      vertex -5.3465 82.0788 0
      vertex -5.40104 81.9635 0
    endloop
  endfacet
  facet normal 0 0 -1
    outer loop
      vertex -6.1134 86.0854 0
      vertex -5.40104 81.9635 0
      vertex -5.44402 81.8434 0
    endloop
  endfacet
  facet normal 0 0 -1
    outer loop
      vertex -6.1134 86.0854 0
      vertex -5.44402 81.8434 0
      vertex -5.47502 81.7196 0
    endloop
  endfacet
  facet normal 0 0 -1
    outer loop
      vertex -6.1134 86.0854 0
      vertex -5.47502 81.7196 0
      vertex -5.49374 81.5934 0
    endloop
  endfacet
  facet normal 0 0 -1
    outer loop
      vertex -4.57737 82.71 0
      vertex -5.65141 86.2507 0
      vertex -5.17545 86.3699 0
    endloop
  endfacet
  facet normal 0 0 -1
    outer loop
      vertex -9.17592 81.9561 0
      vertex -5.49374 81.5934 0
      vertex -5.5 81.466 0
    endloop
  endfacet
  facet normal 0 0 -1
    outer loop
      vertex 94.4429 -4.69008 0
      vertex 90.7607 -4.32742 0
      vertex 90.767 -4.2 0
    endloop
  endfacet
  facet normal 0 0 -1
    outer loop
      vertex 91.3804 -8.8194 0
      vertex 90.742 -4.45362 0
      vertex 90.7607 -4.32742 0
    endloop
  endfacet
  facet normal 0 0 -1
    outer loop
      vertex 91.3804 -8.8194 0
      vertex 90.711 -4.57737 0
      vertex 90.742 -4.45362 0
    endloop
  endfacet
  facet normal 0 0 -1
    outer loop
      vertex 91.3804 -8.8194 0
      vertex 90.668 -4.69749 0
      vertex 90.711 -4.57737 0
    endloop
  endfacet
  facet normal 0 0 -1
    outer loop
      vertex 91.3804 -8.8194 0
      vertex 90.6135 -4.81282 0
      vertex 90.668 -4.69749 0
    endloop
  endfacet
  facet normal 0 0 -1
    outer loop
      vertex 91.3804 -8.8194 0
      vertex 90.5479 -4.92224 0
      vertex 90.6135 -4.81282 0
    endloop
  endfacet
  facet normal 0 0 -1
    outer loop
      vertex 91.3804 -8.8194 0
      vertex 90.4719 -5.02471 0
      vertex 90.5479 -4.92224 0
    endloop
  endfacet
  facet normal 0 0 -1
    outer loop
      vertex 89.8444 -5.44402 0
      vertex 90.9184 -8.9847 0
      vertex 90.4424 -9.10391 0
    endloop
  endfacet
  facet normal 0 0 -1
    outer loop
      vertex 91.3804 -8.8194 0
      vertex 90.3862 -5.11924 0
      vertex 90.4719 -5.02471 0
    endloop
  endfacet
  facet normal 0 0 -1
    outer loop
      vertex 91.3804 -8.8194 0
      vertex 90.2917 -5.20491 0
      vertex 90.3862 -5.11924 0
    endloop
  endfacet
  facet normal 0 0 -1
    outer loop
      vertex 91.3804 -8.8194 0
      vertex 90.1892 -5.28091 0
      vertex 90.2917 -5.20491 0
    endloop
  endfacet
  facet normal 0 0 -1
    outer loop
      vertex 91.3804 -8.8194 0
      vertex 90.0798 -5.3465 0
      vertex 90.1892 -5.28091 0
    endloop
  endfacet
  facet normal 0 0 -1
    outer loop
      vertex 91.3804 -8.8194 0
      vertex 89.9645 -5.40104 0
      vertex 90.0798 -5.3465 0
    endloop
  endfacet
  facet normal 0 0 -1
    outer loop
      vertex 89.7206 -5.47502 0
      vertex 90.4424 -9.10391 0
      vertex 89.9571 -9.17592 0
    endloop
  endfacet
  facet normal 0 0 -1
    outer loop
      vertex 90.9184 -8.9847 0
      vertex 89.8444 -5.44402 0
      vertex 89.9645 -5.40104 0
    endloop
  endfacet
  facet normal 0 0 -1
    outer loop
      vertex 90.4424 -9.10391 0
      vertex 89.7206 -5.47502 0
      vertex 89.8444 -5.44402 0
    endloop
  endfacet
  facet normal 0 0 -1
    outer loop
      vertex 89.9571 -9.17592 0
      vertex 89.5944 -5.49374 0
      vertex 89.7206 -5.47502 0
    endloop
  endfacet
  facet normal 0 0 -1
    outer loop
      vertex 89.467 -9.2 0
      vertex 89.5944 -5.49374 0
      vertex 89.9571 -9.17592 0
    endloop
  endfacet
  facet normal 0 0 -1
    outer loop
      vertex 89.467 -9.2 0
      vertex 89.467 -5.5 0
      vertex 89.5944 -5.49374 0
    endloop
  endfacet
  facet normal 0 0 -1
    outer loop
      vertex 89.467 -9.2 0
      vertex 89.3396 -5.49374 0
      vertex 89.467 -5.5 0
    endloop
  endfacet
  facet normal 0 0 -1
    outer loop
      vertex 88.9769 -9.17592 0
      vertex 89.3396 -5.49374 0
      vertex 89.467 -9.2 0
    endloop
  endfacet
  facet normal -0 0 -1
    outer loop
      vertex 89.3396 -5.49374 0
      vertex 88.9769 -9.17592 0
      vertex 89.2134 -5.47502 0
    endloop
  endfacet
  facet normal 0 0 -1
    outer loop
      vertex 88.4915 -9.10391 0
      vertex 89.2134 -5.47502 0
      vertex 88.9769 -9.17592 0
    endloop
  endfacet
  facet normal -0 0 -1
    outer loop
      vertex 89.2134 -5.47502 0
      vertex 88.4915 -9.10391 0
      vertex 89.0896 -5.44402 0
    endloop
  endfacet
  facet normal 0 0 -1
    outer loop
      vertex 88.0156 -8.9847 0
      vertex 89.0896 -5.44402 0
      vertex 88.4915 -9.10391 0
    endloop
  endfacet
  facet normal -0 0 -1
    outer loop
      vertex 89.0896 -5.44402 0
      vertex 88.0156 -8.9847 0
      vertex 88.9695 -5.40104 0
    endloop
  endfacet
  facet normal 0 0 -1
    outer loop
      vertex 87.5536 -8.8194 0
      vertex 88.9695 -5.40104 0
      vertex 88.0156 -8.9847 0
    endloop
  endfacet
  facet normal -0 0 -1
    outer loop
      vertex 88.9695 -5.40104 0
      vertex 87.5536 -8.8194 0
      vertex 88.8542 -5.3465 0
    endloop
  endfacet
  facet normal 0 0 -1
    outer loop
      vertex 87.11 -8.6096 0
      vertex 88.8542 -5.3465 0
      vertex 87.5536 -8.8194 0
    endloop
  endfacet
  facet normal -0 0 -1
    outer loop
      vertex 88.8542 -5.3465 0
      vertex 87.11 -8.6096 0
      vertex 88.7448 -5.28091 0
    endloop
  endfacet
  facet normal 0 0 -1
    outer loop
      vertex 86.6891 -8.35735 0
      vertex 88.7448 -5.28091 0
      vertex 87.11 -8.6096 0
    endloop
  endfacet
  facet normal -0 0 -1
    outer loop
      vertex 88.7448 -5.28091 0
      vertex 86.6891 -8.35735 0
      vertex 88.6423 -5.20491 0
    endloop
  endfacet
  facet normal 0 0 -1
    outer loop
      vertex 86.295 -8.06505 0
      vertex 88.6423 -5.20491 0
      vertex 86.6891 -8.35735 0
    endloop
  endfacet
  facet normal -0 0 -1
    outer loop
      vertex 88.6423 -5.20491 0
      vertex 86.295 -8.06505 0
      vertex 88.5478 -5.11924 0
    endloop
  endfacet
  facet normal 0 0 -1
    outer loop
      vertex 85.9315 -7.73552 0
      vertex 88.5478 -5.11924 0
      vertex 86.295 -8.06505 0
    endloop
  endfacet
  facet normal -0 0 -1
    outer loop
      vertex 88.5478 -5.11924 0
      vertex 85.9315 -7.73552 0
      vertex 88.4621 -5.02471 0
    endloop
  endfacet
  facet normal -0 0 -1
    outer loop
      vertex 88.3861 -4.92224 0
      vertex 85.9315 -7.73552 0
      vertex 88.3205 -4.81282 0
    endloop
  endfacet
  facet normal -0 0 -1
    outer loop
      vertex 88.4621 -5.02471 0
      vertex 85.9315 -7.73552 0
      vertex 88.3861 -4.92224 0
    endloop
  endfacet
  facet normal 0 0 -1
    outer loop
      vertex 90.767 -4.2 0
      vertex 94.467 -4.2 0
      vertex 94.4429 -4.69008 0
    endloop
  endfacet
  facet normal 0 0 -1
    outer loop
      vertex 90.7607 -4.32742 0
      vertex 94.4429 -4.69008 0
      vertex 94.3709 -5.17545 0
    endloop
  endfacet
  facet normal 0 0 -1
    outer loop
      vertex 94.467 -4.2 0
      vertex 90.767 -4.2 0
      vertex 94.4429 -3.7099 0
    endloop
  endfacet
  facet normal 0 0 -1
    outer loop
      vertex 90.7607 -4.32742 0
      vertex 94.3709 -5.17545 0
      vertex 94.2517 -5.65141 0
    endloop
  endfacet
  facet normal 0 0 -1
    outer loop
      vertex 90.7607 -4.07258 0
      vertex 94.4429 -3.7099 0
      vertex 90.767 -4.2 0
    endloop
  endfacet
  facet normal 0 0 -1
    outer loop
      vertex 90.7607 -4.32742 0
      vertex 94.2517 -5.65141 0
      vertex 94.0864 -6.1134 0
    endloop
  endfacet
  facet normal -0 0 -1
    outer loop
      vertex 94.4429 -3.7099 0
      vertex 90.7607 -4.07258 0
      vertex 94.3709 -3.22455 0
    endloop
  endfacet
  facet normal 0 0 -1
    outer loop
      vertex 90.7607 -4.32742 0
      vertex 94.0864 -6.1134 0
      vertex 93.8766 -6.55698 0
    endloop
  endfacet
  facet normal 0 0 -1
    outer loop
      vertex 90.742 -3.94638 0
      vertex 94.3709 -3.22455 0
      vertex 90.7607 -4.07258 0
    endloop
  endfacet
  facet normal 0 0 -1
    outer loop
      vertex 90.7607 -4.32742 0
      vertex 93.8766 -6.55698 0
      vertex 93.6243 -6.97784 0
    endloop
  endfacet
  facet normal -0 0 -1
    outer loop
      vertex 94.3709 -3.22455 0
      vertex 90.742 -3.94638 0
      vertex 94.2517 -2.74857 0
    endloop
  endfacet
  facet normal 0 0 -1
    outer loop
      vertex 90.7607 -4.32742 0
      vertex 93.6243 -6.97784 0
      vertex 93.332 -7.37196 0
    endloop
  endfacet
  facet normal 0 0 -1
    outer loop
      vertex 90.711 -3.82263 0
      vertex 94.2517 -2.74857 0
      vertex 90.742 -3.94638 0
    endloop
  endfacet
  facet normal 0 0 -1
    outer loop
      vertex 90.7607 -4.32742 0
      vertex 93.332 -7.37196 0
      vertex 93.0025 -7.73552 0
    endloop
  endfacet
  facet normal -0 0 -1
    outer loop
      vertex 94.2517 -2.74857 0
      vertex 90.711 -3.82263 0
      vertex 94.0864 -2.28658 0
    endloop
  endfacet
  facet normal 0 0 -1
    outer loop
      vertex 90.7607 -4.32742 0
      vertex 93.0025 -7.73552 0
      vertex 92.639 -8.06505 0
    endloop
  endfacet
  facet normal 0 0 -1
    outer loop
      vertex 90.7607 -4.32742 0
      vertex 92.639 -8.06505 0
      vertex 92.2448 -8.35735 0
    endloop
  endfacet
  facet normal 0 0 -1
    outer loop
      vertex 90.7607 -4.32742 0
      vertex 92.2448 -8.35735 0
      vertex 91.824 -8.6096 0
    endloop
  endfacet
  facet normal 0 0 -1
    outer loop
      vertex 90.7607 -4.32742 0
      vertex 91.824 -8.6096 0
      vertex 91.3804 -8.8194 0
    endloop
  endfacet
  facet normal 0 0 -1
    outer loop
      vertex 89.9645 -5.40104 0
      vertex 91.3804 -8.8194 0
      vertex 90.9184 -8.9847 0
    endloop
  endfacet
  facet normal 0 0 -1
    outer loop
      vertex 90.668 -3.70251 0
      vertex 94.0864 -2.28658 0
      vertex 90.711 -3.82263 0
    endloop
  endfacet
  facet normal -0 0 -1
    outer loop
      vertex 94.0864 -2.28658 0
      vertex 90.668 -3.70251 0
      vertex 93.8766 -1.843 0
    endloop
  endfacet
  facet normal 0 0 -1
    outer loop
      vertex 90.6135 -3.58718 0
      vertex 93.8766 -1.843 0
      vertex 90.668 -3.70251 0
    endloop
  endfacet
  facet normal -0 0 -1
    outer loop
      vertex 93.8766 -1.843 0
      vertex 90.6135 -3.58718 0
      vertex 93.6243 -1.42213 0
    endloop
  endfacet
  facet normal 0 0 -1
    outer loop
      vertex 90.5479 -3.47776 0
      vertex 93.6243 -1.42213 0
      vertex 90.6135 -3.58718 0
    endloop
  endfacet
  facet normal -0 0 -1
    outer loop
      vertex 93.6243 -1.42213 0
      vertex 90.5479 -3.47776 0
      vertex 93.332 -1.02803 0
    endloop
  endfacet
  facet normal 0 0 -1
    outer loop
      vertex 90.4719 -3.37529 0
      vertex 93.332 -1.02803 0
      vertex 90.5479 -3.47776 0
    endloop
  endfacet
  facet normal -0 0 -1
    outer loop
      vertex 93.332 -1.02803 0
      vertex 90.4719 -3.37529 0
      vertex 93.0025 -0.664459 0
    endloop
  endfacet
  facet normal 0 0 -1
    outer loop
      vertex 90.3862 -3.28076 0
      vertex 93.0025 -0.664459 0
      vertex 90.4719 -3.37529 0
    endloop
  endfacet
  facet normal 0 0 -1
    outer loop
      vertex 90.2917 -3.19509 0
      vertex 93.0025 -0.664459 0
      vertex 90.3862 -3.28076 0
    endloop
  endfacet
  facet normal 0 0 -1
    outer loop
      vertex 90.1892 -3.11909 0
      vertex 93.0025 -0.664459 0
      vertex 90.2917 -3.19509 0
    endloop
  endfacet
  facet normal 0 0 -1
    outer loop
      vertex 90.0798 -3.0535 0
      vertex 93.0025 -0.664459 0
      vertex 90.1892 -3.11909 0
    endloop
  endfacet
  facet normal 0 0 -1
    outer loop
      vertex 89.9645 -2.99896 0
      vertex 93.0025 -0.664459 0
      vertex 90.0798 -3.0535 0
    endloop
  endfacet
  facet normal 0 0 -1
    outer loop
      vertex 89.8444 -2.95598 0
      vertex 93.0025 -0.664459 0
      vertex 89.9645 -2.99896 0
    endloop
  endfacet
  facet normal 0 0 -1
    outer loop
      vertex 89.7206 -2.92498 0
      vertex 93.0025 -0.664459 0
      vertex 89.8444 -2.95598 0
    endloop
  endfacet
  facet normal 0 0 -1
    outer loop
      vertex 89.5944 -2.90626 0
      vertex 93.0025 -0.664459 0
      vertex 89.7206 -2.92498 0
    endloop
  endfacet
  facet normal 0 0 -1
    outer loop
      vertex 89.467 -2.9 0
      vertex 93.0025 -0.664459 0
      vertex 89.5944 -2.90626 0
    endloop
  endfacet
  facet normal 0 0 -1
    outer loop
      vertex 89.3396 -2.90626 0
      vertex 93.0025 -0.664459 0
      vertex 89.467 -2.9 0
    endloop
  endfacet
  facet normal 0 0 -1
    outer loop
      vertex 85.118 6.73246 0
      vertex 89.3396 -2.90626 0
      vertex 89.2134 -2.92498 0
    endloop
  endfacet
  facet normal 0 0 -1
    outer loop
      vertex 85.118 6.73246 0
      vertex 89.2134 -2.92498 0
      vertex 89.0896 -2.95598 0
    endloop
  endfacet
  facet normal 0 0 -1
    outer loop
      vertex 85.118 6.73246 0
      vertex 89.0896 -2.95598 0
      vertex 88.9695 -2.99896 0
    endloop
  endfacet
  facet normal 0 0 -1
    outer loop
      vertex 85.118 6.73246 0
      vertex 88.9695 -2.99896 0
      vertex 88.8542 -3.0535 0
    endloop
  endfacet
  facet normal -0 0 -1
    outer loop
      vertex 88.3205 -4.81282 0
      vertex 85.9315 -7.73552 0
      vertex 88.266 -4.69749 0
    endloop
  endfacet
  facet normal -0 0 -1
    outer loop
      vertex 88.266 -4.69749 0
      vertex 85.9315 -7.73552 0
      vertex 88.223 -4.57737 0
    endloop
  endfacet
  facet normal -0 0 -1
    outer loop
      vertex 88.223 -4.57737 0
      vertex 85.9315 -7.73552 0
      vertex 88.192 -4.45362 0
    endloop
  endfacet
  facet normal -0 0 -1
    outer loop
      vertex 88.192 -4.45362 0
      vertex 85.9315 -7.73552 0
      vertex 88.1733 -4.32742 0
    endloop
  endfacet
  facet normal -0 0 -1
    outer loop
      vertex 88.1733 -4.32742 0
      vertex 85.9315 -7.73552 0
      vertex 88.167 -4.2 0
    endloop
  endfacet
  facet normal -0 0 -1
    outer loop
      vertex 88.167 -4.2 0
      vertex 85.9315 -7.73552 0
      vertex 88.1733 -4.07258 0
    endloop
  endfacet
  facet normal 0 0 -1
    outer loop
      vertex 78.5345 0.14903 0
      vertex 88.1733 -4.07258 0
      vertex 85.9315 -7.73552 0
    endloop
  endfacet
  facet normal 0 0 -1
    outer loop
      vertex 88.1733 -4.07258 0
      vertex 78.5345 0.14903 0
      vertex 88.192 -3.94638 0
    endloop
  endfacet
  facet normal 0 0 -1
    outer loop
      vertex 88.192 -3.94638 0
      vertex 78.5345 0.14903 0
      vertex 88.223 -3.82263 0
    endloop
  endfacet
  facet normal 0 0 -1
    outer loop
      vertex 88.223 -3.82263 0
      vertex 78.5345 0.14903 0
      vertex 88.266 -3.70251 0
    endloop
  endfacet
  facet normal 0 0 -1
    outer loop
      vertex 89.3396 -2.90626 0
      vertex 85.118 6.73246 0
      vertex 93.0025 -0.664459 0
    endloop
  endfacet
  facet normal 0 0 -1
    outer loop
      vertex 88.7448 -3.11909 0
      vertex 85.118 6.73246 0
      vertex 88.8542 -3.0535 0
    endloop
  endfacet
  facet normal 0 0 -1
    outer loop
      vertex 88.6423 -3.19509 0
      vertex 85.118 6.73246 0
      vertex 88.7448 -3.11909 0
    endloop
  endfacet
  facet normal 0 0 -1
    outer loop
      vertex 88.5478 -3.28076 0
      vertex 85.118 6.73246 0
      vertex 88.6423 -3.19509 0
    endloop
  endfacet
  facet normal 0 0 -1
    outer loop
      vertex 78.5345 0.14903 0
      vertex 88.5478 -3.28076 0
      vertex 88.4621 -3.37529 0
    endloop
  endfacet
  facet normal 0 0 -1
    outer loop
      vertex 78.5345 0.14903 0
      vertex 88.4621 -3.37529 0
      vertex 88.3861 -3.47776 0
    endloop
  endfacet
  facet normal 0 0 -1
    outer loop
      vertex 78.5345 0.14903 0
      vertex 88.3861 -3.47776 0
      vertex 88.3205 -3.58718 0
    endloop
  endfacet
  facet normal 0 0 -1
    outer loop
      vertex 88.266 -3.70251 0
      vertex 78.5345 0.14903 0
      vertex 88.3205 -3.58718 0
    endloop
  endfacet
  facet normal 0 0 -1
    outer loop
      vertex 76.987 0 0
      vertex 85.118 6.73246 0
      vertex 78.5345 0.14903 0
    endloop
  endfacet
  facet normal 0 0 -1
    outer loop
      vertex 88.5478 -3.28076 0
      vertex 78.5345 0.14903 0
      vertex 85.118 6.73246 0
    endloop
  endfacet
  facet normal -0.989176 -0.146735 0
    outer loop
      vertex 0.149029 6.73245 0
      vertex 0.039856 7.46841 9.55
      vertex 0.039856 7.46841 0
    endloop
  endfacet
  facet normal -0.989176 -0.146735 0
    outer loop
      vertex 0.039856 7.46841 9.55
      vertex 0.149029 6.73245 0
      vertex 0.149029 6.73245 9.55
    endloop
  endfacet
  facet normal -1 0 0
    outer loop
      vertex 0 8.28 0
      vertex 0 68.986 9.55
      vertex 0 68.986 0
    endloop
  endfacet
  facet normal -1 -0 0
    outer loop
      vertex 0 68.986 9.55
      vertex 0 8.28 0
      vertex 0 8.28 9.55
    endloop
  endfacet
  facet normal 0.998794 0.0491028 0
    outer loop
      vertex 85.267 68.986 9.55
      vertex 85.2271 69.7976 0
      vertex 85.2271 69.7976 9.55
    endloop
  endfacet
  facet normal 0.998794 0.0491028 0
    outer loop
      vertex 85.2271 69.7976 0
      vertex 85.267 68.986 9.55
      vertex 85.267 68.986 0
    endloop
  endfacet
  facet normal -0.998796 -0.0490494 0
    outer loop
      vertex 0.039856 7.46841 0
      vertex 0 8.28 9.55
      vertex 0 8.28 0
    endloop
  endfacet
  facet normal -0.998796 -0.0490494 0
    outer loop
      vertex 0 8.28 9.55
      vertex 0.039856 7.46841 0
      vertex 0.039856 7.46841 9.55
    endloop
  endfacet
  facet normal -0.989174 0.146748 0
    outer loop
      vertex 0.039856 69.7976 0
      vertex 0.14903 70.5335 9.55
      vertex 0.14903 70.5335 0
    endloop
  endfacet
  facet normal -0.989174 0.146748 0
    outer loop
      vertex 0.14903 70.5335 9.55
      vertex 0.039856 69.7976 0
      vertex 0.039856 69.7976 9.55
    endloop
  endfacet
  facet normal 0.146651 0.989188 -0
    outer loop
      vertex 78.5345 77.117 0
      vertex 77.7986 77.2261 9.55
      vertex 78.5345 77.117 9.55
    endloop
  endfacet
  facet normal 0.146651 0.989188 0
    outer loop
      vertex 77.7986 77.2261 9.55
      vertex 78.5345 77.117 0
      vertex 77.7986 77.2261 0
    endloop
  endfacet
  facet normal -0.998796 0.0490488 0
    outer loop
      vertex 0 68.986 0
      vertex 0.039856 69.7976 9.55
      vertex 0.039856 69.7976 0
    endloop
  endfacet
  facet normal -0.998796 0.0490488 0
    outer loop
      vertex 0.039856 69.7976 9.55
      vertex 0 68.986 0
      vertex 0 68.986 9.55
    endloop
  endfacet
  facet normal 0.998794 -0.0491034 0
    outer loop
      vertex 85.2271 7.46841 9.55
      vertex 85.267 8.28 0
      vertex 85.267 8.28 9.55
    endloop
  endfacet
  facet normal 0.998794 -0.0491034 0
    outer loop
      vertex 85.267 8.28 0
      vertex 85.2271 7.46841 9.55
      vertex 85.2271 7.46841 0
    endloop
  endfacet
  facet normal 1 -0 0
    outer loop
      vertex 85.267 8.28 9.55
      vertex 85.267 68.986 0
      vertex 85.267 68.986 9.55
    endloop
  endfacet
  facet normal 1 0 0
    outer loop
      vertex 85.267 68.986 0
      vertex 85.267 8.28 9.55
      vertex 85.267 8.28 0
    endloop
  endfacet
  facet normal 0 1 0
    outer loop
      vertex 76.987 77.266 9.55
      vertex 67.9 77.266 2.4
      vertex 67.9 77.266 9.55
    endloop
  endfacet
  facet normal 0 1 0
    outer loop
      vertex 76.987 77.266 0
      vertex 55.9 77.266 2.4
      vertex 67.9 77.266 2.4
    endloop
  endfacet
  facet normal 0 1 0
    outer loop
      vertex 55.9 77.266 2.4
      vertex 76.987 77.266 0
      vertex 32.4 77.266 2.4
    endloop
  endfacet
  facet normal 0 1 0
    outer loop
      vertex 8.28 77.266 0
      vertex 32.4 77.266 2.4
      vertex 76.987 77.266 0
    endloop
  endfacet
  facet normal 0 1 -0
    outer loop
      vertex 76.987 77.266 0
      vertex 67.9 77.266 2.4
      vertex 76.987 77.266 9.55
    endloop
  endfacet
  facet normal 0 1 -0
    outer loop
      vertex 55.9 77.266 2.4
      vertex 32.4 77.266 9.55
      vertex 55.9 77.266 9.55
    endloop
  endfacet
  facet normal 0 1 0
    outer loop
      vertex 32.4 77.266 9.55
      vertex 55.9 77.266 2.4
      vertex 32.4 77.266 2.4
    endloop
  endfacet
  facet normal 0 1 -0
    outer loop
      vertex 18.4 77.266 2.4
      vertex 8.28 77.266 9.55
      vertex 18.4 77.266 9.55
    endloop
  endfacet
  facet normal 0 1 0
    outer loop
      vertex 18.4 77.266 2.4
      vertex 8.28 77.266 0
      vertex 8.28 77.266 9.55
    endloop
  endfacet
  facet normal 0 1 0
    outer loop
      vertex 32.4 77.266 2.4
      vertex 8.28 77.266 0
      vertex 18.4 77.266 2.4
    endloop
  endfacet
  facet normal 0.0491028 0.998794 -0
    outer loop
      vertex 77.7986 77.2261 0
      vertex 76.987 77.266 9.55
      vertex 77.7986 77.2261 9.55
    endloop
  endfacet
  facet normal 0.0491028 0.998794 0
    outer loop
      vertex 76.987 77.266 9.55
      vertex 77.7986 77.2261 0
      vertex 76.987 77.266 0
    endloop
  endfacet
  facet normal -0.0490494 -0.998796 0
    outer loop
      vertex 7.46841 0.039856 0
      vertex 8.28 0 2.4
      vertex 7.46841 0.039856 2.4
    endloop
  endfacet
  facet normal -0.0490494 -0.998796 -0
    outer loop
      vertex 8.28 0 2.4
      vertex 7.46841 0.039856 0
      vertex 8.28 0 0
    endloop
  endfacet
  facet normal -0.0491034 0.998794 0
    outer loop
      vertex 8.28 77.266 0
      vertex 7.46841 77.2261 9.55
      vertex 8.28 77.266 9.55
    endloop
  endfacet
  facet normal -0.0491034 0.998794 0
    outer loop
      vertex 7.46841 77.2261 9.55
      vertex 8.28 77.266 0
      vertex 7.46841 77.2261 0
    endloop
  endfacet
  facet normal 0 -1 0
    outer loop
      vertex 8.28 0 0
      vertex 28.8 0 2.4
      vertex 8.28 0 2.4
    endloop
  endfacet
  facet normal 0 -1 -0
    outer loop
      vertex 28.8 0 2.4
      vertex 8.28 0 0
      vertex 39 0 2.4
    endloop
  endfacet
  facet normal 0 -1 0
    outer loop
      vertex 76.987 0 0
      vertex 39 0 2.4
      vertex 8.28 0 0
    endloop
  endfacet
  facet normal 0 -1 0
    outer loop
      vertex 28.8 0 9.55
      vertex 39 0 9.4
      vertex 76.987 0 9.55
    endloop
  endfacet
  facet normal 0 -1 0
    outer loop
      vertex 28.8 0 2.4
      vertex 39 0 9.4
      vertex 28.8 0 9.55
    endloop
  endfacet
  facet normal 0 -1 -0
    outer loop
      vertex 39 0 9.4
      vertex 28.8 0 2.4
      vertex 39 0 2.4
    endloop
  endfacet
  facet normal 0 -1 0
    outer loop
      vertex 55 0 9.4
      vertex 76.987 0 9.55
      vertex 39 0 9.4
    endloop
  endfacet
  facet normal 0 -1 0
    outer loop
      vertex 55 0 2.4
      vertex 76.987 0 9.55
      vertex 55 0 9.4
    endloop
  endfacet
  facet normal 0 -1 0
    outer loop
      vertex 55 0 2.4
      vertex 76.987 0 0
      vertex 76.987 0 9.55
    endloop
  endfacet
  facet normal 0 -1 0
    outer loop
      vertex 39 0 2.4
      vertex 76.987 0 0
      vertex 55 0 2.4
    endloop
  endfacet
  facet normal 0.989188 0.146651 0
    outer loop
      vertex 85.2271 69.7976 9.55
      vertex 85.118 70.5335 0
      vertex 85.118 70.5335 9.55
    endloop
  endfacet
  facet normal 0.989188 0.146651 0
    outer loop
      vertex 85.118 70.5335 0
      vertex 85.2271 69.7976 9.55
      vertex 85.2271 69.7976 0
    endloop
  endfacet
  facet normal -0.146643 0.989189 0
    outer loop
      vertex 7.46841 77.2261 0
      vertex 6.73247 77.117 9.55
      vertex 7.46841 77.2261 9.55
    endloop
  endfacet
  facet normal -0.146643 0.989189 0
    outer loop
      vertex 6.73247 77.117 9.55
      vertex 7.46841 77.2261 0
      vertex 6.73247 77.117 0
    endloop
  endfacet
  facet normal 0.0490488 -0.998796 0
    outer loop
      vertex 76.987 0 0
      vertex 77.7986 0.039856 9.55
      vertex 76.987 0 9.55
    endloop
  endfacet
  facet normal 0.0490488 -0.998796 0
    outer loop
      vertex 77.7986 0.039856 9.55
      vertex 76.987 0 0
      vertex 77.7986 0.039856 0
    endloop
  endfacet
  facet normal 0.98919 -0.146641 0
    outer loop
      vertex 85.118 6.73246 9.55
      vertex 85.2271 7.46841 0
      vertex 85.2271 7.46841 9.55
    endloop
  endfacet
  facet normal 0.98919 -0.146641 0
    outer loop
      vertex 85.2271 7.46841 0
      vertex 85.118 6.73246 9.55
      vertex 85.118 6.73246 0
    endloop
  endfacet
  facet normal 0.146748 -0.989174 0
    outer loop
      vertex 77.7986 0.039856 0
      vertex 78.5345 0.14903 9.55
      vertex 77.7986 0.039856 9.55
    endloop
  endfacet
  facet normal 0.146748 -0.989174 0
    outer loop
      vertex 78.5345 0.14903 9.55
      vertex 77.7986 0.039856 0
      vertex 78.5345 0.14903 0
    endloop
  endfacet
  facet normal -0.146735 -0.989176 0
    outer loop
      vertex 6.73245 0.149029 0
      vertex 7.46841 0.039856 2.4
      vertex 6.73245 0.149029 2.4
    endloop
  endfacet
  facet normal -0.146735 -0.989176 -0
    outer loop
      vertex 7.46841 0.039856 2.4
      vertex 6.73245 0.149029 0
      vertex 7.46841 0.039856 0
    endloop
  endfacet
  facet normal 0.729297 0.684198 0
    outer loop
      vertex 6.73247 77.117 9.55
      vertex -0.664459 85.0015 0
      vertex -0.664459 85.0015 9.55
    endloop
  endfacet
  facet normal 0.729297 0.684198 0
    outer loop
      vertex -0.664459 85.0015 0
      vertex 6.73247 77.117 9.55
      vertex 6.73247 77.117 0
    endloop
  endfacet
  facet normal 0.671535 0.740973 -0
    outer loop
      vertex -0.664459 85.0015 0
      vertex -1.02803 85.331 9.55
      vertex -0.664459 85.0015 9.55
    endloop
  endfacet
  facet normal 0.671535 0.740973 0
    outer loop
      vertex -1.02803 85.331 9.55
      vertex -0.664459 85.0015 0
      vertex -1.02803 85.331 0
    endloop
  endfacet
  facet normal 0.59572 0.803192 -0
    outer loop
      vertex -1.02803 85.331 0
      vertex -1.42213 85.6233 9.55
      vertex -1.02803 85.331 9.55
    endloop
  endfacet
  facet normal 0.59572 0.803192 0
    outer loop
      vertex -1.42213 85.6233 9.55
      vertex -1.02803 85.331 0
      vertex -1.42213 85.6233 0
    endloop
  endfacet
  facet normal 0.514163 0.857692 -0
    outer loop
      vertex -1.42213 85.6233 0
      vertex -1.843 85.8756 9.55
      vertex -1.42213 85.6233 9.55
    endloop
  endfacet
  facet normal 0.514163 0.857692 0
    outer loop
      vertex -1.843 85.8756 9.55
      vertex -1.42213 85.6233 0
      vertex -1.843 85.8756 0
    endloop
  endfacet
  facet normal 0.427559 0.903987 -0
    outer loop
      vertex -1.843 85.8756 0
      vertex -2.28658 86.0854 9.55
      vertex -1.843 85.8756 9.55
    endloop
  endfacet
  facet normal 0.427559 0.903987 0
    outer loop
      vertex -2.28658 86.0854 9.55
      vertex -1.843 85.8756 0
      vertex -2.28658 86.0854 0
    endloop
  endfacet
  facet normal 0.336885 0.941546 -0
    outer loop
      vertex -2.28658 86.0854 0
      vertex -2.74857 86.2507 9.55
      vertex -2.28658 86.0854 9.55
    endloop
  endfacet
  facet normal 0.336885 0.941546 0
    outer loop
      vertex -2.74857 86.2507 9.55
      vertex -2.28658 86.0854 0
      vertex -2.74857 86.2507 0
    endloop
  endfacet
  facet normal 0.242929 0.970044 -0
    outer loop
      vertex -2.74857 86.2507 0
      vertex -3.22455 86.3699 9.55
      vertex -2.74857 86.2507 9.55
    endloop
  endfacet
  facet normal 0.242929 0.970044 0
    outer loop
      vertex -3.22455 86.3699 9.55
      vertex -2.74857 86.2507 0
      vertex -3.22455 86.3699 0
    endloop
  endfacet
  facet normal 0.146741 0.989175 -0
    outer loop
      vertex -3.22455 86.3699 0
      vertex -3.7099 86.4419 9.55
      vertex -3.22455 86.3699 9.55
    endloop
  endfacet
  facet normal 0.146741 0.989175 0
    outer loop
      vertex -3.7099 86.4419 9.55
      vertex -3.22455 86.3699 0
      vertex -3.7099 86.4419 0
    endloop
  endfacet
  facet normal 0.0491143 0.998793 -0
    outer loop
      vertex -3.7099 86.4419 0
      vertex -4.2 86.466 9.55
      vertex -3.7099 86.4419 9.55
    endloop
  endfacet
  facet normal 0.0491143 0.998793 0
    outer loop
      vertex -4.2 86.466 9.55
      vertex -3.7099 86.4419 0
      vertex -4.2 86.466 0
    endloop
  endfacet
  facet normal -0.0491163 0.998793 0
    outer loop
      vertex -4.2 86.466 0
      vertex -4.69008 86.4419 9.55
      vertex -4.2 86.466 9.55
    endloop
  endfacet
  facet normal -0.0491163 0.998793 0
    outer loop
      vertex -4.69008 86.4419 9.55
      vertex -4.2 86.466 0
      vertex -4.69008 86.4419 0
    endloop
  endfacet
  facet normal -0.146735 0.989176 0
    outer loop
      vertex -4.69008 86.4419 0
      vertex -5.17545 86.3699 9.55
      vertex -4.69008 86.4419 9.55
    endloop
  endfacet
  facet normal -0.146735 0.989176 0
    outer loop
      vertex -5.17545 86.3699 9.55
      vertex -4.69008 86.4419 0
      vertex -5.17545 86.3699 0
    endloop
  endfacet
  facet normal -0.242938 0.970042 0
    outer loop
      vertex -5.17545 86.3699 0
      vertex -5.65141 86.2507 9.55
      vertex -5.17545 86.3699 9.55
    endloop
  endfacet
  facet normal -0.242938 0.970042 0
    outer loop
      vertex -5.65141 86.2507 9.55
      vertex -5.17545 86.3699 0
      vertex -5.65141 86.2507 0
    endloop
  endfacet
  facet normal -0.336885 0.941546 0
    outer loop
      vertex -5.65141 86.2507 0
      vertex -6.1134 86.0854 9.55
      vertex -5.65141 86.2507 9.55
    endloop
  endfacet
  facet normal -0.336885 0.941546 0
    outer loop
      vertex -6.1134 86.0854 9.55
      vertex -5.65141 86.2507 0
      vertex -6.1134 86.0854 0
    endloop
  endfacet
  facet normal -0.427559 0.903987 0
    outer loop
      vertex -6.1134 86.0854 0
      vertex -6.55698 85.8756 9.55
      vertex -6.1134 86.0854 9.55
    endloop
  endfacet
  facet normal -0.427559 0.903987 0
    outer loop
      vertex -6.55698 85.8756 9.55
      vertex -6.1134 86.0854 0
      vertex -6.55698 85.8756 0
    endloop
  endfacet
  facet normal -0.514172 0.857687 0
    outer loop
      vertex -6.55698 85.8756 0
      vertex -6.97784 85.6233 9.55
      vertex -6.55698 85.8756 9.55
    endloop
  endfacet
  facet normal -0.514172 0.857687 0
    outer loop
      vertex -6.97784 85.6233 9.55
      vertex -6.55698 85.8756 0
      vertex -6.97784 85.6233 0
    endloop
  endfacet
  facet normal -0.5957 0.803207 0
    outer loop
      vertex -6.97784 85.6233 0
      vertex -7.37196 85.331 9.55
      vertex -6.97784 85.6233 9.55
    endloop
  endfacet
  facet normal -0.5957 0.803207 0
    outer loop
      vertex -7.37196 85.331 9.55
      vertex -6.97784 85.6233 0
      vertex -7.37196 85.331 0
    endloop
  endfacet
  facet normal -0.671546 0.740963 0
    outer loop
      vertex -7.37196 85.331 0
      vertex -7.73552 85.0015 9.55
      vertex -7.37196 85.331 9.55
    endloop
  endfacet
  facet normal -0.671546 0.740963 0
    outer loop
      vertex -7.73552 85.0015 9.55
      vertex -7.37196 85.331 0
      vertex -7.73552 85.0015 0
    endloop
  endfacet
  facet normal -0.740877 0.67164 0
    outer loop
      vertex -8.06505 84.638 0
      vertex -7.73552 85.0015 9.55
      vertex -7.73552 85.0015 0
    endloop
  endfacet
  facet normal -0.740877 0.67164 0
    outer loop
      vertex -7.73552 85.0015 9.55
      vertex -8.06505 84.638 0
      vertex -8.06505 84.638 9.55
    endloop
  endfacet
  facet normal -0.803192 0.59572 0
    outer loop
      vertex -8.35735 84.2439 0
      vertex -8.06505 84.638 9.55
      vertex -8.06505 84.638 0
    endloop
  endfacet
  facet normal -0.803192 0.59572 0
    outer loop
      vertex -8.06505 84.638 9.55
      vertex -8.35735 84.2439 0
      vertex -8.35735 84.2439 9.55
    endloop
  endfacet
  facet normal -0.857754 0.514061 0
    outer loop
      vertex -8.6096 83.823 0
      vertex -8.35735 84.2439 9.55
      vertex -8.35735 84.2439 0
    endloop
  endfacet
  facet normal -0.857754 0.514061 0
    outer loop
      vertex -8.35735 84.2439 9.55
      vertex -8.6096 83.823 0
      vertex -8.6096 83.823 9.55
    endloop
  endfacet
  facet normal -0.903995 0.427543 0
    outer loop
      vertex -8.8194 83.3794 0
      vertex -8.6096 83.823 9.55
      vertex -8.6096 83.823 0
    endloop
  endfacet
  facet normal -0.903995 0.427543 0
    outer loop
      vertex -8.6096 83.823 9.55
      vertex -8.8194 83.3794 0
      vertex -8.8194 83.3794 9.55
    endloop
  endfacet
  facet normal -0.941548 0.336879 0
    outer loop
      vertex -8.9847 82.9174 0
      vertex -8.8194 83.3794 9.55
      vertex -8.8194 83.3794 0
    endloop
  endfacet
  facet normal -0.941548 0.336879 0
    outer loop
      vertex -8.8194 83.3794 9.55
      vertex -8.9847 82.9174 0
      vertex -8.9847 82.9174 9.55
    endloop
  endfacet
  facet normal -0.970042 0.242938 0
    outer loop
      vertex -9.10391 82.4414 0
      vertex -8.9847 82.9174 9.55
      vertex -8.9847 82.9174 0
    endloop
  endfacet
  facet normal -0.970042 0.242938 0
    outer loop
      vertex -8.9847 82.9174 9.55
      vertex -9.10391 82.4414 0
      vertex -9.10391 82.4414 9.55
    endloop
  endfacet
  facet normal -0.98917 0.146775 0
    outer loop
      vertex -9.17592 81.9561 0
      vertex -9.10391 82.4414 9.55
      vertex -9.10391 82.4414 0
    endloop
  endfacet
  facet normal -0.98917 0.146775 0
    outer loop
      vertex -9.10391 82.4414 9.55
      vertex -9.17592 81.9561 0
      vertex -9.17592 81.9561 9.55
    endloop
  endfacet
  facet normal -0.998795 0.0490736 0
    outer loop
      vertex -9.2 81.466 0
      vertex -9.17592 81.9561 9.55
      vertex -9.17592 81.9561 0
    endloop
  endfacet
  facet normal -0.998795 0.0490736 0
    outer loop
      vertex -9.17592 81.9561 9.55
      vertex -9.2 81.466 0
      vertex -9.2 81.466 9.55
    endloop
  endfacet
  facet normal -0.998795 -0.0490736 0
    outer loop
      vertex -9.17592 80.9759 0
      vertex -9.2 81.466 9.55
      vertex -9.2 81.466 0
    endloop
  endfacet
  facet normal -0.998795 -0.0490736 0
    outer loop
      vertex -9.2 81.466 9.55
      vertex -9.17592 80.9759 0
      vertex -9.17592 80.9759 9.55
    endloop
  endfacet
  facet normal -0.989174 -0.146746 0
    outer loop
      vertex -9.10391 80.4905 0
      vertex -9.17592 80.9759 9.55
      vertex -9.17592 80.9759 0
    endloop
  endfacet
  facet normal -0.989174 -0.146746 0
    outer loop
      vertex -9.17592 80.9759 9.55
      vertex -9.10391 80.4905 0
      vertex -9.10391 80.4905 9.55
    endloop
  endfacet
  facet normal -0.97003 -0.242986 0
    outer loop
      vertex -8.9847 80.0146 0
      vertex -9.10391 80.4905 9.55
      vertex -9.10391 80.4905 0
    endloop
  endfacet
  facet normal -0.97003 -0.242986 0
    outer loop
      vertex -9.10391 80.4905 9.55
      vertex -8.9847 80.0146 0
      vertex -8.9847 80.0146 9.55
    endloop
  endfacet
  facet normal -0.941548 -0.336879 0
    outer loop
      vertex -8.8194 79.5526 0
      vertex -8.9847 80.0146 9.55
      vertex -8.9847 80.0146 0
    endloop
  endfacet
  facet normal -0.941548 -0.336879 0
    outer loop
      vertex -8.9847 80.0146 9.55
      vertex -8.8194 79.5526 0
      vertex -8.8194 79.5526 9.55
    endloop
  endfacet
  facet normal -0.903995 -0.427543 0
    outer loop
      vertex -8.6096 79.109 0
      vertex -8.8194 79.5526 9.55
      vertex -8.8194 79.5526 0
    endloop
  endfacet
  facet normal -0.903995 -0.427543 0
    outer loop
      vertex -8.8194 79.5526 9.55
      vertex -8.6096 79.109 0
      vertex -8.6096 79.109 9.55
    endloop
  endfacet
  facet normal -0.857754 -0.514061 0
    outer loop
      vertex -8.35735 78.6881 0
      vertex -8.6096 79.109 9.55
      vertex -8.6096 79.109 0
    endloop
  endfacet
  facet normal -0.857754 -0.514061 0
    outer loop
      vertex -8.6096 79.109 9.55
      vertex -8.35735 78.6881 0
      vertex -8.35735 78.6881 9.55
    endloop
  endfacet
  facet normal -0.803192 -0.59572 0
    outer loop
      vertex -8.06505 78.294 0
      vertex -8.35735 78.6881 9.55
      vertex -8.35735 78.6881 0
    endloop
  endfacet
  facet normal -0.803192 -0.59572 0
    outer loop
      vertex -8.35735 78.6881 9.55
      vertex -8.06505 78.294 0
      vertex -8.06505 78.294 9.55
    endloop
  endfacet
  facet normal -0.740877 -0.67164 0
    outer loop
      vertex -7.73552 77.9305 0
      vertex -8.06505 78.294 9.55
      vertex -8.06505 78.294 0
    endloop
  endfacet
  facet normal -0.740877 -0.67164 0
    outer loop
      vertex -8.06505 78.294 9.55
      vertex -7.73552 77.9305 0
      vertex -7.73552 77.9305 9.55
    endloop
  endfacet
  facet normal -0.684199 -0.729296 0
    outer loop
      vertex -7.73552 77.9305 0
      vertex 0.14903 70.5335 9.55
      vertex -7.73552 77.9305 9.55
    endloop
  endfacet
  facet normal -0.684199 -0.729296 -0
    outer loop
      vertex 0.14903 70.5335 9.55
      vertex -7.73552 77.9305 0
      vertex 0.14903 70.5335 0
    endloop
  endfacet
  facet normal 0.684201 -0.729293 0
    outer loop
      vertex 85.118 70.5335 0
      vertex 93.0025 77.9305 9.55
      vertex 85.118 70.5335 9.55
    endloop
  endfacet
  facet normal 0.684201 -0.729293 0
    outer loop
      vertex 93.0025 77.9305 9.55
      vertex 85.118 70.5335 0
      vertex 93.0025 77.9305 0
    endloop
  endfacet
  facet normal 0.740908 -0.671607 0
    outer loop
      vertex 93.0025 77.9305 9.55
      vertex 93.332 78.294 0
      vertex 93.332 78.294 9.55
    endloop
  endfacet
  facet normal 0.740908 -0.671607 0
    outer loop
      vertex 93.332 78.294 0
      vertex 93.0025 77.9305 9.55
      vertex 93.0025 77.9305 0
    endloop
  endfacet
  facet normal 0.803192 -0.59572 0
    outer loop
      vertex 93.332 78.294 9.55
      vertex 93.6243 78.6881 0
      vertex 93.6243 78.6881 9.55
    endloop
  endfacet
  facet normal 0.803192 -0.59572 0
    outer loop
      vertex 93.6243 78.6881 0
      vertex 93.332 78.294 9.55
      vertex 93.332 78.294 0
    endloop
  endfacet
  facet normal 0.857709 -0.514136 0
    outer loop
      vertex 93.6243 78.6881 9.55
      vertex 93.8766 79.109 0
      vertex 93.8766 79.109 9.55
    endloop
  endfacet
  facet normal 0.857709 -0.514136 0
    outer loop
      vertex 93.8766 79.109 0
      vertex 93.6243 78.6881 9.55
      vertex 93.6243 78.6881 0
    endloop
  endfacet
  facet normal 0.903995 -0.427543 0
    outer loop
      vertex 93.8766 79.109 9.55
      vertex 94.0864 79.5526 0
      vertex 94.0864 79.5526 9.55
    endloop
  endfacet
  facet normal 0.903995 -0.427543 0
    outer loop
      vertex 94.0864 79.5526 0
      vertex 93.8766 79.109 9.55
      vertex 93.8766 79.109 0
    endloop
  endfacet
  facet normal 0.941548 -0.336879 0
    outer loop
      vertex 94.0864 79.5526 9.55
      vertex 94.2517 80.0146 0
      vertex 94.2517 80.0146 9.55
    endloop
  endfacet
  facet normal 0.941548 -0.336879 0
    outer loop
      vertex 94.2517 80.0146 0
      vertex 94.0864 79.5526 9.55
      vertex 94.0864 79.5526 0
    endloop
  endfacet
  facet normal 0.970034 -0.242967 0
    outer loop
      vertex 94.2517 80.0146 9.55
      vertex 94.3709 80.4905 0
      vertex 94.3709 80.4905 9.55
    endloop
  endfacet
  facet normal 0.970034 -0.242967 0
    outer loop
      vertex 94.3709 80.4905 0
      vertex 94.2517 80.0146 9.55
      vertex 94.2517 80.0146 0
    endloop
  endfacet
  facet normal 0.989177 -0.146726 0
    outer loop
      vertex 94.3709 80.4905 9.55
      vertex 94.4429 80.9759 0
      vertex 94.4429 80.9759 9.55
    endloop
  endfacet
  facet normal 0.989177 -0.146726 0
    outer loop
      vertex 94.4429 80.9759 0
      vertex 94.3709 80.4905 9.55
      vertex 94.3709 80.4905 0
    endloop
  endfacet
  facet normal 0.998793 -0.0491143 0
    outer loop
      vertex 94.4429 80.9759 9.55
      vertex 94.467 81.466 0
      vertex 94.467 81.466 9.55
    endloop
  endfacet
  facet normal 0.998793 -0.0491143 0
    outer loop
      vertex 94.467 81.466 0
      vertex 94.4429 80.9759 9.55
      vertex 94.4429 80.9759 0
    endloop
  endfacet
  facet normal 0.998793 0.0491143 0
    outer loop
      vertex 94.467 81.466 9.55
      vertex 94.4429 81.9561 0
      vertex 94.4429 81.9561 9.55
    endloop
  endfacet
  facet normal 0.998793 0.0491143 0
    outer loop
      vertex 94.4429 81.9561 0
      vertex 94.467 81.466 9.55
      vertex 94.467 81.466 0
    endloop
  endfacet
  facet normal 0.989173 0.146755 0
    outer loop
      vertex 94.4429 81.9561 9.55
      vertex 94.3709 82.4414 0
      vertex 94.3709 82.4414 9.55
    endloop
  endfacet
  facet normal 0.989173 0.146755 0
    outer loop
      vertex 94.3709 82.4414 0
      vertex 94.4429 81.9561 9.55
      vertex 94.4429 81.9561 0
    endloop
  endfacet
  facet normal 0.970047 0.242919 0
    outer loop
      vertex 94.3709 82.4414 9.55
      vertex 94.2517 82.9174 0
      vertex 94.2517 82.9174 9.55
    endloop
  endfacet
  facet normal 0.970047 0.242919 0
    outer loop
      vertex 94.2517 82.9174 0
      vertex 94.3709 82.4414 9.55
      vertex 94.3709 82.4414 0
    endloop
  endfacet
  facet normal 0.941548 0.336879 0
    outer loop
      vertex 94.2517 82.9174 9.55
      vertex 94.0864 83.3794 0
      vertex 94.0864 83.3794 9.55
    endloop
  endfacet
  facet normal 0.941548 0.336879 0
    outer loop
      vertex 94.0864 83.3794 0
      vertex 94.2517 82.9174 9.55
      vertex 94.2517 82.9174 0
    endloop
  endfacet
  facet normal 0.903995 0.427543 0
    outer loop
      vertex 94.0864 83.3794 9.55
      vertex 93.8766 83.823 0
      vertex 93.8766 83.823 9.55
    endloop
  endfacet
  facet normal 0.903995 0.427543 0
    outer loop
      vertex 93.8766 83.823 0
      vertex 94.0864 83.3794 9.55
      vertex 94.0864 83.3794 0
    endloop
  endfacet
  facet normal 0.857709 0.514136 0
    outer loop
      vertex 93.8766 83.823 9.55
      vertex 93.6243 84.2439 0
      vertex 93.6243 84.2439 9.55
    endloop
  endfacet
  facet normal 0.857709 0.514136 0
    outer loop
      vertex 93.6243 84.2439 0
      vertex 93.8766 83.823 9.55
      vertex 93.8766 83.823 0
    endloop
  endfacet
  facet normal 0.803192 0.59572 0
    outer loop
      vertex 93.6243 84.2439 9.55
      vertex 93.332 84.638 0
      vertex 93.332 84.638 9.55
    endloop
  endfacet
  facet normal 0.803192 0.59572 0
    outer loop
      vertex 93.332 84.638 0
      vertex 93.6243 84.2439 9.55
      vertex 93.6243 84.2439 0
    endloop
  endfacet
  facet normal 0.740908 0.671607 0
    outer loop
      vertex 93.332 84.638 9.55
      vertex 93.0025 85.0015 0
      vertex 93.0025 85.0015 9.55
    endloop
  endfacet
  facet normal 0.740908 0.671607 0
    outer loop
      vertex 93.0025 85.0015 0
      vertex 93.332 84.638 9.55
      vertex 93.332 84.638 0
    endloop
  endfacet
  facet normal 0.671607 0.740908 -0
    outer loop
      vertex 93.0025 85.0015 0
      vertex 92.639 85.331 9.55
      vertex 93.0025 85.0015 9.55
    endloop
  endfacet
  facet normal 0.671607 0.740908 0
    outer loop
      vertex 92.639 85.331 9.55
      vertex 93.0025 85.0015 0
      vertex 92.639 85.331 0
    endloop
  endfacet
  facet normal 0.595622 0.803265 -0
    outer loop
      vertex 92.639 85.331 0
      vertex 92.2448 85.6233 9.55
      vertex 92.639 85.331 9.55
    endloop
  endfacet
  facet normal 0.595622 0.803265 0
    outer loop
      vertex 92.2448 85.6233 9.55
      vertex 92.639 85.331 0
      vertex 92.2448 85.6233 0
    endloop
  endfacet
  facet normal 0.514226 0.857655 -0
    outer loop
      vertex 92.2448 85.6233 0
      vertex 91.824 85.8756 9.55
      vertex 92.2448 85.6233 9.55
    endloop
  endfacet
  facet normal 0.514226 0.857655 0
    outer loop
      vertex 91.824 85.8756 9.55
      vertex 92.2448 85.6233 0
      vertex 91.824 85.8756 0
    endloop
  endfacet
  facet normal 0.427543 0.903995 -0
    outer loop
      vertex 91.824 85.8756 0
      vertex 91.3804 86.0854 9.55
      vertex 91.824 85.8756 9.55
    endloop
  endfacet
  facet normal 0.427543 0.903995 0
    outer loop
      vertex 91.3804 86.0854 9.55
      vertex 91.824 85.8756 0
      vertex 91.3804 86.0854 0
    endloop
  endfacet
  facet normal 0.336879 0.941548 -0
    outer loop
      vertex 91.3804 86.0854 0
      vertex 90.9184 86.2507 9.55
      vertex 91.3804 86.0854 9.55
    endloop
  endfacet
  facet normal 0.336879 0.941548 0
    outer loop
      vertex 90.9184 86.2507 9.55
      vertex 91.3804 86.0854 0
      vertex 90.9184 86.2507 0
    endloop
  endfacet
  facet normal 0.242919 0.970047 -0
    outer loop
      vertex 90.9184 86.2507 0
      vertex 90.4424 86.3699 9.55
      vertex 90.9184 86.2507 9.55
    endloop
  endfacet
  facet normal 0.242919 0.970047 0
    outer loop
      vertex 90.4424 86.3699 9.55
      vertex 90.9184 86.2507 0
      vertex 90.4424 86.3699 0
    endloop
  endfacet
  facet normal 0.146755 0.989173 -0
    outer loop
      vertex 90.4424 86.3699 0
      vertex 89.9571 86.4419 9.55
      vertex 90.4424 86.3699 9.55
    endloop
  endfacet
  facet normal 0.146755 0.989173 0
    outer loop
      vertex 89.9571 86.4419 9.55
      vertex 90.4424 86.3699 0
      vertex 89.9571 86.4419 0
    endloop
  endfacet
  facet normal 0.0491143 0.998793 -0
    outer loop
      vertex 89.9571 86.4419 0
      vertex 89.467 86.466 9.55
      vertex 89.9571 86.4419 9.55
    endloop
  endfacet
  facet normal 0.0491143 0.998793 0
    outer loop
      vertex 89.467 86.466 9.55
      vertex 89.9571 86.4419 0
      vertex 89.467 86.466 0
    endloop
  endfacet
  facet normal -0.0491143 0.998793 0
    outer loop
      vertex 89.467 86.466 0
      vertex 88.9769 86.4419 9.55
      vertex 89.467 86.466 9.55
    endloop
  endfacet
  facet normal -0.0491143 0.998793 0
    outer loop
      vertex 88.9769 86.4419 9.55
      vertex 89.467 86.466 0
      vertex 88.9769 86.4419 0
    endloop
  endfacet
  facet normal -0.146726 0.989177 0
    outer loop
      vertex 88.9769 86.4419 0
      vertex 88.4915 86.3699 9.55
      vertex 88.9769 86.4419 9.55
    endloop
  endfacet
  facet normal -0.146726 0.989177 0
    outer loop
      vertex 88.4915 86.3699 9.55
      vertex 88.9769 86.4419 0
      vertex 88.4915 86.3699 0
    endloop
  endfacet
  facet normal -0.242967 0.970034 0
    outer loop
      vertex 88.4915 86.3699 0
      vertex 88.0156 86.2507 9.55
      vertex 88.4915 86.3699 9.55
    endloop
  endfacet
  facet normal -0.242967 0.970034 0
    outer loop
      vertex 88.0156 86.2507 9.55
      vertex 88.4915 86.3699 0
      vertex 88.0156 86.2507 0
    endloop
  endfacet
  facet normal -0.336879 0.941548 0
    outer loop
      vertex 88.0156 86.2507 0
      vertex 87.5536 86.0854 9.55
      vertex 88.0156 86.2507 9.55
    endloop
  endfacet
  facet normal -0.336879 0.941548 0
    outer loop
      vertex 87.5536 86.0854 9.55
      vertex 88.0156 86.2507 0
      vertex 87.5536 86.0854 0
    endloop
  endfacet
  facet normal -0.427543 0.903995 0
    outer loop
      vertex 87.5536 86.0854 0
      vertex 87.11 85.8756 9.55
      vertex 87.5536 86.0854 9.55
    endloop
  endfacet
  facet normal -0.427543 0.903995 0
    outer loop
      vertex 87.11 85.8756 9.55
      vertex 87.5536 86.0854 0
      vertex 87.11 85.8756 0
    endloop
  endfacet
  facet normal -0.514136 0.857709 0
    outer loop
      vertex 87.11 85.8756 0
      vertex 86.6891 85.6233 9.55
      vertex 87.11 85.8756 9.55
    endloop
  endfacet
  facet normal -0.514136 0.857709 0
    outer loop
      vertex 86.6891 85.6233 9.55
      vertex 87.11 85.8756 0
      vertex 86.6891 85.6233 0
    endloop
  endfacet
  facet normal -0.59572 0.803192 0
    outer loop
      vertex 86.6891 85.6233 0
      vertex 86.295 85.331 9.55
      vertex 86.6891 85.6233 9.55
    endloop
  endfacet
  facet normal -0.59572 0.803192 0
    outer loop
      vertex 86.295 85.331 9.55
      vertex 86.6891 85.6233 0
      vertex 86.295 85.331 0
    endloop
  endfacet
  facet normal -0.671607 0.740908 0
    outer loop
      vertex 86.295 85.331 0
      vertex 85.9315 85.0015 9.55
      vertex 86.295 85.331 9.55
    endloop
  endfacet
  facet normal -0.671607 0.740908 0
    outer loop
      vertex 85.9315 85.0015 9.55
      vertex 86.295 85.331 0
      vertex 85.9315 85.0015 0
    endloop
  endfacet
  facet normal -0.729293 0.684201 0
    outer loop
      vertex 78.5345 77.117 0
      vertex 85.9315 85.0015 9.55
      vertex 85.9315 85.0015 0
    endloop
  endfacet
  facet normal -0.729293 0.684201 0
    outer loop
      vertex 85.9315 85.0015 9.55
      vertex 78.5345 77.117 0
      vertex 78.5345 77.117 9.55
    endloop
  endfacet
  facet normal 0.146761 -0.989172 0
    outer loop
      vertex -3.7099 -9.17592 0
      vertex -3.22455 -9.10391 9.55
      vertex -3.7099 -9.17592 9.55
    endloop
  endfacet
  facet normal 0.146761 -0.989172 0
    outer loop
      vertex -3.22455 -9.10391 9.55
      vertex -3.7099 -9.17592 0
      vertex -3.22455 -9.10391 0
    endloop
  endfacet
  facet normal 0.242948 -0.970039 0
    outer loop
      vertex -3.22455 -9.10391 0
      vertex -2.74857 -8.9847 9.55
      vertex -3.22455 -9.10391 9.55
    endloop
  endfacet
  facet normal 0.242948 -0.970039 0
    outer loop
      vertex -2.74857 -8.9847 9.55
      vertex -3.22455 -9.10391 0
      vertex -2.74857 -8.9847 0
    endloop
  endfacet
  facet normal 0.336885 -0.941546 0
    outer loop
      vertex -2.74857 -8.9847 0
      vertex -2.28658 -8.8194 9.55
      vertex -2.74857 -8.9847 9.55
    endloop
  endfacet
  facet normal 0.336885 -0.941546 0
    outer loop
      vertex -2.28658 -8.8194 9.55
      vertex -2.74857 -8.9847 0
      vertex -2.28658 -8.8194 0
    endloop
  endfacet
  facet normal 0.427559 -0.903987 0
    outer loop
      vertex -2.28658 -8.8194 0
      vertex -1.843 -8.6096 9.55
      vertex -2.28658 -8.8194 9.55
    endloop
  endfacet
  facet normal 0.427559 -0.903987 0
    outer loop
      vertex -1.843 -8.6096 9.55
      vertex -2.28658 -8.8194 0
      vertex -1.843 -8.6096 0
    endloop
  endfacet
  facet normal 0.514088 -0.857737 0
    outer loop
      vertex -1.843 -8.6096 0
      vertex -1.42213 -8.35735 9.55
      vertex -1.843 -8.6096 9.55
    endloop
  endfacet
  facet normal 0.514088 -0.857737 0
    outer loop
      vertex -1.42213 -8.35735 9.55
      vertex -1.843 -8.6096 0
      vertex -1.42213 -8.35735 0
    endloop
  endfacet
  facet normal 0.59572 -0.803192 0
    outer loop
      vertex -1.42213 -8.35735 0
      vertex -1.02803 -8.06505 9.55
      vertex -1.42213 -8.35735 9.55
    endloop
  endfacet
  facet normal 0.59572 -0.803192 0
    outer loop
      vertex -1.02803 -8.06505 9.55
      vertex -1.42213 -8.35735 0
      vertex -1.02803 -8.06505 0
    endloop
  endfacet
  facet normal 0.671568 -0.740943 0
    outer loop
      vertex -1.02803 -8.06505 0
      vertex -0.664459 -7.73552 9.55
      vertex -1.02803 -8.06505 9.55
    endloop
  endfacet
  facet normal 0.671568 -0.740943 0
    outer loop
      vertex -0.664459 -7.73552 9.55
      vertex -1.02803 -8.06505 0
      vertex -0.664459 -7.73552 0
    endloop
  endfacet
  facet normal 0.729299 -0.684195 0
    outer loop
      vertex 6.49883 -0.0999994 9.55
      vertex -0.664459 -7.73552 9.55
      vertex 6.49883 -0.0999994 2.4
    endloop
  endfacet
  facet normal 0.729309 -0.684184 0
    outer loop
      vertex 6.49883 -0.0999994 2.4
      vertex 6.73245 0.149029 0
      vertex 6.73245 0.149029 2.4
    endloop
  endfacet
  facet normal 0.729299 -0.684195 0
    outer loop
      vertex -0.664459 -7.73552 0
      vertex 6.49883 -0.0999994 2.4
      vertex -0.664459 -7.73552 9.55
    endloop
  endfacet
  facet normal 0.7293 -0.684194 -2.00703e-06
    outer loop
      vertex 6.49883 -0.0999994 2.4
      vertex -0.664459 -7.73552 0
      vertex 6.73245 0.149029 0
    endloop
  endfacet
  facet normal -0.684194 0.7293 0
    outer loop
      vertex 0.149029 6.73245 0
      vertex -7.73552 -0.664459 9.55
      vertex 0.149029 6.73245 9.55
    endloop
  endfacet
  facet normal -0.684194 0.7293 0
    outer loop
      vertex -7.73552 -0.664459 9.55
      vertex 0.149029 6.73245 0
      vertex -7.73552 -0.664459 0
    endloop
  endfacet
  facet normal -0.740943 0.671568 0
    outer loop
      vertex -8.06505 -1.02803 0
      vertex -7.73552 -0.664459 9.55
      vertex -7.73552 -0.664459 0
    endloop
  endfacet
  facet normal -0.740943 0.671568 0
    outer loop
      vertex -7.73552 -0.664459 9.55
      vertex -8.06505 -1.02803 0
      vertex -8.06505 -1.02803 9.55
    endloop
  endfacet
  facet normal -0.803192 0.59572 0
    outer loop
      vertex -8.35735 -1.42213 0
      vertex -8.06505 -1.02803 9.55
      vertex -8.06505 -1.02803 0
    endloop
  endfacet
  facet normal -0.803192 0.59572 0
    outer loop
      vertex -8.06505 -1.02803 9.55
      vertex -8.35735 -1.42213 0
      vertex -8.35735 -1.42213 9.55
    endloop
  endfacet
  facet normal -0.857737 0.514088 0
    outer loop
      vertex -8.6096 -1.843 0
      vertex -8.35735 -1.42213 9.55
      vertex -8.35735 -1.42213 0
    endloop
  endfacet
  facet normal -0.857737 0.514088 0
    outer loop
      vertex -8.35735 -1.42213 9.55
      vertex -8.6096 -1.843 0
      vertex -8.6096 -1.843 9.55
    endloop
  endfacet
  facet normal -0.903987 0.427559 0
    outer loop
      vertex -8.8194 -2.28658 0
      vertex -8.6096 -1.843 9.55
      vertex -8.6096 -1.843 0
    endloop
  endfacet
  facet normal -0.903987 0.427559 0
    outer loop
      vertex -8.6096 -1.843 9.55
      vertex -8.8194 -2.28658 0
      vertex -8.8194 -2.28658 9.55
    endloop
  endfacet
  facet normal -0.941546 0.336885 0
    outer loop
      vertex -8.9847 -2.74857 0
      vertex -8.8194 -2.28658 9.55
      vertex -8.8194 -2.28658 0
    endloop
  endfacet
  facet normal -0.941546 0.336885 0
    outer loop
      vertex -8.8194 -2.28658 9.55
      vertex -8.9847 -2.74857 0
      vertex -8.9847 -2.74857 9.55
    endloop
  endfacet
  facet normal -0.970039 0.242948 0
    outer loop
      vertex -9.10391 -3.22455 0
      vertex -8.9847 -2.74857 9.55
      vertex -8.9847 -2.74857 0
    endloop
  endfacet
  facet normal -0.970039 0.242948 0
    outer loop
      vertex -8.9847 -2.74857 9.55
      vertex -9.10391 -3.22455 0
      vertex -9.10391 -3.22455 9.55
    endloop
  endfacet
  facet normal -0.989172 0.146761 0
    outer loop
      vertex -9.17592 -3.7099 0
      vertex -9.10391 -3.22455 9.55
      vertex -9.10391 -3.22455 0
    endloop
  endfacet
  facet normal -0.989172 0.146761 0
    outer loop
      vertex -9.10391 -3.22455 9.55
      vertex -9.17592 -3.7099 0
      vertex -9.17592 -3.7099 9.55
    endloop
  endfacet
  facet normal -0.998795 0.0490736 0
    outer loop
      vertex -9.2 -4.2 0
      vertex -9.17592 -3.7099 9.55
      vertex -9.17592 -3.7099 0
    endloop
  endfacet
  facet normal -0.998795 0.0490736 0
    outer loop
      vertex -9.17592 -3.7099 9.55
      vertex -9.2 -4.2 0
      vertex -9.2 -4.2 9.55
    endloop
  endfacet
  facet normal -0.998795 -0.0490756 0
    outer loop
      vertex -9.17592 -4.69008 0
      vertex -9.2 -4.2 9.55
      vertex -9.2 -4.2 0
    endloop
  endfacet
  facet normal -0.998795 -0.0490756 0
    outer loop
      vertex -9.2 -4.2 9.55
      vertex -9.17592 -4.69008 0
      vertex -9.17592 -4.69008 9.55
    endloop
  endfacet
  facet normal -0.989173 -0.146755 0
    outer loop
      vertex -9.10391 -5.17545 0
      vertex -9.17592 -4.69008 9.55
      vertex -9.17592 -4.69008 0
    endloop
  endfacet
  facet normal -0.989173 -0.146755 0
    outer loop
      vertex -9.17592 -4.69008 9.55
      vertex -9.10391 -5.17545 0
      vertex -9.10391 -5.17545 9.55
    endloop
  endfacet
  facet normal -0.970037 -0.242958 0
    outer loop
      vertex -8.9847 -5.65141 0
      vertex -9.10391 -5.17545 9.55
      vertex -9.10391 -5.17545 0
    endloop
  endfacet
  facet normal -0.970037 -0.242958 0
    outer loop
      vertex -9.10391 -5.17545 9.55
      vertex -8.9847 -5.65141 0
      vertex -8.9847 -5.65141 9.55
    endloop
  endfacet
  facet normal -0.941546 -0.336885 0
    outer loop
      vertex -8.8194 -6.1134 0
      vertex -8.9847 -5.65141 9.55
      vertex -8.9847 -5.65141 0
    endloop
  endfacet
  facet normal -0.941546 -0.336885 0
    outer loop
      vertex -8.9847 -5.65141 9.55
      vertex -8.8194 -6.1134 0
      vertex -8.8194 -6.1134 9.55
    endloop
  endfacet
  facet normal -0.903987 -0.427559 0
    outer loop
      vertex -8.6096 -6.55698 0
      vertex -8.8194 -6.1134 9.55
      vertex -8.8194 -6.1134 0
    endloop
  endfacet
  facet normal -0.903987 -0.427559 0
    outer loop
      vertex -8.8194 -6.1134 9.55
      vertex -8.6096 -6.55698 0
      vertex -8.6096 -6.55698 9.55
    endloop
  endfacet
  facet normal -0.857732 -0.514097 0
    outer loop
      vertex -8.35735 -6.97784 0
      vertex -8.6096 -6.55698 9.55
      vertex -8.6096 -6.55698 0
    endloop
  endfacet
  facet normal -0.857732 -0.514097 0
    outer loop
      vertex -8.6096 -6.55698 9.55
      vertex -8.35735 -6.97784 0
      vertex -8.35735 -6.97784 9.55
    endloop
  endfacet
  facet normal -0.803207 -0.5957 0
    outer loop
      vertex -8.06505 -7.37196 0
      vertex -8.35735 -6.97784 9.55
      vertex -8.35735 -6.97784 0
    endloop
  endfacet
  facet normal -0.803207 -0.5957 0
    outer loop
      vertex -8.35735 -6.97784 9.55
      vertex -8.06505 -7.37196 0
      vertex -8.06505 -7.37196 9.55
    endloop
  endfacet
  facet normal -0.740932 -0.67158 0
    outer loop
      vertex -7.73552 -7.73552 0
      vertex -8.06505 -7.37196 9.55
      vertex -8.06505 -7.37196 0
    endloop
  endfacet
  facet normal -0.740932 -0.67158 0
    outer loop
      vertex -8.06505 -7.37196 9.55
      vertex -7.73552 -7.73552 0
      vertex -7.73552 -7.73552 9.55
    endloop
  endfacet
  facet normal -0.67158 -0.740932 0
    outer loop
      vertex -7.73552 -7.73552 0
      vertex -7.37196 -8.06505 9.55
      vertex -7.73552 -7.73552 9.55
    endloop
  endfacet
  facet normal -0.67158 -0.740932 -0
    outer loop
      vertex -7.37196 -8.06505 9.55
      vertex -7.73552 -7.73552 0
      vertex -7.37196 -8.06505 0
    endloop
  endfacet
  facet normal -0.5957 -0.803207 0
    outer loop
      vertex -7.37196 -8.06505 0
      vertex -6.97784 -8.35735 9.55
      vertex -7.37196 -8.06505 9.55
    endloop
  endfacet
  facet normal -0.5957 -0.803207 -0
    outer loop
      vertex -6.97784 -8.35735 9.55
      vertex -7.37196 -8.06505 0
      vertex -6.97784 -8.35735 0
    endloop
  endfacet
  facet normal -0.514097 -0.857732 0
    outer loop
      vertex -6.97784 -8.35735 0
      vertex -6.55698 -8.6096 9.55
      vertex -6.97784 -8.35735 9.55
    endloop
  endfacet
  facet normal -0.514097 -0.857732 -0
    outer loop
      vertex -6.55698 -8.6096 9.55
      vertex -6.97784 -8.35735 0
      vertex -6.55698 -8.6096 0
    endloop
  endfacet
  facet normal -0.427559 -0.903987 0
    outer loop
      vertex -6.55698 -8.6096 0
      vertex -6.1134 -8.8194 9.55
      vertex -6.55698 -8.6096 9.55
    endloop
  endfacet
  facet normal -0.427559 -0.903987 -0
    outer loop
      vertex -6.1134 -8.8194 9.55
      vertex -6.55698 -8.6096 0
      vertex -6.1134 -8.8194 0
    endloop
  endfacet
  facet normal -0.336885 -0.941546 0
    outer loop
      vertex -6.1134 -8.8194 0
      vertex -5.65141 -8.9847 9.55
      vertex -6.1134 -8.8194 9.55
    endloop
  endfacet
  facet normal -0.336885 -0.941546 -0
    outer loop
      vertex -5.65141 -8.9847 9.55
      vertex -6.1134 -8.8194 0
      vertex -5.65141 -8.9847 0
    endloop
  endfacet
  facet normal -0.242958 -0.970037 0
    outer loop
      vertex -5.65141 -8.9847 0
      vertex -5.17545 -9.10391 9.55
      vertex -5.65141 -8.9847 9.55
    endloop
  endfacet
  facet normal -0.242958 -0.970037 -0
    outer loop
      vertex -5.17545 -9.10391 9.55
      vertex -5.65141 -8.9847 0
      vertex -5.17545 -9.10391 0
    endloop
  endfacet
  facet normal -0.146755 -0.989173 0
    outer loop
      vertex -5.17545 -9.10391 0
      vertex -4.69008 -9.17592 9.55
      vertex -5.17545 -9.10391 9.55
    endloop
  endfacet
  facet normal -0.146755 -0.989173 -0
    outer loop
      vertex -4.69008 -9.17592 9.55
      vertex -5.17545 -9.10391 0
      vertex -4.69008 -9.17592 0
    endloop
  endfacet
  facet normal -0.0490756 -0.998795 0
    outer loop
      vertex -4.69008 -9.17592 0
      vertex -4.2 -9.2 9.55
      vertex -4.69008 -9.17592 9.55
    endloop
  endfacet
  facet normal -0.0490756 -0.998795 -0
    outer loop
      vertex -4.2 -9.2 9.55
      vertex -4.69008 -9.17592 0
      vertex -4.2 -9.2 0
    endloop
  endfacet
  facet normal 0.0490736 -0.998795 0
    outer loop
      vertex -4.2 -9.2 0
      vertex -3.7099 -9.17592 9.55
      vertex -4.2 -9.2 9.55
    endloop
  endfacet
  facet normal 0.0490736 -0.998795 0
    outer loop
      vertex -3.7099 -9.17592 9.55
      vertex -4.2 -9.2 0
      vertex -3.7099 -9.17592 0
    endloop
  endfacet
  facet normal 0.146775 -0.98917 0
    outer loop
      vertex 89.9571 -9.17592 0
      vertex 90.4424 -9.10391 9.55
      vertex 89.9571 -9.17592 9.55
    endloop
  endfacet
  facet normal 0.146775 -0.98917 0
    outer loop
      vertex 90.4424 -9.10391 9.55
      vertex 89.9571 -9.17592 0
      vertex 90.4424 -9.10391 0
    endloop
  endfacet
  facet normal 0.242938 -0.970042 0
    outer loop
      vertex 90.4424 -9.10391 0
      vertex 90.9184 -8.9847 9.55
      vertex 90.4424 -9.10391 9.55
    endloop
  endfacet
  facet normal 0.242938 -0.970042 0
    outer loop
      vertex 90.9184 -8.9847 9.55
      vertex 90.4424 -9.10391 0
      vertex 90.9184 -8.9847 0
    endloop
  endfacet
  facet normal 0.336879 -0.941548 0
    outer loop
      vertex 90.9184 -8.9847 0
      vertex 91.3804 -8.8194 9.55
      vertex 90.9184 -8.9847 9.55
    endloop
  endfacet
  facet normal 0.336879 -0.941548 0
    outer loop
      vertex 91.3804 -8.8194 9.55
      vertex 90.9184 -8.9847 0
      vertex 91.3804 -8.8194 0
    endloop
  endfacet
  facet normal 0.427543 -0.903995 0
    outer loop
      vertex 91.3804 -8.8194 0
      vertex 91.824 -8.6096 9.55
      vertex 91.3804 -8.8194 9.55
    endloop
  endfacet
  facet normal 0.427543 -0.903995 0
    outer loop
      vertex 91.824 -8.6096 9.55
      vertex 91.3804 -8.8194 0
      vertex 91.824 -8.6096 0
    endloop
  endfacet
  facet normal 0.514151 -0.8577 0
    outer loop
      vertex 91.824 -8.6096 0
      vertex 92.2448 -8.35735 9.55
      vertex 91.824 -8.6096 9.55
    endloop
  endfacet
  facet normal 0.514151 -0.8577 0
    outer loop
      vertex 92.2448 -8.35735 9.55
      vertex 91.824 -8.6096 0
      vertex 92.2448 -8.35735 0
    endloop
  endfacet
  facet normal 0.595622 -0.803265 0
    outer loop
      vertex 92.2448 -8.35735 0
      vertex 92.639 -8.06505 9.55
      vertex 92.2448 -8.35735 9.55
    endloop
  endfacet
  facet normal 0.595622 -0.803265 0
    outer loop
      vertex 92.639 -8.06505 9.55
      vertex 92.2448 -8.35735 0
      vertex 92.639 -8.06505 0
    endloop
  endfacet
  facet normal 0.67164 -0.740877 0
    outer loop
      vertex 92.639 -8.06505 0
      vertex 93.0025 -7.73552 9.55
      vertex 92.639 -8.06505 9.55
    endloop
  endfacet
  facet normal 0.67164 -0.740877 0
    outer loop
      vertex 93.0025 -7.73552 9.55
      vertex 92.639 -8.06505 0
      vertex 93.0025 -7.73552 0
    endloop
  endfacet
  facet normal 0.740963 -0.671546 0
    outer loop
      vertex 93.0025 -7.73552 9.55
      vertex 93.332 -7.37196 0
      vertex 93.332 -7.37196 9.55
    endloop
  endfacet
  facet normal 0.740963 -0.671546 0
    outer loop
      vertex 93.332 -7.37196 0
      vertex 93.0025 -7.73552 9.55
      vertex 93.0025 -7.73552 0
    endloop
  endfacet
  facet normal 0.803207 -0.5957 0
    outer loop
      vertex 93.332 -7.37196 9.55
      vertex 93.6243 -6.97784 0
      vertex 93.6243 -6.97784 9.55
    endloop
  endfacet
  facet normal 0.803207 -0.5957 0
    outer loop
      vertex 93.6243 -6.97784 0
      vertex 93.332 -7.37196 9.55
      vertex 93.332 -7.37196 0
    endloop
  endfacet
  facet normal 0.857687 -0.514172 0
    outer loop
      vertex 93.6243 -6.97784 9.55
      vertex 93.8766 -6.55698 0
      vertex 93.8766 -6.55698 9.55
    endloop
  endfacet
  facet normal 0.857687 -0.514172 0
    outer loop
      vertex 93.8766 -6.55698 0
      vertex 93.6243 -6.97784 9.55
      vertex 93.6243 -6.97784 0
    endloop
  endfacet
  facet normal 0.903987 -0.427559 0
    outer loop
      vertex 93.8766 -6.55698 9.55
      vertex 94.0864 -6.1134 0
      vertex 94.0864 -6.1134 9.55
    endloop
  endfacet
  facet normal 0.903987 -0.427559 0
    outer loop
      vertex 94.0864 -6.1134 0
      vertex 93.8766 -6.55698 9.55
      vertex 93.8766 -6.55698 0
    endloop
  endfacet
  facet normal 0.941546 -0.336885 0
    outer loop
      vertex 94.0864 -6.1134 9.55
      vertex 94.2517 -5.65141 0
      vertex 94.2517 -5.65141 9.55
    endloop
  endfacet
  facet normal 0.941546 -0.336885 0
    outer loop
      vertex 94.2517 -5.65141 0
      vertex 94.0864 -6.1134 9.55
      vertex 94.0864 -6.1134 0
    endloop
  endfacet
  facet normal 0.970042 -0.242938 0
    outer loop
      vertex 94.2517 -5.65141 9.55
      vertex 94.3709 -5.17545 0
      vertex 94.3709 -5.17545 9.55
    endloop
  endfacet
  facet normal 0.970042 -0.242938 0
    outer loop
      vertex 94.3709 -5.17545 0
      vertex 94.2517 -5.65141 9.55
      vertex 94.2517 -5.65141 0
    endloop
  endfacet
  facet normal 0.989176 -0.146735 0
    outer loop
      vertex 94.3709 -5.17545 9.55
      vertex 94.4429 -4.69008 0
      vertex 94.4429 -4.69008 9.55
    endloop
  endfacet
  facet normal 0.989176 -0.146735 0
    outer loop
      vertex 94.4429 -4.69008 0
      vertex 94.3709 -5.17545 9.55
      vertex 94.3709 -5.17545 0
    endloop
  endfacet
  facet normal 0.998793 -0.0491163 0
    outer loop
      vertex 94.4429 -4.69008 9.55
      vertex 94.467 -4.2 0
      vertex 94.467 -4.2 9.55
    endloop
  endfacet
  facet normal 0.998793 -0.0491163 0
    outer loop
      vertex 94.467 -4.2 0
      vertex 94.4429 -4.69008 9.55
      vertex 94.4429 -4.69008 0
    endloop
  endfacet
  facet normal 0.998793 0.0491143 0
    outer loop
      vertex 94.467 -4.2 9.55
      vertex 94.4429 -3.7099 0
      vertex 94.4429 -3.7099 9.55
    endloop
  endfacet
  facet normal 0.998793 0.0491143 0
    outer loop
      vertex 94.4429 -3.7099 0
      vertex 94.467 -4.2 9.55
      vertex 94.467 -4.2 0
    endloop
  endfacet
  facet normal 0.989175 0.146741 0
    outer loop
      vertex 94.4429 -3.7099 9.55
      vertex 94.3709 -3.22455 0
      vertex 94.3709 -3.22455 9.55
    endloop
  endfacet
  facet normal 0.989175 0.146741 0
    outer loop
      vertex 94.3709 -3.22455 0
      vertex 94.4429 -3.7099 9.55
      vertex 94.4429 -3.7099 0
    endloop
  endfacet
  facet normal 0.970044 0.242929 0
    outer loop
      vertex 94.3709 -3.22455 9.55
      vertex 94.2517 -2.74857 0
      vertex 94.2517 -2.74857 9.55
    endloop
  endfacet
  facet normal 0.970044 0.242929 0
    outer loop
      vertex 94.2517 -2.74857 0
      vertex 94.3709 -3.22455 9.55
      vertex 94.3709 -3.22455 0
    endloop
  endfacet
  facet normal 0.941546 0.336885 0
    outer loop
      vertex 94.2517 -2.74857 9.55
      vertex 94.0864 -2.28658 0
      vertex 94.0864 -2.28658 9.55
    endloop
  endfacet
  facet normal 0.941546 0.336885 0
    outer loop
      vertex 94.0864 -2.28658 0
      vertex 94.2517 -2.74857 9.55
      vertex 94.2517 -2.74857 0
    endloop
  endfacet
  facet normal 0.903987 0.427559 0
    outer loop
      vertex 94.0864 -2.28658 9.55
      vertex 93.8766 -1.843 0
      vertex 93.8766 -1.843 9.55
    endloop
  endfacet
  facet normal 0.903987 0.427559 0
    outer loop
      vertex 93.8766 -1.843 0
      vertex 94.0864 -2.28658 9.55
      vertex 94.0864 -2.28658 0
    endloop
  endfacet
  facet normal 0.857692 0.514163 0
    outer loop
      vertex 93.8766 -1.843 9.55
      vertex 93.6243 -1.42213 0
      vertex 93.6243 -1.42213 9.55
    endloop
  endfacet
  facet normal 0.857692 0.514163 0
    outer loop
      vertex 93.6243 -1.42213 0
      vertex 93.8766 -1.843 9.55
      vertex 93.8766 -1.843 0
    endloop
  endfacet
  facet normal 0.803192 0.59572 0
    outer loop
      vertex 93.6243 -1.42213 9.55
      vertex 93.332 -1.02803 0
      vertex 93.332 -1.02803 9.55
    endloop
  endfacet
  facet normal 0.803192 0.59572 0
    outer loop
      vertex 93.332 -1.02803 0
      vertex 93.6243 -1.42213 9.55
      vertex 93.6243 -1.42213 0
    endloop
  endfacet
  facet normal 0.740973 0.671535 0
    outer loop
      vertex 93.332 -1.02803 9.55
      vertex 93.0025 -0.664459 0
      vertex 93.0025 -0.664459 9.55
    endloop
  endfacet
  facet normal 0.740973 0.671535 0
    outer loop
      vertex 93.0025 -0.664459 0
      vertex 93.332 -1.02803 9.55
      vertex 93.332 -1.02803 0
    endloop
  endfacet
  facet normal 0.684197 0.729297 -0
    outer loop
      vertex 93.0025 -0.664459 0
      vertex 85.118 6.73246 9.55
      vertex 93.0025 -0.664459 9.55
    endloop
  endfacet
  facet normal 0.684197 0.729297 0
    outer loop
      vertex 85.118 6.73246 9.55
      vertex 93.0025 -0.664459 0
      vertex 85.118 6.73246 0
    endloop
  endfacet
  facet normal -0.729296 -0.684199 0
    outer loop
      vertex 85.9315 -7.73552 0
      vertex 78.5345 0.14903 9.55
      vertex 78.5345 0.14903 0
    endloop
  endfacet
  facet normal -0.729296 -0.684199 0
    outer loop
      vertex 78.5345 0.14903 9.55
      vertex 85.9315 -7.73552 0
      vertex 85.9315 -7.73552 9.55
    endloop
  endfacet
  facet normal -0.67164 -0.740877 0
    outer loop
      vertex 85.9315 -7.73552 0
      vertex 86.295 -8.06505 9.55
      vertex 85.9315 -7.73552 9.55
    endloop
  endfacet
  facet normal -0.67164 -0.740877 -0
    outer loop
      vertex 86.295 -8.06505 9.55
      vertex 85.9315 -7.73552 0
      vertex 86.295 -8.06505 0
    endloop
  endfacet
  facet normal -0.59572 -0.803192 0
    outer loop
      vertex 86.295 -8.06505 0
      vertex 86.6891 -8.35735 9.55
      vertex 86.295 -8.06505 9.55
    endloop
  endfacet
  facet normal -0.59572 -0.803192 -0
    outer loop
      vertex 86.6891 -8.35735 9.55
      vertex 86.295 -8.06505 0
      vertex 86.6891 -8.35735 0
    endloop
  endfacet
  facet normal -0.514061 -0.857754 0
    outer loop
      vertex 86.6891 -8.35735 0
      vertex 87.11 -8.6096 9.55
      vertex 86.6891 -8.35735 9.55
    endloop
  endfacet
  facet normal -0.514061 -0.857754 -0
    outer loop
      vertex 87.11 -8.6096 9.55
      vertex 86.6891 -8.35735 0
      vertex 87.11 -8.6096 0
    endloop
  endfacet
  facet normal -0.427543 -0.903995 0
    outer loop
      vertex 87.11 -8.6096 0
      vertex 87.5536 -8.8194 9.55
      vertex 87.11 -8.6096 9.55
    endloop
  endfacet
  facet normal -0.427543 -0.903995 -0
    outer loop
      vertex 87.5536 -8.8194 9.55
      vertex 87.11 -8.6096 0
      vertex 87.5536 -8.8194 0
    endloop
  endfacet
  facet normal -0.336879 -0.941548 0
    outer loop
      vertex 87.5536 -8.8194 0
      vertex 88.0156 -8.9847 9.55
      vertex 87.5536 -8.8194 9.55
    endloop
  endfacet
  facet normal -0.336879 -0.941548 -0
    outer loop
      vertex 88.0156 -8.9847 9.55
      vertex 87.5536 -8.8194 0
      vertex 88.0156 -8.9847 0
    endloop
  endfacet
  facet normal -0.242986 -0.97003 0
    outer loop
      vertex 88.0156 -8.9847 0
      vertex 88.4915 -9.10391 9.55
      vertex 88.0156 -8.9847 9.55
    endloop
  endfacet
  facet normal -0.242986 -0.97003 -0
    outer loop
      vertex 88.4915 -9.10391 9.55
      vertex 88.0156 -8.9847 0
      vertex 88.4915 -9.10391 0
    endloop
  endfacet
  facet normal -0.146746 -0.989174 0
    outer loop
      vertex 88.4915 -9.10391 0
      vertex 88.9769 -9.17592 9.55
      vertex 88.4915 -9.10391 9.55
    endloop
  endfacet
  facet normal -0.146746 -0.989174 -0
    outer loop
      vertex 88.9769 -9.17592 9.55
      vertex 88.4915 -9.10391 0
      vertex 88.9769 -9.17592 0
    endloop
  endfacet
  facet normal -0.0490736 -0.998795 0
    outer loop
      vertex 88.9769 -9.17592 0
      vertex 89.467 -9.2 9.55
      vertex 88.9769 -9.17592 9.55
    endloop
  endfacet
  facet normal -0.0490736 -0.998795 -0
    outer loop
      vertex 89.467 -9.2 9.55
      vertex 88.9769 -9.17592 0
      vertex 89.467 -9.2 0
    endloop
  endfacet
  facet normal 0.0490736 -0.998795 0
    outer loop
      vertex 89.467 -9.2 0
      vertex 89.9571 -9.17592 9.55
      vertex 89.467 -9.2 9.55
    endloop
  endfacet
  facet normal 0.0490736 -0.998795 0
    outer loop
      vertex 89.9571 -9.17592 9.55
      vertex 89.467 -9.2 0
      vertex 89.9571 -9.17592 0
    endloop
  endfacet
  facet normal 1 -0 0
    outer loop
      vertex 18.4 74.866 9.55
      vertex 18.4 77.266 2.4
      vertex 18.4 77.266 9.55
    endloop
  endfacet
  facet normal 1 0 0
    outer loop
      vertex 18.4 77.266 2.4
      vertex 18.4 74.866 9.55
      vertex 18.4 74.866 2.4
    endloop
  endfacet
  facet normal -1 0 0
    outer loop
      vertex 32.4 74.866 2.4
      vertex 32.4 77.266 9.55
      vertex 32.4 77.266 2.4
    endloop
  endfacet
  facet normal -1 -0 0
    outer loop
      vertex 32.4 77.266 9.55
      vertex 32.4 74.866 2.4
      vertex 32.4 74.866 9.55
    endloop
  endfacet
  facet normal 0 0 1
    outer loop
      vertex 67.9 77.266 2.4
      vertex 55.9 77.266 2.4
      vertex 67.9 74.866 2.4
    endloop
  endfacet
  facet normal 0 0 1
    outer loop
      vertex 77.587 74.866 2.4
      vertex 82.867 69.586 2.4
      vertex 82.8416 70.1035 2.4
    endloop
  endfacet
  facet normal 0 0 1
    outer loop
      vertex 82.867 69.586 2.4
      vertex 67.9 74.866 2.4
      vertex 82.867 7.68 2.4
    endloop
  endfacet
  facet normal 0 0 1
    outer loop
      vertex 77.587 74.866 2.4
      vertex 82.8416 70.1035 2.4
      vertex 82.7655 70.6161 2.4
    endloop
  endfacet
  facet normal 0 0 1
    outer loop
      vertex 55 2.4 2.4
      vertex 82.867 7.68 2.4
      vertex 67.9 74.866 2.4
    endloop
  endfacet
  facet normal 0 0 1
    outer loop
      vertex 77.587 74.866 2.4
      vertex 82.7655 70.6161 2.4
      vertex 82.6396 71.1187 2.4
    endloop
  endfacet
  facet normal 0 -0 1
    outer loop
      vertex 77.587 2.4 2.4
      vertex 82.867 7.68 2.4
      vertex 55 2.4 2.4
    endloop
  endfacet
  facet normal 0 0 1
    outer loop
      vertex 77.587 74.866 2.4
      vertex 82.6396 71.1187 2.4
      vertex 82.4651 71.6066 2.4
    endloop
  endfacet
  facet normal 0 0 1
    outer loop
      vertex 82.867 7.68 2.4
      vertex 77.587 2.4 2.4
      vertex 82.8416 7.16247 2.4
    endloop
  endfacet
  facet normal 0 0 1
    outer loop
      vertex 77.587 74.866 2.4
      vertex 82.4651 71.6066 2.4
      vertex 82.2435 72.075 2.4
    endloop
  endfacet
  facet normal 0 0 1
    outer loop
      vertex 82.8416 7.16247 2.4
      vertex 77.587 2.4 2.4
      vertex 82.7655 6.64991 2.4
    endloop
  endfacet
  facet normal 0 0 1
    outer loop
      vertex 77.587 74.866 2.4
      vertex 82.2435 72.075 2.4
      vertex 81.9771 72.5194 2.4
    endloop
  endfacet
  facet normal 0 0 1
    outer loop
      vertex 82.7655 6.64991 2.4
      vertex 77.587 2.4 2.4
      vertex 82.6396 6.14728 2.4
    endloop
  endfacet
  facet normal 0 0 1
    outer loop
      vertex 77.587 74.866 2.4
      vertex 81.9771 72.5194 2.4
      vertex 81.6685 72.9356 2.4
    endloop
  endfacet
  facet normal 0 0 1
    outer loop
      vertex 82.6396 6.14728 2.4
      vertex 77.587 2.4 2.4
      vertex 82.4651 5.65943 2.4
    endloop
  endfacet
  facet normal 0 0 1
    outer loop
      vertex 77.587 74.866 2.4
      vertex 81.6685 72.9356 2.4
      vertex 81.3205 73.3195 2.4
    endloop
  endfacet
  facet normal 0 0 1
    outer loop
      vertex 82.4651 5.65943 2.4
      vertex 77.587 2.4 2.4
      vertex 82.2435 5.19102 2.4
    endloop
  endfacet
  facet normal 0 0 1
    outer loop
      vertex 77.587 74.866 2.4
      vertex 81.3205 73.3195 2.4
      vertex 80.9366 73.6675 2.4
    endloop
  endfacet
  facet normal 0 0 1
    outer loop
      vertex 82.2435 5.19102 2.4
      vertex 77.587 2.4 2.4
      vertex 81.9771 4.74659 2.4
    endloop
  endfacet
  facet normal 0 0 1
    outer loop
      vertex 77.587 74.866 2.4
      vertex 80.9366 73.6675 2.4
      vertex 80.5204 73.9762 2.4
    endloop
  endfacet
  facet normal 0 0 1
    outer loop
      vertex 81.9771 4.74659 2.4
      vertex 77.587 2.4 2.4
      vertex 81.6685 4.33039 2.4
    endloop
  endfacet
  facet normal 0 0 1
    outer loop
      vertex 77.587 74.866 2.4
      vertex 80.5204 73.9762 2.4
      vertex 80.076 74.2425 2.4
    endloop
  endfacet
  facet normal 0 0 1
    outer loop
      vertex 81.3205 3.94646 2.4
      vertex 77.587 2.4 2.4
      vertex 80.9366 3.5985 2.4
    endloop
  endfacet
  facet normal 0 0 1
    outer loop
      vertex 77.587 74.866 2.4
      vertex 80.076 74.2425 2.4
      vertex 79.6076 74.4641 2.4
    endloop
  endfacet
  facet normal 0 0 1
    outer loop
      vertex 80.9366 3.5985 2.4
      vertex 77.587 2.4 2.4
      vertex 80.5204 3.28983 2.4
    endloop
  endfacet
  facet normal 0 0 1
    outer loop
      vertex 77.587 74.866 2.4
      vertex 79.6076 74.4641 2.4
      vertex 79.1197 74.6386 2.4
    endloop
  endfacet
  facet normal 0 0 1
    outer loop
      vertex 82.867 69.586 2.4
      vertex 77.587 74.866 2.4
      vertex 67.9 74.866 2.4
    endloop
  endfacet
  facet normal 0 0 1
    outer loop
      vertex 77.587 74.866 2.4
      vertex 79.1197 74.6386 2.4
      vertex 78.6171 74.7645 2.4
    endloop
  endfacet
  facet normal 0 0 1
    outer loop
      vertex 80.5204 3.28983 2.4
      vertex 77.587 2.4 2.4
      vertex 80.076 3.02344 2.4
    endloop
  endfacet
  facet normal 0 0 1
    outer loop
      vertex 77.587 74.866 2.4
      vertex 78.6171 74.7645 2.4
      vertex 78.1045 74.8406 2.4
    endloop
  endfacet
  facet normal 0 0 1
    outer loop
      vertex 79.6076 2.8019 2.4
      vertex 77.587 2.4 2.4
      vertex 79.1197 2.62734 2.4
    endloop
  endfacet
  facet normal 0 0 1
    outer loop
      vertex 79.1197 2.62734 2.4
      vertex 77.587 2.4 2.4
      vertex 78.6171 2.50144 2.4
    endloop
  endfacet
  facet normal 0 0 1
    outer loop
      vertex 78.6171 2.50144 2.4
      vertex 77.587 2.4 2.4
      vertex 78.1045 2.42542 2.4
    endloop
  endfacet
  facet normal 0 0 1
    outer loop
      vertex 80.076 3.02344 2.4
      vertex 77.587 2.4 2.4
      vertex 79.6076 2.8019 2.4
    endloop
  endfacet
  facet normal 0 0 1
    outer loop
      vertex 55.9 74.866 2.4
      vertex 67.9 74.866 2.4
      vertex 55.9 77.266 2.4
    endloop
  endfacet
  facet normal 0 0 1
    outer loop
      vertex 55 2.4 2.4
      vertex 67.9 74.866 2.4
      vertex 55.9 74.866 2.4
    endloop
  endfacet
  facet normal 0 0 1
    outer loop
      vertex 81.6685 4.33039 2.4
      vertex 77.587 2.4 2.4
      vertex 81.3205 3.94646 2.4
    endloop
  endfacet
  facet normal 0 0 1
    outer loop
      vertex 55 2.4 2.4
      vertex 39 2.4 2.4
      vertex 55 0 2.4
    endloop
  endfacet
  facet normal 0 0 1
    outer loop
      vertex 55.9 74.866 2.4
      vertex 39 2.4 2.4
      vertex 55 2.4 2.4
    endloop
  endfacet
  facet normal -0 0 1
    outer loop
      vertex 32.4 74.866 2.4
      vertex 39 2.4 2.4
      vertex 55.9 74.866 2.4
    endloop
  endfacet
  facet normal 0 0 1
    outer loop
      vertex 39 2.4 2.4
      vertex 32.4 74.866 2.4
      vertex 28.8 2.4 2.4
    endloop
  endfacet
  facet normal 0 0 1
    outer loop
      vertex 18.4 74.866 2.4
      vertex 32.4 74.866 2.4
      vertex 32.4 77.266 2.4
    endloop
  endfacet
  facet normal 0 0 1
    outer loop
      vertex 18.4 74.866 2.4
      vertex 32.4 77.266 2.4
      vertex 18.4 77.266 2.4
    endloop
  endfacet
  facet normal 0 0 1
    outer loop
      vertex 32.4 74.866 2.4
      vertex 18.4 74.866 2.4
      vertex 28.8 2.4 2.4
    endloop
  endfacet
  facet normal -0 0 1
    outer loop
      vertex 2.4 7.68 2.4
      vertex 28.8 2.4 2.4
      vertex 18.4 74.866 2.4
    endloop
  endfacet
  facet normal -0 -0 1
    outer loop
      vertex 6.65962 2.5 2.4
      vertex 28.8 2.4 2.4
      vertex 2.4 7.68 2.4
    endloop
  endfacet
  facet normal 0 0 1
    outer loop
      vertex 2.4 69.586 2.4
      vertex 18.4 74.866 2.4
      vertex 7.68 74.866 2.4
    endloop
  endfacet
  facet normal 0 0 1
    outer loop
      vertex 28.8 2.4 2.4
      vertex 8.28 0 2.4
      vertex 28.8 0 2.4
    endloop
  endfacet
  facet normal 0 0 1
    outer loop
      vertex 2.4 69.586 2.4
      vertex 7.68 74.866 2.4
      vertex 7.16247 74.8406 2.4
    endloop
  endfacet
  facet normal 0 0 1
    outer loop
      vertex 8.28 0 2.4
      vertex 6.65962 2.5 2.4
      vertex 7.46841 0.039856 2.4
    endloop
  endfacet
  facet normal 0 0 1
    outer loop
      vertex 7.46841 0.039856 2.4
      vertex 6.65962 2.5 2.4
      vertex 6.73245 0.149029 2.4
    endloop
  endfacet
  facet normal 0 0 1
    outer loop
      vertex 2.4 69.586 2.4
      vertex 7.16247 74.8406 2.4
      vertex 6.64991 74.7645 2.4
    endloop
  endfacet
  facet normal 0 0 1
    outer loop
      vertex 18.4 74.866 2.4
      vertex 2.4 69.586 2.4
      vertex 2.4 7.68 2.4
    endloop
  endfacet
  facet normal 0 0 1
    outer loop
      vertex 2.4 69.586 2.4
      vertex 6.64991 74.7645 2.4
      vertex 6.14728 74.6386 2.4
    endloop
  endfacet
  facet normal 0 -0 1
    outer loop
      vertex 8.28 0 2.4
      vertex 28.8 2.4 2.4
      vertex 6.65962 2.5 2.4
    endloop
  endfacet
  facet normal 0 0 1
    outer loop
      vertex 2.4 69.586 2.4
      vertex 6.14728 74.6386 2.4
      vertex 5.65943 74.4641 2.4
    endloop
  endfacet
  facet normal -0 -0 1
    outer loop
      vertex 6.14728 2.62734 2.4
      vertex 6.65962 2.5 2.4
      vertex 2.4 7.68 2.4
    endloop
  endfacet
  facet normal 0 0 1
    outer loop
      vertex 2.4 69.586 2.4
      vertex 5.65943 74.4641 2.4
      vertex 5.19102 74.2425 2.4
    endloop
  endfacet
  facet normal 0 0 1
    outer loop
      vertex 6.65962 2.5 2.4
      vertex 6.14728 2.62734 2.4
      vertex 6.64991 2.50144 2.4
    endloop
  endfacet
  facet normal 0 0 1
    outer loop
      vertex 2.4 69.586 2.4
      vertex 5.19102 74.2425 2.4
      vertex 4.74659 73.9762 2.4
    endloop
  endfacet
  facet normal 0 0 1
    outer loop
      vertex 6.14728 2.62734 2.4
      vertex 2.4 7.68 2.4
      vertex 5.65943 2.8019 2.4
    endloop
  endfacet
  facet normal 0 0 1
    outer loop
      vertex 2.4 69.586 2.4
      vertex 4.74659 73.9762 2.4
      vertex 4.33039 73.6675 2.4
    endloop
  endfacet
  facet normal 0 0 1
    outer loop
      vertex 5.65943 2.8019 2.4
      vertex 2.4 7.68 2.4
      vertex 5.19102 3.02344 2.4
    endloop
  endfacet
  facet normal 0 0 1
    outer loop
      vertex 2.4 69.586 2.4
      vertex 4.33039 73.6675 2.4
      vertex 3.94646 73.3195 2.4
    endloop
  endfacet
  facet normal 0 0 1
    outer loop
      vertex 5.19102 3.02344 2.4
      vertex 2.4 7.68 2.4
      vertex 4.74659 3.28983 2.4
    endloop
  endfacet
  facet normal 0 0 1
    outer loop
      vertex 2.4 69.586 2.4
      vertex 3.94646 73.3195 2.4
      vertex 3.5985 72.9356 2.4
    endloop
  endfacet
  facet normal 0 0 1
    outer loop
      vertex 4.74659 3.28983 2.4
      vertex 2.4 7.68 2.4
      vertex 4.33039 3.5985 2.4
    endloop
  endfacet
  facet normal 0 0 1
    outer loop
      vertex 2.4 69.586 2.4
      vertex 3.5985 72.9356 2.4
      vertex 3.28983 72.5194 2.4
    endloop
  endfacet
  facet normal 0 0 1
    outer loop
      vertex 4.33039 3.5985 2.4
      vertex 2.4 7.68 2.4
      vertex 3.94646 3.94646 2.4
    endloop
  endfacet
  facet normal 0 0 1
    outer loop
      vertex 2.4 69.586 2.4
      vertex 3.28983 72.5194 2.4
      vertex 3.02344 72.075 2.4
    endloop
  endfacet
  facet normal 0 0 1
    outer loop
      vertex 3.94646 3.94646 2.4
      vertex 2.4 7.68 2.4
      vertex 3.5985 4.33039 2.4
    endloop
  endfacet
  facet normal 0 0 1
    outer loop
      vertex 2.4 69.586 2.4
      vertex 3.02344 72.075 2.4
      vertex 2.8019 71.6066 2.4
    endloop
  endfacet
  facet normal 0 0 1
    outer loop
      vertex 3.5985 4.33039 2.4
      vertex 2.4 7.68 2.4
      vertex 3.28983 4.74659 2.4
    endloop
  endfacet
  facet normal 0 0 1
    outer loop
      vertex 2.4 69.586 2.4
      vertex 2.8019 71.6066 2.4
      vertex 2.62734 71.1187 2.4
    endloop
  endfacet
  facet normal 0 0 1
    outer loop
      vertex 3.28983 4.74659 2.4
      vertex 2.4 7.68 2.4
      vertex 3.02344 5.19102 2.4
    endloop
  endfacet
  facet normal 0 0 1
    outer loop
      vertex 2.4 69.586 2.4
      vertex 2.62734 71.1187 2.4
      vertex 2.50144 70.6161 2.4
    endloop
  endfacet
  facet normal 0 0 1
    outer loop
      vertex 3.02344 5.19102 2.4
      vertex 2.4 7.68 2.4
      vertex 2.8019 5.65943 2.4
    endloop
  endfacet
  facet normal 0 0 1
    outer loop
      vertex 2.4 69.586 2.4
      vertex 2.50144 70.6161 2.4
      vertex 2.42542 70.1035 2.4
    endloop
  endfacet
  facet normal 0 0 1
    outer loop
      vertex 2.8019 5.65943 2.4
      vertex 2.4 7.68 2.4
      vertex 2.62734 6.14728 2.4
    endloop
  endfacet
  facet normal 0 0 1
    outer loop
      vertex 2.62734 6.14728 2.4
      vertex 2.4 7.68 2.4
      vertex 2.50144 6.64991 2.4
    endloop
  endfacet
  facet normal 0 0 1
    outer loop
      vertex 2.50144 6.64991 2.4
      vertex 2.4 7.68 2.4
      vertex 2.42542 7.16247 2.4
    endloop
  endfacet
  facet normal 0 0 1
    outer loop
      vertex 55 0 2.4
      vertex 39 2.4 2.4
      vertex 39 0 2.4
    endloop
  endfacet
  facet normal -0 0 1
    outer loop
      vertex 4.8 2.5 2.4
      vertex 6.73245 0.149029 2.4
      vertex 6.65962 2.5 2.4
    endloop
  endfacet
  facet normal 0 0 1
    outer loop
      vertex 4.8 -0.0999994 2.4
      vertex 6.73245 0.149029 2.4
      vertex 4.8 2.5 2.4
    endloop
  endfacet
  facet normal 0 0 1
    outer loop
      vertex 6.73245 0.149029 2.4
      vertex 4.8 -0.0999994 2.4
      vertex 6.49883 -0.0999994 2.4
    endloop
  endfacet
  facet normal 1 -0 0
    outer loop
      vertex 55.9 74.866 9.55
      vertex 55.9 77.266 2.4
      vertex 55.9 77.266 9.55
    endloop
  endfacet
  facet normal 1 0 0
    outer loop
      vertex 55.9 77.266 2.4
      vertex 55.9 74.866 9.55
      vertex 55.9 74.866 2.4
    endloop
  endfacet
  facet normal -1 0 0
    outer loop
      vertex 67.9 74.866 2.4
      vertex 67.9 77.266 9.55
      vertex 67.9 77.266 2.4
    endloop
  endfacet
  facet normal -1 -0 0
    outer loop
      vertex 67.9 77.266 9.55
      vertex 67.9 74.866 2.4
      vertex 67.9 74.866 9.55
    endloop
  endfacet
  facet normal 1 -0 0
    outer loop
      vertex 4.8 -0.0999994 9.55
      vertex 4.8 2.5 2.4
      vertex 4.8 2.5 9.55
    endloop
  endfacet
  facet normal 1 0 0
    outer loop
      vertex 4.8 2.5 2.4
      vertex 4.8 -0.0999994 9.55
      vertex 4.8 -0.0999994 2.4
    endloop
  endfacet
  facet normal -1 0 0
    outer loop
      vertex 28.8 0 2.4
      vertex 28.8 2.4 9.55
      vertex 28.8 2.4 2.4
    endloop
  endfacet
  facet normal -1 -0 0
    outer loop
      vertex 28.8 2.4 9.55
      vertex 28.8 0 2.4
      vertex 28.8 0 9.55
    endloop
  endfacet
  facet normal 0 -1 0
    outer loop
      vertex 4.8 2.5 2.4
      vertex 6.65962 2.5 9.55
      vertex 4.8 2.5 9.55
    endloop
  endfacet
  facet normal 0 -1 -0
    outer loop
      vertex 6.65962 2.5 9.55
      vertex 4.8 2.5 2.4
      vertex 6.65962 2.5 2.4
    endloop
  endfacet
  facet normal 0 1 -0
    outer loop
      vertex 6.49883 -0.0999994 2.4
      vertex 4.8 -0.0999994 9.55
      vertex 6.49883 -0.0999994 9.55
    endloop
  endfacet
  facet normal 0 1 0
    outer loop
      vertex 4.8 -0.0999994 9.55
      vertex 6.49883 -0.0999994 2.4
      vertex 4.8 -0.0999994 2.4
    endloop
  endfacet
  facet normal 1 -0 0
    outer loop
      vertex 39 0 9.4
      vertex 39 2.4 2.4
      vertex 39 2.4 9.4
    endloop
  endfacet
  facet normal 1 0 0
    outer loop
      vertex 39 2.4 2.4
      vertex 39 0 9.4
      vertex 39 0 2.4
    endloop
  endfacet
  facet normal 0 0 -1
    outer loop
      vertex 39 0 9.4
      vertex 55 2.4 9.4
      vertex 55 0 9.4
    endloop
  endfacet
  facet normal -0 0 -1
    outer loop
      vertex 55 2.4 9.4
      vertex 39 0 9.4
      vertex 39 2.4 9.4
    endloop
  endfacet
  facet normal -1 0 0
    outer loop
      vertex 55 0 2.4
      vertex 55 2.4 9.4
      vertex 55 2.4 2.4
    endloop
  endfacet
  facet normal -1 -0 0
    outer loop
      vertex 55 2.4 9.4
      vertex 55 0 2.4
      vertex 55 0 9.4
    endloop
  endfacet
  facet normal -0.970027 -0.242997 0
    outer loop
      vertex -2.92498 -3.94638 0
      vertex -2.95598 -3.82263 9.55
      vertex -2.95598 -3.82263 0
    endloop
  endfacet
  facet normal -0.970027 -0.242997 0
    outer loop
      vertex -2.95598 -3.82263 9.55
      vertex -2.92498 -3.94638 0
      vertex -2.92498 -3.94638 9.55
    endloop
  endfacet
  facet normal -0.998795 -0.0490697 0
    outer loop
      vertex -2.9 -4.2 0
      vertex -2.90626 -4.07258 9.55
      vertex -2.90626 -4.07258 0
    endloop
  endfacet
  facet normal -0.998795 -0.0490697 0
    outer loop
      vertex -2.90626 -4.07258 9.55
      vertex -2.9 -4.2 0
      vertex -2.9 -4.2 9.55
    endloop
  endfacet
  facet normal 0.998795 -0.0490697 0
    outer loop
      vertex -5.5 -4.2 9.55
      vertex -5.49374 -4.07258 0
      vertex -5.49374 -4.07258 9.55
    endloop
  endfacet
  facet normal 0.998795 -0.0490697 0
    outer loop
      vertex -5.49374 -4.07258 0
      vertex -5.5 -4.2 9.55
      vertex -5.5 -4.2 0
    endloop
  endfacet
  facet normal -0.0490697 -0.998795 0
    outer loop
      vertex -4.2 -2.9 0
      vertex -4.07258 -2.90626 9.55
      vertex -4.2 -2.9 9.55
    endloop
  endfacet
  facet normal -0.0490697 -0.998795 -0
    outer loop
      vertex -4.07258 -2.90626 9.55
      vertex -4.2 -2.9 0
      vertex -4.07258 -2.90626 0
    endloop
  endfacet
  facet normal -0.671529 -0.740978 0
    outer loop
      vertex -3.37529 -3.19509 0
      vertex -3.28076 -3.28076 9.55
      vertex -3.37529 -3.19509 9.55
    endloop
  endfacet
  facet normal -0.671529 -0.740978 -0
    outer loop
      vertex -3.28076 -3.28076 9.55
      vertex -3.37529 -3.19509 0
      vertex -3.28076 -3.28076 0
    endloop
  endfacet
  facet normal 0.671529 -0.740978 0
    outer loop
      vertex -5.11924 -3.28076 0
      vertex -5.02471 -3.19509 9.55
      vertex -5.11924 -3.28076 9.55
    endloop
  endfacet
  facet normal 0.671529 -0.740978 0
    outer loop
      vertex -5.02471 -3.19509 9.55
      vertex -5.11924 -3.28076 0
      vertex -5.02471 -3.19509 0
    endloop
  endfacet
  facet normal 0.336892 -0.941543 0
    outer loop
      vertex -4.69749 -2.99896 0
      vertex -4.57737 -2.95598 9.55
      vertex -4.69749 -2.99896 9.55
    endloop
  endfacet
  facet normal 0.336892 -0.941543 0
    outer loop
      vertex -4.57737 -2.95598 9.55
      vertex -4.69749 -2.99896 0
      vertex -4.57737 -2.95598 0
    endloop
  endfacet
  facet normal -0.14673 0.989177 0
    outer loop
      vertex -3.94638 -5.47502 0
      vertex -4.07258 -5.49374 9.55
      vertex -3.94638 -5.47502 9.55
    endloop
  endfacet
  facet normal -0.14673 0.989177 0
    outer loop
      vertex -4.07258 -5.49374 9.55
      vertex -3.94638 -5.47502 0
      vertex -4.07258 -5.49374 0
    endloop
  endfacet
  facet normal 0.803196 0.595715 0
    outer loop
      vertex -5.20491 -5.02471 9.55
      vertex -5.28091 -4.92224 0
      vertex -5.28091 -4.92224 9.55
    endloop
  endfacet
  facet normal 0.803196 0.595715 0
    outer loop
      vertex -5.28091 -4.92224 0
      vertex -5.20491 -5.02471 9.55
      vertex -5.20491 -5.02471 0
    endloop
  endfacet
  facet normal -0.941543 -0.336892 0
    outer loop
      vertex -2.95598 -3.82263 0
      vertex -2.99896 -3.70251 9.55
      vertex -2.99896 -3.70251 0
    endloop
  endfacet
  facet normal -0.941543 -0.336892 0
    outer loop
      vertex -2.99896 -3.70251 9.55
      vertex -2.95598 -3.82263 0
      vertex -2.95598 -3.82263 9.55
    endloop
  endfacet
  facet normal -0.42751 -0.904011 0
    outer loop
      vertex -3.70251 -2.99896 0
      vertex -3.58718 -3.0535 9.55
      vertex -3.70251 -2.99896 9.55
    endloop
  endfacet
  facet normal -0.42751 -0.904011 -0
    outer loop
      vertex -3.58718 -3.0535 9.55
      vertex -3.70251 -2.99896 0
      vertex -3.58718 -3.0535 0
    endloop
  endfacet
  facet normal -0.595715 -0.803196 0
    outer loop
      vertex -3.47776 -3.11909 0
      vertex -3.37529 -3.19509 9.55
      vertex -3.47776 -3.11909 9.55
    endloop
  endfacet
  facet normal -0.595715 -0.803196 -0
    outer loop
      vertex -3.37529 -3.19509 9.55
      vertex -3.47776 -3.11909 0
      vertex -3.37529 -3.19509 0
    endloop
  endfacet
  facet normal 0.857707 -0.514138 0
    outer loop
      vertex -5.3465 -3.58718 9.55
      vertex -5.28091 -3.47776 0
      vertex -5.28091 -3.47776 9.55
    endloop
  endfacet
  facet normal 0.857707 -0.514138 0
    outer loop
      vertex -5.28091 -3.47776 0
      vertex -5.3465 -3.58718 9.55
      vertex -5.3465 -3.58718 0
    endloop
  endfacet
  facet normal 0.803196 -0.595715 0
    outer loop
      vertex -5.28091 -3.47776 9.55
      vertex -5.20491 -3.37529 0
      vertex -5.20491 -3.37529 9.55
    endloop
  endfacet
  facet normal 0.803196 -0.595715 0
    outer loop
      vertex -5.20491 -3.37529 0
      vertex -5.28091 -3.47776 9.55
      vertex -5.28091 -3.47776 0
    endloop
  endfacet
  facet normal -0.904011 0.42751 0
    outer loop
      vertex -3.0535 -4.81282 0
      vertex -2.99896 -4.69749 9.55
      vertex -2.99896 -4.69749 0
    endloop
  endfacet
  facet normal -0.904011 0.42751 0
    outer loop
      vertex -2.99896 -4.69749 9.55
      vertex -3.0535 -4.81282 0
      vertex -3.0535 -4.81282 9.55
    endloop
  endfacet
  facet normal -0.336892 0.941543 0
    outer loop
      vertex -3.70251 -5.40104 0
      vertex -3.82263 -5.44402 9.55
      vertex -3.70251 -5.40104 9.55
    endloop
  endfacet
  facet normal -0.336892 0.941543 0
    outer loop
      vertex -3.82263 -5.44402 9.55
      vertex -3.70251 -5.40104 0
      vertex -3.82263 -5.44402 0
    endloop
  endfacet
  facet normal -0.740978 0.671529 0
    outer loop
      vertex -3.28076 -5.11924 0
      vertex -3.19509 -5.02471 9.55
      vertex -3.19509 -5.02471 0
    endloop
  endfacet
  facet normal -0.740978 0.671529 0
    outer loop
      vertex -3.19509 -5.02471 9.55
      vertex -3.28076 -5.11924 0
      vertex -3.28076 -5.11924 9.55
    endloop
  endfacet
  facet normal -0.989177 0.14673 0
    outer loop
      vertex -2.92498 -4.45362 0
      vertex -2.90626 -4.32742 9.55
      vertex -2.90626 -4.32742 0
    endloop
  endfacet
  facet normal -0.989177 0.14673 0
    outer loop
      vertex -2.90626 -4.32742 9.55
      vertex -2.92498 -4.45362 0
      vertex -2.92498 -4.45362 9.55
    endloop
  endfacet
  facet normal -0.970027 0.242997 0
    outer loop
      vertex -2.95598 -4.57737 0
      vertex -2.92498 -4.45362 9.55
      vertex -2.92498 -4.45362 0
    endloop
  endfacet
  facet normal -0.970027 0.242997 0
    outer loop
      vertex -2.92498 -4.45362 9.55
      vertex -2.95598 -4.57737 0
      vertex -2.95598 -4.57737 9.55
    endloop
  endfacet
  facet normal 0.336892 0.941543 -0
    outer loop
      vertex -4.57737 -5.44402 0
      vertex -4.69749 -5.40104 9.55
      vertex -4.57737 -5.44402 9.55
    endloop
  endfacet
  facet normal 0.336892 0.941543 0
    outer loop
      vertex -4.69749 -5.40104 9.55
      vertex -4.57737 -5.44402 0
      vertex -4.69749 -5.40104 0
    endloop
  endfacet
  facet normal 0.514138 0.857707 -0
    outer loop
      vertex -4.81282 -5.3465 0
      vertex -4.92224 -5.28091 9.55
      vertex -4.81282 -5.3465 9.55
    endloop
  endfacet
  facet normal 0.514138 0.857707 0
    outer loop
      vertex -4.92224 -5.28091 9.55
      vertex -4.81282 -5.3465 0
      vertex -4.92224 -5.28091 0
    endloop
  endfacet
  facet normal 0.970027 0.242997 0
    outer loop
      vertex -5.44402 -4.57737 9.55
      vertex -5.47502 -4.45362 0
      vertex -5.47502 -4.45362 9.55
    endloop
  endfacet
  facet normal 0.970027 0.242997 0
    outer loop
      vertex -5.47502 -4.45362 0
      vertex -5.44402 -4.57737 9.55
      vertex -5.44402 -4.57737 0
    endloop
  endfacet
  facet normal -0.989177 -0.14673 0
    outer loop
      vertex -2.90626 -4.07258 0
      vertex -2.92498 -3.94638 9.55
      vertex -2.92498 -3.94638 0
    endloop
  endfacet
  facet normal -0.989177 -0.14673 0
    outer loop
      vertex -2.92498 -3.94638 9.55
      vertex -2.90626 -4.07258 0
      vertex -2.90626 -4.07258 9.55
    endloop
  endfacet
  facet normal -0.904011 -0.42751 0
    outer loop
      vertex -2.99896 -3.70251 0
      vertex -3.0535 -3.58718 9.55
      vertex -3.0535 -3.58718 0
    endloop
  endfacet
  facet normal -0.904011 -0.42751 0
    outer loop
      vertex -3.0535 -3.58718 9.55
      vertex -2.99896 -3.70251 0
      vertex -2.99896 -3.70251 9.55
    endloop
  endfacet
  facet normal -0.857707 -0.514138 0
    outer loop
      vertex -3.0535 -3.58718 0
      vertex -3.11909 -3.47776 9.55
      vertex -3.11909 -3.47776 0
    endloop
  endfacet
  facet normal -0.857707 -0.514138 0
    outer loop
      vertex -3.11909 -3.47776 9.55
      vertex -3.0535 -3.58718 0
      vertex -3.0535 -3.58718 9.55
    endloop
  endfacet
  facet normal -0.803196 -0.595715 0
    outer loop
      vertex -3.11909 -3.47776 0
      vertex -3.19509 -3.37529 9.55
      vertex -3.19509 -3.37529 0
    endloop
  endfacet
  facet normal -0.803196 -0.595715 0
    outer loop
      vertex -3.19509 -3.37529 9.55
      vertex -3.11909 -3.47776 0
      vertex -3.11909 -3.47776 9.55
    endloop
  endfacet
  facet normal -0.336892 -0.941543 0
    outer loop
      vertex -3.82263 -2.95598 0
      vertex -3.70251 -2.99896 9.55
      vertex -3.82263 -2.95598 9.55
    endloop
  endfacet
  facet normal -0.336892 -0.941543 -0
    outer loop
      vertex -3.70251 -2.99896 9.55
      vertex -3.82263 -2.95598 0
      vertex -3.70251 -2.99896 0
    endloop
  endfacet
  facet normal -0.242997 -0.970027 0
    outer loop
      vertex -3.94638 -2.92498 0
      vertex -3.82263 -2.95598 9.55
      vertex -3.94638 -2.92498 9.55
    endloop
  endfacet
  facet normal -0.242997 -0.970027 -0
    outer loop
      vertex -3.82263 -2.95598 9.55
      vertex -3.94638 -2.92498 0
      vertex -3.82263 -2.95598 0
    endloop
  endfacet
  facet normal -0.14673 -0.989177 0
    outer loop
      vertex -4.07258 -2.90626 0
      vertex -3.94638 -2.92498 9.55
      vertex -4.07258 -2.90626 9.55
    endloop
  endfacet
  facet normal -0.14673 -0.989177 -0
    outer loop
      vertex -3.94638 -2.92498 9.55
      vertex -4.07258 -2.90626 0
      vertex -3.94638 -2.92498 0
    endloop
  endfacet
  facet normal -0.514138 -0.857707 0
    outer loop
      vertex -3.58718 -3.0535 0
      vertex -3.47776 -3.11909 9.55
      vertex -3.58718 -3.0535 9.55
    endloop
  endfacet
  facet normal -0.514138 -0.857707 -0
    outer loop
      vertex -3.47776 -3.11909 9.55
      vertex -3.58718 -3.0535 0
      vertex -3.47776 -3.11909 0
    endloop
  endfacet
  facet normal 0.740978 -0.671529 0
    outer loop
      vertex -5.20491 -3.37529 9.55
      vertex -5.11924 -3.28076 0
      vertex -5.11924 -3.28076 9.55
    endloop
  endfacet
  facet normal 0.740978 -0.671529 0
    outer loop
      vertex -5.11924 -3.28076 0
      vertex -5.20491 -3.37529 9.55
      vertex -5.20491 -3.37529 0
    endloop
  endfacet
  facet normal 0.904011 -0.42751 0
    outer loop
      vertex -5.40104 -3.70251 9.55
      vertex -5.3465 -3.58718 0
      vertex -5.3465 -3.58718 9.55
    endloop
  endfacet
  facet normal 0.904011 -0.42751 0
    outer loop
      vertex -5.3465 -3.58718 0
      vertex -5.40104 -3.70251 9.55
      vertex -5.40104 -3.70251 0
    endloop
  endfacet
  facet normal 0.941543 -0.336892 0
    outer loop
      vertex -5.44402 -3.82263 9.55
      vertex -5.40104 -3.70251 0
      vertex -5.40104 -3.70251 9.55
    endloop
  endfacet
  facet normal 0.941543 -0.336892 0
    outer loop
      vertex -5.40104 -3.70251 0
      vertex -5.44402 -3.82263 9.55
      vertex -5.44402 -3.82263 0
    endloop
  endfacet
  facet normal 0.970027 -0.242997 0
    outer loop
      vertex -5.47502 -3.94638 9.55
      vertex -5.44402 -3.82263 0
      vertex -5.44402 -3.82263 9.55
    endloop
  endfacet
  facet normal 0.970027 -0.242997 0
    outer loop
      vertex -5.44402 -3.82263 0
      vertex -5.47502 -3.94638 9.55
      vertex -5.47502 -3.94638 0
    endloop
  endfacet
  facet normal 0.989177 -0.14673 0
    outer loop
      vertex -5.49374 -4.07258 9.55
      vertex -5.47502 -3.94638 0
      vertex -5.47502 -3.94638 9.55
    endloop
  endfacet
  facet normal 0.989177 -0.14673 0
    outer loop
      vertex -5.47502 -3.94638 0
      vertex -5.49374 -4.07258 9.55
      vertex -5.49374 -4.07258 0
    endloop
  endfacet
  facet normal 0.42751 -0.904011 0
    outer loop
      vertex -4.81282 -3.0535 0
      vertex -4.69749 -2.99896 9.55
      vertex -4.81282 -3.0535 9.55
    endloop
  endfacet
  facet normal 0.42751 -0.904011 0
    outer loop
      vertex -4.69749 -2.99896 9.55
      vertex -4.81282 -3.0535 0
      vertex -4.69749 -2.99896 0
    endloop
  endfacet
  facet normal 0.514138 -0.857707 0
    outer loop
      vertex -4.92224 -3.11909 0
      vertex -4.81282 -3.0535 9.55
      vertex -4.92224 -3.11909 9.55
    endloop
  endfacet
  facet normal 0.514138 -0.857707 0
    outer loop
      vertex -4.81282 -3.0535 9.55
      vertex -4.92224 -3.11909 0
      vertex -4.81282 -3.0535 0
    endloop
  endfacet
  facet normal 0.595715 -0.803196 0
    outer loop
      vertex -5.02471 -3.19509 0
      vertex -4.92224 -3.11909 9.55
      vertex -5.02471 -3.19509 9.55
    endloop
  endfacet
  facet normal 0.595715 -0.803196 0
    outer loop
      vertex -4.92224 -3.11909 9.55
      vertex -5.02471 -3.19509 0
      vertex -4.92224 -3.11909 0
    endloop
  endfacet
  facet normal 0.0490697 -0.998795 0
    outer loop
      vertex -4.32742 -2.90626 0
      vertex -4.2 -2.9 9.55
      vertex -4.32742 -2.90626 9.55
    endloop
  endfacet
  facet normal 0.0490697 -0.998795 0
    outer loop
      vertex -4.2 -2.9 9.55
      vertex -4.32742 -2.90626 0
      vertex -4.2 -2.9 0
    endloop
  endfacet
  facet normal 0.14673 -0.989177 0
    outer loop
      vertex -4.45362 -2.92498 0
      vertex -4.32742 -2.90626 9.55
      vertex -4.45362 -2.92498 9.55
    endloop
  endfacet
  facet normal 0.14673 -0.989177 0
    outer loop
      vertex -4.32742 -2.90626 9.55
      vertex -4.45362 -2.92498 0
      vertex -4.32742 -2.90626 0
    endloop
  endfacet
  facet normal -0.0490697 0.998795 0
    outer loop
      vertex -4.07258 -5.49374 0
      vertex -4.2 -5.5 9.55
      vertex -4.07258 -5.49374 9.55
    endloop
  endfacet
  facet normal -0.0490697 0.998795 0
    outer loop
      vertex -4.2 -5.5 9.55
      vertex -4.07258 -5.49374 0
      vertex -4.2 -5.5 0
    endloop
  endfacet
  facet normal -0.514138 0.857707 0
    outer loop
      vertex -3.47776 -5.28091 0
      vertex -3.58718 -5.3465 9.55
      vertex -3.47776 -5.28091 9.55
    endloop
  endfacet
  facet normal -0.514138 0.857707 0
    outer loop
      vertex -3.58718 -5.3465 9.55
      vertex -3.47776 -5.28091 0
      vertex -3.58718 -5.3465 0
    endloop
  endfacet
  facet normal -0.671529 0.740978 0
    outer loop
      vertex -3.28076 -5.11924 0
      vertex -3.37529 -5.20491 9.55
      vertex -3.28076 -5.11924 9.55
    endloop
  endfacet
  facet normal -0.671529 0.740978 0
    outer loop
      vertex -3.37529 -5.20491 9.55
      vertex -3.28076 -5.11924 0
      vertex -3.37529 -5.20491 0
    endloop
  endfacet
  facet normal -0.803196 0.595715 0
    outer loop
      vertex -3.19509 -5.02471 0
      vertex -3.11909 -4.92224 9.55
      vertex -3.11909 -4.92224 0
    endloop
  endfacet
  facet normal -0.803196 0.595715 0
    outer loop
      vertex -3.11909 -4.92224 9.55
      vertex -3.19509 -5.02471 0
      vertex -3.19509 -5.02471 9.55
    endloop
  endfacet
  facet normal -0.857707 0.514138 0
    outer loop
      vertex -3.11909 -4.92224 0
      vertex -3.0535 -4.81282 9.55
      vertex -3.0535 -4.81282 0
    endloop
  endfacet
  facet normal -0.857707 0.514138 0
    outer loop
      vertex -3.0535 -4.81282 9.55
      vertex -3.11909 -4.92224 0
      vertex -3.11909 -4.92224 9.55
    endloop
  endfacet
  facet normal 0.14673 0.989177 -0
    outer loop
      vertex -4.32742 -5.49374 0
      vertex -4.45362 -5.47502 9.55
      vertex -4.32742 -5.49374 9.55
    endloop
  endfacet
  facet normal 0.14673 0.989177 0
    outer loop
      vertex -4.45362 -5.47502 9.55
      vertex -4.32742 -5.49374 0
      vertex -4.45362 -5.47502 0
    endloop
  endfacet
  facet normal 0.671529 0.740978 -0
    outer loop
      vertex -5.02471 -5.20491 0
      vertex -5.11924 -5.11924 9.55
      vertex -5.02471 -5.20491 9.55
    endloop
  endfacet
  facet normal 0.671529 0.740978 0
    outer loop
      vertex -5.11924 -5.11924 9.55
      vertex -5.02471 -5.20491 0
      vertex -5.11924 -5.11924 0
    endloop
  endfacet
  facet normal 0.42751 0.904011 -0
    outer loop
      vertex -4.69749 -5.40104 0
      vertex -4.81282 -5.3465 9.55
      vertex -4.69749 -5.40104 9.55
    endloop
  endfacet
  facet normal 0.42751 0.904011 0
    outer loop
      vertex -4.81282 -5.3465 9.55
      vertex -4.69749 -5.40104 0
      vertex -4.81282 -5.3465 0
    endloop
  endfacet
  facet normal 0.0490697 0.998795 -0
    outer loop
      vertex -4.2 -5.5 0
      vertex -4.32742 -5.49374 9.55
      vertex -4.2 -5.5 9.55
    endloop
  endfacet
  facet normal 0.0490697 0.998795 0
    outer loop
      vertex -4.32742 -5.49374 9.55
      vertex -4.2 -5.5 0
      vertex -4.32742 -5.49374 0
    endloop
  endfacet
  facet normal 0.595715 0.803196 -0
    outer loop
      vertex -4.92224 -5.28091 0
      vertex -5.02471 -5.20491 9.55
      vertex -4.92224 -5.28091 9.55
    endloop
  endfacet
  facet normal 0.595715 0.803196 0
    outer loop
      vertex -5.02471 -5.20491 9.55
      vertex -4.92224 -5.28091 0
      vertex -5.02471 -5.20491 0
    endloop
  endfacet
  facet normal 0.904011 0.42751 0
    outer loop
      vertex -5.3465 -4.81282 9.55
      vertex -5.40104 -4.69749 0
      vertex -5.40104 -4.69749 9.55
    endloop
  endfacet
  facet normal 0.904011 0.42751 0
    outer loop
      vertex -5.40104 -4.69749 0
      vertex -5.3465 -4.81282 9.55
      vertex -5.3465 -4.81282 0
    endloop
  endfacet
  facet normal 0.857707 0.514138 0
    outer loop
      vertex -5.28091 -4.92224 9.55
      vertex -5.3465 -4.81282 0
      vertex -5.3465 -4.81282 9.55
    endloop
  endfacet
  facet normal 0.857707 0.514138 0
    outer loop
      vertex -5.3465 -4.81282 0
      vertex -5.28091 -4.92224 9.55
      vertex -5.28091 -4.92224 0
    endloop
  endfacet
  facet normal 0.998795 0.0490697 0
    outer loop
      vertex -5.49374 -4.32742 9.55
      vertex -5.5 -4.2 0
      vertex -5.5 -4.2 9.55
    endloop
  endfacet
  facet normal 0.998795 0.0490697 0
    outer loop
      vertex -5.5 -4.2 0
      vertex -5.49374 -4.32742 9.55
      vertex -5.49374 -4.32742 0
    endloop
  endfacet
  facet normal -0.740978 -0.671529 0
    outer loop
      vertex -3.19509 -3.37529 0
      vertex -3.28076 -3.28076 9.55
      vertex -3.28076 -3.28076 0
    endloop
  endfacet
  facet normal -0.740978 -0.671529 0
    outer loop
      vertex -3.28076 -3.28076 9.55
      vertex -3.19509 -3.37529 0
      vertex -3.19509 -3.37529 9.55
    endloop
  endfacet
  facet normal 0.242997 -0.970027 0
    outer loop
      vertex -4.57737 -2.95598 0
      vertex -4.45362 -2.92498 9.55
      vertex -4.57737 -2.95598 9.55
    endloop
  endfacet
  facet normal 0.242997 -0.970027 0
    outer loop
      vertex -4.45362 -2.92498 9.55
      vertex -4.57737 -2.95598 0
      vertex -4.45362 -2.92498 0
    endloop
  endfacet
  facet normal -0.42751 0.904011 0
    outer loop
      vertex -3.58718 -5.3465 0
      vertex -3.70251 -5.40104 9.55
      vertex -3.58718 -5.3465 9.55
    endloop
  endfacet
  facet normal -0.42751 0.904011 0
    outer loop
      vertex -3.70251 -5.40104 9.55
      vertex -3.58718 -5.3465 0
      vertex -3.70251 -5.40104 0
    endloop
  endfacet
  facet normal -0.595715 0.803196 0
    outer loop
      vertex -3.37529 -5.20491 0
      vertex -3.47776 -5.28091 9.55
      vertex -3.37529 -5.20491 9.55
    endloop
  endfacet
  facet normal -0.595715 0.803196 0
    outer loop
      vertex -3.47776 -5.28091 9.55
      vertex -3.37529 -5.20491 0
      vertex -3.47776 -5.28091 0
    endloop
  endfacet
  facet normal -0.941543 0.336892 0
    outer loop
      vertex -2.99896 -4.69749 0
      vertex -2.95598 -4.57737 9.55
      vertex -2.95598 -4.57737 0
    endloop
  endfacet
  facet normal -0.941543 0.336892 0
    outer loop
      vertex -2.95598 -4.57737 9.55
      vertex -2.99896 -4.69749 0
      vertex -2.99896 -4.69749 9.55
    endloop
  endfacet
  facet normal 0.242997 0.970027 -0
    outer loop
      vertex -4.45362 -5.47502 0
      vertex -4.57737 -5.44402 9.55
      vertex -4.45362 -5.47502 9.55
    endloop
  endfacet
  facet normal 0.242997 0.970027 0
    outer loop
      vertex -4.57737 -5.44402 9.55
      vertex -4.45362 -5.47502 0
      vertex -4.57737 -5.44402 0
    endloop
  endfacet
  facet normal 0.740978 0.671529 0
    outer loop
      vertex -5.11924 -5.11924 9.55
      vertex -5.20491 -5.02471 0
      vertex -5.20491 -5.02471 9.55
    endloop
  endfacet
  facet normal 0.740978 0.671529 0
    outer loop
      vertex -5.20491 -5.02471 0
      vertex -5.11924 -5.11924 9.55
      vertex -5.11924 -5.11924 0
    endloop
  endfacet
  facet normal 0.989177 0.14673 0
    outer loop
      vertex -5.47502 -4.45362 9.55
      vertex -5.49374 -4.32742 0
      vertex -5.49374 -4.32742 9.55
    endloop
  endfacet
  facet normal 0.989177 0.14673 0
    outer loop
      vertex -5.49374 -4.32742 0
      vertex -5.47502 -4.45362 9.55
      vertex -5.47502 -4.45362 0
    endloop
  endfacet
  facet normal 0.941543 0.336892 0
    outer loop
      vertex -5.40104 -4.69749 9.55
      vertex -5.44402 -4.57737 0
      vertex -5.44402 -4.57737 9.55
    endloop
  endfacet
  facet normal 0.941543 0.336892 0
    outer loop
      vertex -5.44402 -4.57737 0
      vertex -5.40104 -4.69749 9.55
      vertex -5.40104 -4.69749 0
    endloop
  endfacet
  facet normal -0.242997 0.970027 0
    outer loop
      vertex -3.82263 -5.44402 0
      vertex -3.94638 -5.47502 9.55
      vertex -3.82263 -5.44402 9.55
    endloop
  endfacet
  facet normal -0.242997 0.970027 0
    outer loop
      vertex -3.94638 -5.47502 9.55
      vertex -3.82263 -5.44402 0
      vertex -3.94638 -5.47502 0
    endloop
  endfacet
  facet normal -0.998795 0.0490697 0
    outer loop
      vertex -2.90626 -4.32742 0
      vertex -2.9 -4.2 9.55
      vertex -2.9 -4.2 0
    endloop
  endfacet
  facet normal -0.998795 0.0490697 0
    outer loop
      vertex -2.9 -4.2 9.55
      vertex -2.90626 -4.32742 0
      vertex -2.90626 -4.32742 9.55
    endloop
  endfacet
  facet normal -0.970027 -0.242997 0
    outer loop
      vertex 90.742 -3.94638 0
      vertex 90.711 -3.82263 9.55
      vertex 90.711 -3.82263 0
    endloop
  endfacet
  facet normal -0.970027 -0.242997 0
    outer loop
      vertex 90.711 -3.82263 9.55
      vertex 90.742 -3.94638 0
      vertex 90.742 -3.94638 9.55
    endloop
  endfacet
  facet normal -0.99878 -0.0493825 0
    outer loop
      vertex 90.767 -4.2 0
      vertex 90.7607 -4.07258 9.55
      vertex 90.7607 -4.07258 0
    endloop
  endfacet
  facet normal -0.99878 -0.0493825 0
    outer loop
      vertex 90.7607 -4.07258 9.55
      vertex 90.767 -4.2 0
      vertex 90.767 -4.2 9.55
    endloop
  endfacet
  facet normal 0.99878 -0.0493825 0
    outer loop
      vertex 88.167 -4.2 9.55
      vertex 88.1733 -4.07258 0
      vertex 88.1733 -4.07258 9.55
    endloop
  endfacet
  facet normal 0.99878 -0.0493825 0
    outer loop
      vertex 88.1733 -4.07258 0
      vertex 88.167 -4.2 9.55
      vertex 88.167 -4.2 0
    endloop
  endfacet
  facet normal -0.0490774 -0.998795 0
    outer loop
      vertex 89.467 -2.9 0
      vertex 89.5944 -2.90626 9.55
      vertex 89.467 -2.9 9.55
    endloop
  endfacet
  facet normal -0.0490774 -0.998795 -0
    outer loop
      vertex 89.5944 -2.90626 9.55
      vertex 89.467 -2.9 0
      vertex 89.5944 -2.90626 0
    endloop
  endfacet
  facet normal -0.671646 -0.740872 0
    outer loop
      vertex 90.2917 -3.19509 0
      vertex 90.3862 -3.28076 9.55
      vertex 90.2917 -3.19509 9.55
    endloop
  endfacet
  facet normal -0.671646 -0.740872 -0
    outer loop
      vertex 90.3862 -3.28076 9.55
      vertex 90.2917 -3.19509 0
      vertex 90.3862 -3.28076 0
    endloop
  endfacet
  facet normal 0.671646 -0.740872 0
    outer loop
      vertex 88.5478 -3.28076 0
      vertex 88.6423 -3.19509 9.55
      vertex 88.5478 -3.28076 9.55
    endloop
  endfacet
  facet normal 0.671646 -0.740872 0
    outer loop
      vertex 88.6423 -3.19509 9.55
      vertex 88.5478 -3.28076 0
      vertex 88.6423 -3.19509 0
    endloop
  endfacet
  facet normal 0.336942 -0.941525 0
    outer loop
      vertex 88.9695 -2.99896 0
      vertex 89.0896 -2.95598 9.55
      vertex 88.9695 -2.99896 9.55
    endloop
  endfacet
  facet normal 0.336942 -0.941525 0
    outer loop
      vertex 89.0896 -2.95598 9.55
      vertex 88.9695 -2.99896 0
      vertex 89.0896 -2.95598 0
    endloop
  endfacet
  facet normal 0.803196 0.595715 0
    outer loop
      vertex 88.4621 -5.02471 9.55
      vertex 88.3861 -4.92224 0
      vertex 88.3861 -4.92224 9.55
    endloop
  endfacet
  facet normal 0.803196 0.595715 0
    outer loop
      vertex 88.3861 -4.92224 0
      vertex 88.4621 -5.02471 9.55
      vertex 88.4621 -5.02471 0
    endloop
  endfacet
  facet normal -0.941493 -0.337031 0
    outer loop
      vertex 90.711 -3.82263 0
      vertex 90.668 -3.70251 9.55
      vertex 90.668 -3.70251 0
    endloop
  endfacet
  facet normal -0.941493 -0.337031 0
    outer loop
      vertex 90.668 -3.70251 9.55
      vertex 90.711 -3.82263 0
      vertex 90.711 -3.82263 9.55
    endloop
  endfacet
  facet normal -0.427601 -0.903968 0
    outer loop
      vertex 89.9645 -2.99896 0
      vertex 90.0798 -3.0535 9.55
      vertex 89.9645 -2.99896 9.55
    endloop
  endfacet
  facet normal -0.427601 -0.903968 -0
    outer loop
      vertex 90.0798 -3.0535 9.55
      vertex 89.9645 -2.99896 0
      vertex 90.0798 -3.0535 0
    endloop
  endfacet
  facet normal -0.595602 -0.803279 0
    outer loop
      vertex 90.1892 -3.11909 0
      vertex 90.2917 -3.19509 9.55
      vertex 90.1892 -3.11909 9.55
    endloop
  endfacet
  facet normal -0.595602 -0.803279 -0
    outer loop
      vertex 90.2917 -3.19509 9.55
      vertex 90.1892 -3.11909 0
      vertex 90.2917 -3.19509 0
    endloop
  endfacet
  facet normal 0.857673 -0.514196 0
    outer loop
      vertex 88.3205 -3.58718 9.55
      vertex 88.3861 -3.47776 0
      vertex 88.3861 -3.47776 9.55
    endloop
  endfacet
  facet normal 0.857673 -0.514196 0
    outer loop
      vertex 88.3861 -3.47776 0
      vertex 88.3205 -3.58718 9.55
      vertex 88.3205 -3.58718 0
    endloop
  endfacet
  facet normal 0.803196 -0.595715 0
    outer loop
      vertex 88.3861 -3.47776 9.55
      vertex 88.4621 -3.37529 0
      vertex 88.4621 -3.37529 9.55
    endloop
  endfacet
  facet normal 0.803196 -0.595715 0
    outer loop
      vertex 88.4621 -3.37529 0
      vertex 88.3861 -3.47776 9.55
      vertex 88.3861 -3.47776 0
    endloop
  endfacet
  facet normal -0.904132 0.427254 0
    outer loop
      vertex 90.6135 -4.81282 0
      vertex 90.668 -4.69749 9.55
      vertex 90.668 -4.69749 0
    endloop
  endfacet
  facet normal -0.904132 0.427254 0
    outer loop
      vertex 90.668 -4.69749 9.55
      vertex 90.6135 -4.81282 0
      vertex 90.6135 -4.81282 9.55
    endloop
  endfacet
  facet normal -0.336942 0.941525 0
    outer loop
      vertex 89.9645 -5.40104 0
      vertex 89.8444 -5.44402 9.55
      vertex 89.9645 -5.40104 9.55
    endloop
  endfacet
  facet normal -0.336942 0.941525 0
    outer loop
      vertex 89.8444 -5.44402 9.55
      vertex 89.9645 -5.40104 0
      vertex 89.8444 -5.44402 0
    endloop
  endfacet
  facet normal -0.740861 0.671658 0
    outer loop
      vertex 90.3862 -5.11924 0
      vertex 90.4719 -5.02471 9.55
      vertex 90.4719 -5.02471 0
    endloop
  endfacet
  facet normal -0.740861 0.671658 0
    outer loop
      vertex 90.4719 -5.02471 9.55
      vertex 90.3862 -5.11924 0
      vertex 90.3862 -5.11924 9.55
    endloop
  endfacet
  facet normal -0.989199 0.146577 0
    outer loop
      vertex 90.742 -4.45362 0
      vertex 90.7607 -4.32742 9.55
      vertex 90.7607 -4.32742 0
    endloop
  endfacet
  facet normal -0.989199 0.146577 0
    outer loop
      vertex 90.7607 -4.32742 9.55
      vertex 90.742 -4.45362 0
      vertex 90.742 -4.45362 9.55
    endloop
  endfacet
  facet normal -0.970027 0.242997 0
    outer loop
      vertex 90.711 -4.57737 0
      vertex 90.742 -4.45362 9.55
      vertex 90.742 -4.45362 0
    endloop
  endfacet
  facet normal -0.970027 0.242997 0
    outer loop
      vertex 90.742 -4.45362 9.55
      vertex 90.711 -4.57737 0
      vertex 90.711 -4.57737 9.55
    endloop
  endfacet
  facet normal 0.336942 0.941525 -0
    outer loop
      vertex 89.0896 -5.44402 0
      vertex 88.9695 -5.40104 9.55
      vertex 89.0896 -5.44402 9.55
    endloop
  endfacet
  facet normal 0.336942 0.941525 0
    outer loop
      vertex 88.9695 -5.40104 9.55
      vertex 89.0896 -5.44402 0
      vertex 88.9695 -5.40104 0
    endloop
  endfacet
  facet normal 0.514208 0.857666 -0
    outer loop
      vertex 88.8542 -5.3465 0
      vertex 88.7448 -5.28091 9.55
      vertex 88.8542 -5.3465 9.55
    endloop
  endfacet
  facet normal 0.514208 0.857666 0
    outer loop
      vertex 88.7448 -5.28091 9.55
      vertex 88.8542 -5.3465 0
      vertex 88.7448 -5.28091 0
    endloop
  endfacet
  facet normal -0.989199 -0.146577 0
    outer loop
      vertex 90.7607 -4.07258 0
      vertex 90.742 -3.94638 9.55
      vertex 90.742 -3.94638 0
    endloop
  endfacet
  facet normal -0.989199 -0.146577 0
    outer loop
      vertex 90.742 -3.94638 9.55
      vertex 90.7607 -4.07258 0
      vertex 90.7607 -4.07258 9.55
    endloop
  endfacet
  facet normal -0.904132 -0.427254 0
    outer loop
      vertex 90.668 -3.70251 0
      vertex 90.6135 -3.58718 9.55
      vertex 90.6135 -3.58718 0
    endloop
  endfacet
  facet normal -0.904132 -0.427254 0
    outer loop
      vertex 90.6135 -3.58718 9.55
      vertex 90.668 -3.70251 0
      vertex 90.668 -3.70251 9.55
    endloop
  endfacet
  facet normal -0.857673 -0.514196 0
    outer loop
      vertex 90.6135 -3.58718 0
      vertex 90.5479 -3.47776 9.55
      vertex 90.5479 -3.47776 0
    endloop
  endfacet
  facet normal -0.857673 -0.514196 0
    outer loop
      vertex 90.5479 -3.47776 9.55
      vertex 90.6135 -3.58718 0
      vertex 90.6135 -3.58718 9.55
    endloop
  endfacet
  facet normal -0.740861 -0.671658 0
    outer loop
      vertex 90.4719 -3.37529 0
      vertex 90.3862 -3.28076 9.55
      vertex 90.3862 -3.28076 0
    endloop
  endfacet
  facet normal -0.740861 -0.671658 0
    outer loop
      vertex 90.3862 -3.28076 9.55
      vertex 90.4719 -3.37529 0
      vertex 90.4719 -3.37529 9.55
    endloop
  endfacet
  facet normal -0.803196 -0.595715 0
    outer loop
      vertex 90.5479 -3.47776 0
      vertex 90.4719 -3.37529 9.55
      vertex 90.4719 -3.37529 0
    endloop
  endfacet
  facet normal -0.803196 -0.595715 0
    outer loop
      vertex 90.4719 -3.37529 9.55
      vertex 90.5479 -3.47776 0
      vertex 90.5479 -3.47776 9.55
    endloop
  endfacet
  facet normal -0.242904 -0.97005 0
    outer loop
      vertex 89.7206 -2.92498 0
      vertex 89.8444 -2.95598 9.55
      vertex 89.7206 -2.92498 9.55
    endloop
  endfacet
  facet normal -0.242904 -0.97005 -0
    outer loop
      vertex 89.8444 -2.95598 9.55
      vertex 89.7206 -2.92498 0
      vertex 89.8444 -2.95598 0
    endloop
  endfacet
  facet normal -0.14673 -0.989177 0
    outer loop
      vertex 89.5944 -2.90626 0
      vertex 89.7206 -2.92498 9.55
      vertex 89.5944 -2.90626 9.55
    endloop
  endfacet
  facet normal -0.14673 -0.989177 -0
    outer loop
      vertex 89.7206 -2.92498 9.55
      vertex 89.5944 -2.90626 0
      vertex 89.7206 -2.92498 0
    endloop
  endfacet
  facet normal -0.514208 -0.857666 0
    outer loop
      vertex 90.0798 -3.0535 0
      vertex 90.1892 -3.11909 9.55
      vertex 90.0798 -3.0535 9.55
    endloop
  endfacet
  facet normal -0.514208 -0.857666 -0
    outer loop
      vertex 90.1892 -3.11909 9.55
      vertex 90.0798 -3.0535 0
      vertex 90.1892 -3.11909 0
    endloop
  endfacet
  facet normal 0.904132 -0.427254 0
    outer loop
      vertex 88.266 -3.70251 9.55
      vertex 88.3205 -3.58718 0
      vertex 88.3205 -3.58718 9.55
    endloop
  endfacet
  facet normal 0.904132 -0.427254 0
    outer loop
      vertex 88.3205 -3.58718 0
      vertex 88.266 -3.70251 9.55
      vertex 88.266 -3.70251 0
    endloop
  endfacet
  facet normal 0.970027 -0.242997 0
    outer loop
      vertex 88.192 -3.94638 9.55
      vertex 88.223 -3.82263 0
      vertex 88.223 -3.82263 9.55
    endloop
  endfacet
  facet normal 0.970027 -0.242997 0
    outer loop
      vertex 88.223 -3.82263 0
      vertex 88.192 -3.94638 9.55
      vertex 88.192 -3.94638 0
    endloop
  endfacet
  facet normal 0.989199 -0.146577 0
    outer loop
      vertex 88.1733 -4.07258 9.55
      vertex 88.192 -3.94638 0
      vertex 88.192 -3.94638 9.55
    endloop
  endfacet
  facet normal 0.989199 -0.146577 0
    outer loop
      vertex 88.192 -3.94638 0
      vertex 88.1733 -4.07258 9.55
      vertex 88.1733 -4.07258 0
    endloop
  endfacet
  facet normal 0.514208 -0.857666 0
    outer loop
      vertex 88.7448 -3.11909 0
      vertex 88.8542 -3.0535 9.55
      vertex 88.7448 -3.11909 9.55
    endloop
  endfacet
  facet normal 0.514208 -0.857666 0
    outer loop
      vertex 88.8542 -3.0535 9.55
      vertex 88.7448 -3.11909 0
      vertex 88.8542 -3.0535 0
    endloop
  endfacet
  facet normal 0.595602 -0.803279 0
    outer loop
      vertex 88.6423 -3.19509 0
      vertex 88.7448 -3.11909 9.55
      vertex 88.6423 -3.19509 9.55
    endloop
  endfacet
  facet normal 0.595602 -0.803279 0
    outer loop
      vertex 88.7448 -3.11909 9.55
      vertex 88.6423 -3.19509 0
      vertex 88.7448 -3.11909 0
    endloop
  endfacet
  facet normal 0.0490774 -0.998795 0
    outer loop
      vertex 89.3396 -2.90626 0
      vertex 89.467 -2.9 9.55
      vertex 89.3396 -2.90626 9.55
    endloop
  endfacet
  facet normal 0.0490774 -0.998795 0
    outer loop
      vertex 89.467 -2.9 9.55
      vertex 89.3396 -2.90626 0
      vertex 89.467 -2.9 0
    endloop
  endfacet
  facet normal 0.242904 -0.97005 0
    outer loop
      vertex 89.0896 -2.95598 0
      vertex 89.2134 -2.92498 9.55
      vertex 89.0896 -2.95598 9.55
    endloop
  endfacet
  facet normal 0.242904 -0.97005 0
    outer loop
      vertex 89.2134 -2.92498 9.55
      vertex 89.0896 -2.95598 0
      vertex 89.2134 -2.92498 0
    endloop
  endfacet
  facet normal 0.14673 -0.989177 0
    outer loop
      vertex 89.2134 -2.92498 0
      vertex 89.3396 -2.90626 9.55
      vertex 89.2134 -2.92498 9.55
    endloop
  endfacet
  facet normal 0.14673 -0.989177 0
    outer loop
      vertex 89.3396 -2.90626 9.55
      vertex 89.2134 -2.92498 0
      vertex 89.3396 -2.90626 0
    endloop
  endfacet
  facet normal -0.99878 0.0493825 0
    outer loop
      vertex 90.7607 -4.32742 0
      vertex 90.767 -4.2 9.55
      vertex 90.767 -4.2 0
    endloop
  endfacet
  facet normal -0.99878 0.0493825 0
    outer loop
      vertex 90.767 -4.2 9.55
      vertex 90.7607 -4.32742 0
      vertex 90.7607 -4.32742 9.55
    endloop
  endfacet
  facet normal -0.0490774 0.998795 0
    outer loop
      vertex 89.5944 -5.49374 0
      vertex 89.467 -5.5 9.55
      vertex 89.5944 -5.49374 9.55
    endloop
  endfacet
  facet normal -0.0490774 0.998795 0
    outer loop
      vertex 89.467 -5.5 9.55
      vertex 89.5944 -5.49374 0
      vertex 89.467 -5.5 0
    endloop
  endfacet
  facet normal -0.514208 0.857666 0
    outer loop
      vertex 90.1892 -5.28091 0
      vertex 90.0798 -5.3465 9.55
      vertex 90.1892 -5.28091 9.55
    endloop
  endfacet
  facet normal -0.514208 0.857666 0
    outer loop
      vertex 90.0798 -5.3465 9.55
      vertex 90.1892 -5.28091 0
      vertex 90.0798 -5.3465 0
    endloop
  endfacet
  facet normal -0.671646 0.740872 0
    outer loop
      vertex 90.3862 -5.11924 0
      vertex 90.2917 -5.20491 9.55
      vertex 90.3862 -5.11924 9.55
    endloop
  endfacet
  facet normal -0.671646 0.740872 0
    outer loop
      vertex 90.2917 -5.20491 9.55
      vertex 90.3862 -5.11924 0
      vertex 90.2917 -5.20491 0
    endloop
  endfacet
  facet normal -0.595602 0.803279 0
    outer loop
      vertex 90.2917 -5.20491 0
      vertex 90.1892 -5.28091 9.55
      vertex 90.2917 -5.20491 9.55
    endloop
  endfacet
  facet normal -0.595602 0.803279 0
    outer loop
      vertex 90.1892 -5.28091 9.55
      vertex 90.2917 -5.20491 0
      vertex 90.1892 -5.28091 0
    endloop
  endfacet
  facet normal -0.803196 0.595715 0
    outer loop
      vertex 90.4719 -5.02471 0
      vertex 90.5479 -4.92224 9.55
      vertex 90.5479 -4.92224 0
    endloop
  endfacet
  facet normal -0.803196 0.595715 0
    outer loop
      vertex 90.5479 -4.92224 9.55
      vertex 90.4719 -5.02471 0
      vertex 90.4719 -5.02471 9.55
    endloop
  endfacet
  facet normal -0.857673 0.514196 0
    outer loop
      vertex 90.5479 -4.92224 0
      vertex 90.6135 -4.81282 9.55
      vertex 90.6135 -4.81282 0
    endloop
  endfacet
  facet normal -0.857673 0.514196 0
    outer loop
      vertex 90.6135 -4.81282 9.55
      vertex 90.5479 -4.92224 0
      vertex 90.5479 -4.92224 9.55
    endloop
  endfacet
  facet normal 0.14673 0.989177 -0
    outer loop
      vertex 89.3396 -5.49374 0
      vertex 89.2134 -5.47502 9.55
      vertex 89.3396 -5.49374 9.55
    endloop
  endfacet
  facet normal 0.14673 0.989177 0
    outer loop
      vertex 89.2134 -5.47502 9.55
      vertex 89.3396 -5.49374 0
      vertex 89.2134 -5.47502 0
    endloop
  endfacet
  facet normal 0.671646 0.740872 -0
    outer loop
      vertex 88.6423 -5.20491 0
      vertex 88.5478 -5.11924 9.55
      vertex 88.6423 -5.20491 9.55
    endloop
  endfacet
  facet normal 0.671646 0.740872 0
    outer loop
      vertex 88.5478 -5.11924 9.55
      vertex 88.6423 -5.20491 0
      vertex 88.5478 -5.11924 0
    endloop
  endfacet
  facet normal 0.427601 0.903968 -0
    outer loop
      vertex 88.9695 -5.40104 0
      vertex 88.8542 -5.3465 9.55
      vertex 88.9695 -5.40104 9.55
    endloop
  endfacet
  facet normal 0.427601 0.903968 0
    outer loop
      vertex 88.8542 -5.3465 9.55
      vertex 88.9695 -5.40104 0
      vertex 88.8542 -5.3465 0
    endloop
  endfacet
  facet normal 0.0490774 0.998795 -0
    outer loop
      vertex 89.467 -5.5 0
      vertex 89.3396 -5.49374 9.55
      vertex 89.467 -5.5 9.55
    endloop
  endfacet
  facet normal 0.0490774 0.998795 0
    outer loop
      vertex 89.3396 -5.49374 9.55
      vertex 89.467 -5.5 0
      vertex 89.3396 -5.49374 0
    endloop
  endfacet
  facet normal 0.595602 0.803279 -0
    outer loop
      vertex 88.7448 -5.28091 0
      vertex 88.6423 -5.20491 9.55
      vertex 88.7448 -5.28091 9.55
    endloop
  endfacet
  facet normal 0.595602 0.803279 0
    outer loop
      vertex 88.6423 -5.20491 9.55
      vertex 88.7448 -5.28091 0
      vertex 88.6423 -5.20491 0
    endloop
  endfacet
  facet normal 0.740861 0.671658 0
    outer loop
      vertex 88.5478 -5.11924 9.55
      vertex 88.4621 -5.02471 0
      vertex 88.4621 -5.02471 9.55
    endloop
  endfacet
  facet normal 0.740861 0.671658 0
    outer loop
      vertex 88.4621 -5.02471 0
      vertex 88.5478 -5.11924 9.55
      vertex 88.5478 -5.11924 0
    endloop
  endfacet
  facet normal 0.904132 0.427254 0
    outer loop
      vertex 88.3205 -4.81282 9.55
      vertex 88.266 -4.69749 0
      vertex 88.266 -4.69749 9.55
    endloop
  endfacet
  facet normal 0.904132 0.427254 0
    outer loop
      vertex 88.266 -4.69749 0
      vertex 88.3205 -4.81282 9.55
      vertex 88.3205 -4.81282 0
    endloop
  endfacet
  facet normal 0.970027 0.242997 0
    outer loop
      vertex 88.223 -4.57737 9.55
      vertex 88.192 -4.45362 0
      vertex 88.192 -4.45362 9.55
    endloop
  endfacet
  facet normal 0.970027 0.242997 0
    outer loop
      vertex 88.192 -4.45362 0
      vertex 88.223 -4.57737 9.55
      vertex 88.223 -4.57737 0
    endloop
  endfacet
  facet normal 0.99878 0.0493825 0
    outer loop
      vertex 88.1733 -4.32742 9.55
      vertex 88.167 -4.2 0
      vertex 88.167 -4.2 9.55
    endloop
  endfacet
  facet normal 0.99878 0.0493825 0
    outer loop
      vertex 88.167 -4.2 0
      vertex 88.1733 -4.32742 9.55
      vertex 88.1733 -4.32742 0
    endloop
  endfacet
  facet normal 0.941493 0.337031 0
    outer loop
      vertex 88.266 -4.69749 9.55
      vertex 88.223 -4.57737 0
      vertex 88.223 -4.57737 9.55
    endloop
  endfacet
  facet normal 0.941493 0.337031 0
    outer loop
      vertex 88.223 -4.57737 0
      vertex 88.266 -4.69749 9.55
      vertex 88.266 -4.69749 0
    endloop
  endfacet
  facet normal -0.336942 -0.941525 0
    outer loop
      vertex 89.8444 -2.95598 0
      vertex 89.9645 -2.99896 9.55
      vertex 89.8444 -2.95598 9.55
    endloop
  endfacet
  facet normal -0.336942 -0.941525 -0
    outer loop
      vertex 89.9645 -2.99896 9.55
      vertex 89.8444 -2.95598 0
      vertex 89.9645 -2.99896 0
    endloop
  endfacet
  facet normal 0.740861 -0.671658 0
    outer loop
      vertex 88.4621 -3.37529 9.55
      vertex 88.5478 -3.28076 0
      vertex 88.5478 -3.28076 9.55
    endloop
  endfacet
  facet normal 0.740861 -0.671658 0
    outer loop
      vertex 88.5478 -3.28076 0
      vertex 88.4621 -3.37529 9.55
      vertex 88.4621 -3.37529 0
    endloop
  endfacet
  facet normal 0.941493 -0.337031 0
    outer loop
      vertex 88.223 -3.82263 9.55
      vertex 88.266 -3.70251 0
      vertex 88.266 -3.70251 9.55
    endloop
  endfacet
  facet normal 0.941493 -0.337031 0
    outer loop
      vertex 88.266 -3.70251 0
      vertex 88.223 -3.82263 9.55
      vertex 88.223 -3.82263 0
    endloop
  endfacet
  facet normal 0.427601 -0.903968 0
    outer loop
      vertex 88.8542 -3.0535 0
      vertex 88.9695 -2.99896 9.55
      vertex 88.8542 -3.0535 9.55
    endloop
  endfacet
  facet normal 0.427601 -0.903968 0
    outer loop
      vertex 88.9695 -2.99896 9.55
      vertex 88.8542 -3.0535 0
      vertex 88.9695 -2.99896 0
    endloop
  endfacet
  facet normal -0.14673 0.989177 0
    outer loop
      vertex 89.7206 -5.47502 0
      vertex 89.5944 -5.49374 9.55
      vertex 89.7206 -5.47502 9.55
    endloop
  endfacet
  facet normal -0.14673 0.989177 0
    outer loop
      vertex 89.5944 -5.49374 9.55
      vertex 89.7206 -5.47502 0
      vertex 89.5944 -5.49374 0
    endloop
  endfacet
  facet normal -0.427601 0.903968 0
    outer loop
      vertex 90.0798 -5.3465 0
      vertex 89.9645 -5.40104 9.55
      vertex 90.0798 -5.3465 9.55
    endloop
  endfacet
  facet normal -0.427601 0.903968 0
    outer loop
      vertex 89.9645 -5.40104 9.55
      vertex 90.0798 -5.3465 0
      vertex 89.9645 -5.40104 0
    endloop
  endfacet
  facet normal -0.941493 0.337031 0
    outer loop
      vertex 90.668 -4.69749 0
      vertex 90.711 -4.57737 9.55
      vertex 90.711 -4.57737 0
    endloop
  endfacet
  facet normal -0.941493 0.337031 0
    outer loop
      vertex 90.711 -4.57737 9.55
      vertex 90.668 -4.69749 0
      vertex 90.668 -4.69749 9.55
    endloop
  endfacet
  facet normal 0.242904 0.97005 -0
    outer loop
      vertex 89.2134 -5.47502 0
      vertex 89.0896 -5.44402 9.55
      vertex 89.2134 -5.47502 9.55
    endloop
  endfacet
  facet normal 0.242904 0.97005 0
    outer loop
      vertex 89.0896 -5.44402 9.55
      vertex 89.2134 -5.47502 0
      vertex 89.0896 -5.44402 0
    endloop
  endfacet
  facet normal 0.857673 0.514196 0
    outer loop
      vertex 88.3861 -4.92224 9.55
      vertex 88.3205 -4.81282 0
      vertex 88.3205 -4.81282 9.55
    endloop
  endfacet
  facet normal 0.857673 0.514196 0
    outer loop
      vertex 88.3205 -4.81282 0
      vertex 88.3861 -4.92224 9.55
      vertex 88.3861 -4.92224 0
    endloop
  endfacet
  facet normal 0.989199 0.146577 0
    outer loop
      vertex 88.192 -4.45362 9.55
      vertex 88.1733 -4.32742 0
      vertex 88.1733 -4.32742 9.55
    endloop
  endfacet
  facet normal 0.989199 0.146577 0
    outer loop
      vertex 88.1733 -4.32742 0
      vertex 88.192 -4.45362 9.55
      vertex 88.192 -4.45362 0
    endloop
  endfacet
  facet normal -0.242904 0.97005 0
    outer loop
      vertex 89.8444 -5.44402 0
      vertex 89.7206 -5.47502 9.55
      vertex 89.8444 -5.44402 9.55
    endloop
  endfacet
  facet normal -0.242904 0.97005 0
    outer loop
      vertex 89.7206 -5.47502 9.55
      vertex 89.8444 -5.44402 0
      vertex 89.7206 -5.47502 0
    endloop
  endfacet
  facet normal -0.671658 -0.740861 0
    outer loop
      vertex -3.37529 82.4709 0
      vertex -3.28076 82.3852 9.55
      vertex -3.37529 82.4709 9.55
    endloop
  endfacet
  facet normal -0.671658 -0.740861 -0
    outer loop
      vertex -3.28076 82.3852 9.55
      vertex -3.37529 82.4709 0
      vertex -3.28076 82.3852 0
    endloop
  endfacet
  facet normal 0.337031 -0.941493 0
    outer loop
      vertex -4.69749 82.667 0
      vertex -4.57737 82.71 9.55
      vertex -4.69749 82.667 9.55
    endloop
  endfacet
  facet normal 0.337031 -0.941493 0
    outer loop
      vertex -4.57737 82.71 9.55
      vertex -4.69749 82.667 0
      vertex -4.57737 82.71 0
    endloop
  endfacet
  facet normal 0.903968 -0.427601 0
    outer loop
      vertex -5.40104 81.9635 9.55
      vertex -5.3465 82.0788 0
      vertex -5.3465 82.0788 9.55
    endloop
  endfacet
  facet normal 0.903968 -0.427601 0
    outer loop
      vertex -5.3465 82.0788 0
      vertex -5.40104 81.9635 9.55
      vertex -5.40104 81.9635 0
    endloop
  endfacet
  facet normal -0.998795 0.0490774 0
    outer loop
      vertex -2.90626 81.3386 0
      vertex -2.9 81.466 9.55
      vertex -2.9 81.466 0
    endloop
  endfacet
  facet normal -0.998795 0.0490774 0
    outer loop
      vertex -2.9 81.466 9.55
      vertex -2.90626 81.3386 0
      vertex -2.90626 81.3386 9.55
    endloop
  endfacet
  facet normal 0.427254 0.904132 -0
    outer loop
      vertex -4.69749 80.265 0
      vertex -4.81282 80.3195 9.55
      vertex -4.69749 80.265 9.55
    endloop
  endfacet
  facet normal 0.427254 0.904132 0
    outer loop
      vertex -4.81282 80.3195 9.55
      vertex -4.69749 80.265 0
      vertex -4.81282 80.3195 0
    endloop
  endfacet
  facet normal -0.941525 -0.336942 0
    outer loop
      vertex -2.95598 81.8434 0
      vertex -2.99896 81.9635 9.55
      vertex -2.99896 81.9635 0
    endloop
  endfacet
  facet normal -0.941525 -0.336942 0
    outer loop
      vertex -2.99896 81.9635 9.55
      vertex -2.95598 81.8434 0
      vertex -2.95598 81.8434 9.55
    endloop
  endfacet
  facet normal -0.989177 -0.14673 0
    outer loop
      vertex -2.90626 81.5934 0
      vertex -2.92498 81.7196 9.55
      vertex -2.92498 81.7196 0
    endloop
  endfacet
  facet normal -0.989177 -0.14673 0
    outer loop
      vertex -2.92498 81.7196 9.55
      vertex -2.90626 81.5934 0
      vertex -2.90626 81.5934 9.55
    endloop
  endfacet
  facet normal -0.903968 -0.427601 0
    outer loop
      vertex -2.99896 81.9635 0
      vertex -3.0535 82.0788 9.55
      vertex -3.0535 82.0788 0
    endloop
  endfacet
  facet normal -0.903968 -0.427601 0
    outer loop
      vertex -3.0535 82.0788 9.55
      vertex -2.99896 81.9635 0
      vertex -2.99896 81.9635 9.55
    endloop
  endfacet
  facet normal -0.427254 -0.904132 0
    outer loop
      vertex -3.70251 82.667 0
      vertex -3.58718 82.6125 9.55
      vertex -3.70251 82.667 9.55
    endloop
  endfacet
  facet normal -0.427254 -0.904132 -0
    outer loop
      vertex -3.58718 82.6125 9.55
      vertex -3.70251 82.667 0
      vertex -3.58718 82.6125 0
    endloop
  endfacet
  facet normal -0.146577 -0.989199 0
    outer loop
      vertex -4.07258 82.7597 0
      vertex -3.94638 82.741 9.55
      vertex -4.07258 82.7597 9.55
    endloop
  endfacet
  facet normal -0.146577 -0.989199 -0
    outer loop
      vertex -3.94638 82.741 9.55
      vertex -4.07258 82.7597 0
      vertex -3.94638 82.741 0
    endloop
  endfacet
  facet normal 0.740872 -0.671646 0
    outer loop
      vertex -5.20491 82.2907 9.55
      vertex -5.11924 82.3852 0
      vertex -5.11924 82.3852 9.55
    endloop
  endfacet
  facet normal 0.740872 -0.671646 0
    outer loop
      vertex -5.11924 82.3852 0
      vertex -5.20491 82.2907 9.55
      vertex -5.20491 82.2907 0
    endloop
  endfacet
  facet normal 0.146577 -0.989199 0
    outer loop
      vertex -4.45362 82.741 0
      vertex -4.32742 82.7597 9.55
      vertex -4.45362 82.741 9.55
    endloop
  endfacet
  facet normal 0.146577 -0.989199 0
    outer loop
      vertex -4.32742 82.7597 9.55
      vertex -4.45362 82.741 0
      vertex -4.32742 82.7597 0
    endloop
  endfacet
  facet normal -0.803279 0.595602 0
    outer loop
      vertex -3.19509 80.6413 0
      vertex -3.11909 80.7438 9.55
      vertex -3.11909 80.7438 0
    endloop
  endfacet
  facet normal -0.803279 0.595602 0
    outer loop
      vertex -3.11909 80.7438 9.55
      vertex -3.19509 80.6413 0
      vertex -3.19509 80.6413 9.55
    endloop
  endfacet
  facet normal -0.941525 0.336942 0
    outer loop
      vertex -2.99896 80.9685 0
      vertex -2.95598 81.0886 9.55
      vertex -2.95598 81.0886 0
    endloop
  endfacet
  facet normal -0.941525 0.336942 0
    outer loop
      vertex -2.95598 81.0886 9.55
      vertex -2.99896 80.9685 0
      vertex -2.99896 80.9685 9.55
    endloop
  endfacet
  facet normal 0.146577 0.989199 -0
    outer loop
      vertex -4.32742 80.1723 0
      vertex -4.45362 80.191 9.55
      vertex -4.32742 80.1723 9.55
    endloop
  endfacet
  facet normal 0.146577 0.989199 0
    outer loop
      vertex -4.45362 80.191 9.55
      vertex -4.32742 80.1723 0
      vertex -4.45362 80.191 0
    endloop
  endfacet
  facet normal 0.671658 0.740861 -0
    outer loop
      vertex -5.02471 80.4611 0
      vertex -5.11924 80.5468 9.55
      vertex -5.02471 80.4611 9.55
    endloop
  endfacet
  facet normal 0.671658 0.740861 0
    outer loop
      vertex -5.11924 80.5468 9.55
      vertex -5.02471 80.4611 0
      vertex -5.11924 80.5468 0
    endloop
  endfacet
  facet normal 0.989177 0.14673 0
    outer loop
      vertex -5.47502 81.2124 9.55
      vertex -5.49374 81.3386 0
      vertex -5.49374 81.3386 9.55
    endloop
  endfacet
  facet normal 0.989177 0.14673 0
    outer loop
      vertex -5.49374 81.3386 0
      vertex -5.47502 81.2124 9.55
      vertex -5.47502 81.2124 0
    endloop
  endfacet
  facet normal -0.97005 -0.242904 0
    outer loop
      vertex -2.92498 81.7196 0
      vertex -2.95598 81.8434 9.55
      vertex -2.95598 81.8434 0
    endloop
  endfacet
  facet normal -0.97005 -0.242904 0
    outer loop
      vertex -2.95598 81.8434 9.55
      vertex -2.92498 81.7196 0
      vertex -2.92498 81.7196 9.55
    endloop
  endfacet
  facet normal -0.803279 -0.595602 0
    outer loop
      vertex -3.11909 82.1882 0
      vertex -3.19509 82.2907 9.55
      vertex -3.19509 82.2907 0
    endloop
  endfacet
  facet normal -0.803279 -0.595602 0
    outer loop
      vertex -3.19509 82.2907 9.55
      vertex -3.11909 82.1882 0
      vertex -3.11909 82.1882 9.55
    endloop
  endfacet
  facet normal -0.857666 -0.514208 0
    outer loop
      vertex -3.0535 82.0788 0
      vertex -3.11909 82.1882 9.55
      vertex -3.11909 82.1882 0
    endloop
  endfacet
  facet normal -0.857666 -0.514208 0
    outer loop
      vertex -3.11909 82.1882 9.55
      vertex -3.0535 82.0788 0
      vertex -3.0535 82.0788 9.55
    endloop
  endfacet
  facet normal -0.740872 -0.671646 0
    outer loop
      vertex -3.19509 82.2907 0
      vertex -3.28076 82.3852 9.55
      vertex -3.28076 82.3852 0
    endloop
  endfacet
  facet normal -0.740872 -0.671646 0
    outer loop
      vertex -3.28076 82.3852 9.55
      vertex -3.19509 82.2907 0
      vertex -3.19509 82.2907 9.55
    endloop
  endfacet
  facet normal -0.595715 -0.803196 0
    outer loop
      vertex -3.47776 82.5469 0
      vertex -3.37529 82.4709 9.55
      vertex -3.47776 82.5469 9.55
    endloop
  endfacet
  facet normal -0.595715 -0.803196 -0
    outer loop
      vertex -3.37529 82.4709 9.55
      vertex -3.47776 82.5469 0
      vertex -3.37529 82.4709 0
    endloop
  endfacet
  facet normal -0.0493825 -0.99878 0
    outer loop
      vertex -4.2 82.766 0
      vertex -4.07258 82.7597 9.55
      vertex -4.2 82.766 9.55
    endloop
  endfacet
  facet normal -0.0493825 -0.99878 -0
    outer loop
      vertex -4.07258 82.7597 9.55
      vertex -4.2 82.766 0
      vertex -4.07258 82.7597 0
    endloop
  endfacet
  facet normal -0.514196 -0.857673 0
    outer loop
      vertex -3.58718 82.6125 0
      vertex -3.47776 82.5469 9.55
      vertex -3.58718 82.6125 9.55
    endloop
  endfacet
  facet normal -0.514196 -0.857673 -0
    outer loop
      vertex -3.47776 82.5469 9.55
      vertex -3.58718 82.6125 0
      vertex -3.47776 82.5469 0
    endloop
  endfacet
  facet normal -0.337031 -0.941493 0
    outer loop
      vertex -3.82263 82.71 0
      vertex -3.70251 82.667 9.55
      vertex -3.82263 82.71 9.55
    endloop
  endfacet
  facet normal -0.337031 -0.941493 -0
    outer loop
      vertex -3.70251 82.667 9.55
      vertex -3.82263 82.71 0
      vertex -3.70251 82.667 0
    endloop
  endfacet
  facet normal -0.242997 -0.970027 0
    outer loop
      vertex -3.94638 82.741 0
      vertex -3.82263 82.71 9.55
      vertex -3.94638 82.741 9.55
    endloop
  endfacet
  facet normal -0.242997 -0.970027 -0
    outer loop
      vertex -3.82263 82.71 9.55
      vertex -3.94638 82.741 0
      vertex -3.82263 82.71 0
    endloop
  endfacet
  facet normal 0.998795 -0.0490774 0
    outer loop
      vertex -5.5 81.466 9.55
      vertex -5.49374 81.5934 0
      vertex -5.49374 81.5934 9.55
    endloop
  endfacet
  facet normal 0.998795 -0.0490774 0
    outer loop
      vertex -5.49374 81.5934 0
      vertex -5.5 81.466 9.55
      vertex -5.5 81.466 0
    endloop
  endfacet
  facet normal 0.941525 -0.336942 0
    outer loop
      vertex -5.44402 81.8434 9.55
      vertex -5.40104 81.9635 0
      vertex -5.40104 81.9635 9.55
    endloop
  endfacet
  facet normal 0.941525 -0.336942 0
    outer loop
      vertex -5.40104 81.9635 0
      vertex -5.44402 81.8434 9.55
      vertex -5.44402 81.8434 0
    endloop
  endfacet
  facet normal 0.97005 -0.242904 0
    outer loop
      vertex -5.47502 81.7196 9.55
      vertex -5.44402 81.8434 0
      vertex -5.44402 81.8434 9.55
    endloop
  endfacet
  facet normal 0.97005 -0.242904 0
    outer loop
      vertex -5.44402 81.8434 0
      vertex -5.47502 81.7196 9.55
      vertex -5.47502 81.7196 0
    endloop
  endfacet
  facet normal 0.857666 -0.514208 0
    outer loop
      vertex -5.3465 82.0788 9.55
      vertex -5.28091 82.1882 0
      vertex -5.28091 82.1882 9.55
    endloop
  endfacet
  facet normal 0.857666 -0.514208 0
    outer loop
      vertex -5.28091 82.1882 0
      vertex -5.3465 82.0788 9.55
      vertex -5.3465 82.0788 0
    endloop
  endfacet
  facet normal 0.803279 -0.595602 0
    outer loop
      vertex -5.28091 82.1882 9.55
      vertex -5.20491 82.2907 0
      vertex -5.20491 82.2907 9.55
    endloop
  endfacet
  facet normal 0.803279 -0.595602 0
    outer loop
      vertex -5.20491 82.2907 0
      vertex -5.28091 82.1882 9.55
      vertex -5.28091 82.1882 0
    endloop
  endfacet
  facet normal 0.242997 -0.970027 0
    outer loop
      vertex -4.57737 82.71 0
      vertex -4.45362 82.741 9.55
      vertex -4.57737 82.71 9.55
    endloop
  endfacet
  facet normal 0.242997 -0.970027 0
    outer loop
      vertex -4.45362 82.741 9.55
      vertex -4.57737 82.71 0
      vertex -4.45362 82.741 0
    endloop
  endfacet
  facet normal 0.0493825 -0.99878 0
    outer loop
      vertex -4.32742 82.7597 0
      vertex -4.2 82.766 9.55
      vertex -4.32742 82.7597 9.55
    endloop
  endfacet
  facet normal 0.0493825 -0.99878 0
    outer loop
      vertex -4.2 82.766 9.55
      vertex -4.32742 82.7597 0
      vertex -4.2 82.766 0
    endloop
  endfacet
  facet normal 0.514196 -0.857673 0
    outer loop
      vertex -4.92224 82.5469 0
      vertex -4.81282 82.6125 9.55
      vertex -4.92224 82.5469 9.55
    endloop
  endfacet
  facet normal 0.514196 -0.857673 0
    outer loop
      vertex -4.81282 82.6125 9.55
      vertex -4.92224 82.5469 0
      vertex -4.81282 82.6125 0
    endloop
  endfacet
  facet normal 0.595715 -0.803196 0
    outer loop
      vertex -5.02471 82.4709 0
      vertex -4.92224 82.5469 9.55
      vertex -5.02471 82.4709 9.55
    endloop
  endfacet
  facet normal 0.595715 -0.803196 0
    outer loop
      vertex -4.92224 82.5469 9.55
      vertex -5.02471 82.4709 0
      vertex -4.92224 82.5469 0
    endloop
  endfacet
  facet normal 0.427254 -0.904132 0
    outer loop
      vertex -4.81282 82.6125 0
      vertex -4.69749 82.667 9.55
      vertex -4.81282 82.6125 9.55
    endloop
  endfacet
  facet normal 0.427254 -0.904132 0
    outer loop
      vertex -4.69749 82.667 9.55
      vertex -4.81282 82.6125 0
      vertex -4.69749 82.667 0
    endloop
  endfacet
  facet normal 0.671658 -0.740861 0
    outer loop
      vertex -5.11924 82.3852 0
      vertex -5.02471 82.4709 9.55
      vertex -5.11924 82.3852 9.55
    endloop
  endfacet
  facet normal 0.671658 -0.740861 0
    outer loop
      vertex -5.02471 82.4709 9.55
      vertex -5.11924 82.3852 0
      vertex -5.02471 82.4709 0
    endloop
  endfacet
  facet normal -0.998795 -0.0490774 0
    outer loop
      vertex -2.9 81.466 0
      vertex -2.90626 81.5934 9.55
      vertex -2.90626 81.5934 0
    endloop
  endfacet
  facet normal -0.998795 -0.0490774 0
    outer loop
      vertex -2.90626 81.5934 9.55
      vertex -2.9 81.466 0
      vertex -2.9 81.466 9.55
    endloop
  endfacet
  facet normal -0.0493825 0.99878 0
    outer loop
      vertex -4.07258 80.1723 0
      vertex -4.2 80.166 9.55
      vertex -4.07258 80.1723 9.55
    endloop
  endfacet
  facet normal -0.0493825 0.99878 0
    outer loop
      vertex -4.2 80.166 9.55
      vertex -4.07258 80.1723 0
      vertex -4.2 80.166 0
    endloop
  endfacet
  facet normal -0.97005 0.242904 0
    outer loop
      vertex -2.95598 81.0886 0
      vertex -2.92498 81.2124 9.55
      vertex -2.92498 81.2124 0
    endloop
  endfacet
  facet normal -0.97005 0.242904 0
    outer loop
      vertex -2.92498 81.2124 9.55
      vertex -2.95598 81.0886 0
      vertex -2.95598 81.0886 9.55
    endloop
  endfacet
  facet normal -0.242997 0.970027 0
    outer loop
      vertex -3.82263 80.222 0
      vertex -3.94638 80.191 9.55
      vertex -3.82263 80.222 9.55
    endloop
  endfacet
  facet normal -0.242997 0.970027 0
    outer loop
      vertex -3.94638 80.191 9.55
      vertex -3.82263 80.222 0
      vertex -3.94638 80.191 0
    endloop
  endfacet
  facet normal -0.337031 0.941493 0
    outer loop
      vertex -3.70251 80.265 0
      vertex -3.82263 80.222 9.55
      vertex -3.70251 80.265 9.55
    endloop
  endfacet
  facet normal -0.337031 0.941493 0
    outer loop
      vertex -3.82263 80.222 9.55
      vertex -3.70251 80.265 0
      vertex -3.82263 80.222 0
    endloop
  endfacet
  facet normal -0.671658 0.740861 0
    outer loop
      vertex -3.28076 80.5468 0
      vertex -3.37529 80.4611 9.55
      vertex -3.28076 80.5468 9.55
    endloop
  endfacet
  facet normal -0.671658 0.740861 0
    outer loop
      vertex -3.37529 80.4611 9.55
      vertex -3.28076 80.5468 0
      vertex -3.37529 80.4611 0
    endloop
  endfacet
  facet normal -0.514196 0.857673 0
    outer loop
      vertex -3.47776 80.3851 0
      vertex -3.58718 80.3195 9.55
      vertex -3.47776 80.3851 9.55
    endloop
  endfacet
  facet normal -0.514196 0.857673 0
    outer loop
      vertex -3.58718 80.3195 9.55
      vertex -3.47776 80.3851 0
      vertex -3.58718 80.3195 0
    endloop
  endfacet
  facet normal 0.0493825 0.99878 -0
    outer loop
      vertex -4.2 80.166 0
      vertex -4.32742 80.1723 9.55
      vertex -4.2 80.166 9.55
    endloop
  endfacet
  facet normal 0.0493825 0.99878 0
    outer loop
      vertex -4.32742 80.1723 9.55
      vertex -4.2 80.166 0
      vertex -4.32742 80.1723 0
    endloop
  endfacet
  facet normal 0.337031 0.941493 -0
    outer loop
      vertex -4.57737 80.222 0
      vertex -4.69749 80.265 9.55
      vertex -4.57737 80.222 9.55
    endloop
  endfacet
  facet normal 0.337031 0.941493 0
    outer loop
      vertex -4.69749 80.265 9.55
      vertex -4.57737 80.222 0
      vertex -4.69749 80.265 0
    endloop
  endfacet
  facet normal 0.514196 0.857673 -0
    outer loop
      vertex -4.81282 80.3195 0
      vertex -4.92224 80.3851 9.55
      vertex -4.81282 80.3195 9.55
    endloop
  endfacet
  facet normal 0.514196 0.857673 0
    outer loop
      vertex -4.92224 80.3851 9.55
      vertex -4.81282 80.3195 0
      vertex -4.92224 80.3851 0
    endloop
  endfacet
  facet normal 0.97005 0.242904 0
    outer loop
      vertex -5.44402 81.0886 9.55
      vertex -5.47502 81.2124 0
      vertex -5.47502 81.2124 9.55
    endloop
  endfacet
  facet normal 0.97005 0.242904 0
    outer loop
      vertex -5.47502 81.2124 0
      vertex -5.44402 81.0886 9.55
      vertex -5.44402 81.0886 0
    endloop
  endfacet
  facet normal 0.998795 0.0490774 0
    outer loop
      vertex -5.49374 81.3386 9.55
      vertex -5.5 81.466 0
      vertex -5.5 81.466 9.55
    endloop
  endfacet
  facet normal 0.998795 0.0490774 0
    outer loop
      vertex -5.5 81.466 0
      vertex -5.49374 81.3386 9.55
      vertex -5.49374 81.3386 0
    endloop
  endfacet
  facet normal 0.803279 0.595602 0
    outer loop
      vertex -5.20491 80.6413 9.55
      vertex -5.28091 80.7438 0
      vertex -5.28091 80.7438 9.55
    endloop
  endfacet
  facet normal 0.803279 0.595602 0
    outer loop
      vertex -5.28091 80.7438 0
      vertex -5.20491 80.6413 9.55
      vertex -5.20491 80.6413 0
    endloop
  endfacet
  facet normal 0.903968 0.427601 0
    outer loop
      vertex -5.3465 80.8532 9.55
      vertex -5.40104 80.9685 0
      vertex -5.40104 80.9685 9.55
    endloop
  endfacet
  facet normal 0.903968 0.427601 0
    outer loop
      vertex -5.40104 80.9685 0
      vertex -5.3465 80.8532 9.55
      vertex -5.3465 80.8532 0
    endloop
  endfacet
  facet normal 0.989177 -0.14673 0
    outer loop
      vertex -5.49374 81.5934 9.55
      vertex -5.47502 81.7196 0
      vertex -5.47502 81.7196 9.55
    endloop
  endfacet
  facet normal 0.989177 -0.14673 0
    outer loop
      vertex -5.47502 81.7196 0
      vertex -5.49374 81.5934 9.55
      vertex -5.49374 81.5934 0
    endloop
  endfacet
  facet normal -0.989177 0.14673 0
    outer loop
      vertex -2.92498 81.2124 0
      vertex -2.90626 81.3386 9.55
      vertex -2.90626 81.3386 0
    endloop
  endfacet
  facet normal -0.989177 0.14673 0
    outer loop
      vertex -2.90626 81.3386 9.55
      vertex -2.92498 81.2124 0
      vertex -2.92498 81.2124 9.55
    endloop
  endfacet
  facet normal -0.903968 0.427601 0
    outer loop
      vertex -3.0535 80.8532 0
      vertex -2.99896 80.9685 9.55
      vertex -2.99896 80.9685 0
    endloop
  endfacet
  facet normal -0.903968 0.427601 0
    outer loop
      vertex -2.99896 80.9685 9.55
      vertex -3.0535 80.8532 0
      vertex -3.0535 80.8532 9.55
    endloop
  endfacet
  facet normal -0.857666 0.514208 0
    outer loop
      vertex -3.11909 80.7438 0
      vertex -3.0535 80.8532 9.55
      vertex -3.0535 80.8532 0
    endloop
  endfacet
  facet normal -0.857666 0.514208 0
    outer loop
      vertex -3.0535 80.8532 9.55
      vertex -3.11909 80.7438 0
      vertex -3.11909 80.7438 9.55
    endloop
  endfacet
  facet normal -0.146577 0.989199 0
    outer loop
      vertex -3.94638 80.191 0
      vertex -4.07258 80.1723 9.55
      vertex -3.94638 80.191 9.55
    endloop
  endfacet
  facet normal -0.146577 0.989199 0
    outer loop
      vertex -4.07258 80.1723 9.55
      vertex -3.94638 80.191 0
      vertex -4.07258 80.1723 0
    endloop
  endfacet
  facet normal -0.427254 0.904132 0
    outer loop
      vertex -3.58718 80.3195 0
      vertex -3.70251 80.265 9.55
      vertex -3.58718 80.3195 9.55
    endloop
  endfacet
  facet normal -0.427254 0.904132 0
    outer loop
      vertex -3.70251 80.265 9.55
      vertex -3.58718 80.3195 0
      vertex -3.70251 80.265 0
    endloop
  endfacet
  facet normal -0.740872 0.671646 0
    outer loop
      vertex -3.28076 80.5468 0
      vertex -3.19509 80.6413 9.55
      vertex -3.19509 80.6413 0
    endloop
  endfacet
  facet normal -0.740872 0.671646 0
    outer loop
      vertex -3.19509 80.6413 9.55
      vertex -3.28076 80.5468 0
      vertex -3.28076 80.5468 9.55
    endloop
  endfacet
  facet normal -0.595715 0.803196 0
    outer loop
      vertex -3.37529 80.4611 0
      vertex -3.47776 80.3851 9.55
      vertex -3.37529 80.4611 9.55
    endloop
  endfacet
  facet normal -0.595715 0.803196 0
    outer loop
      vertex -3.47776 80.3851 9.55
      vertex -3.37529 80.4611 0
      vertex -3.47776 80.3851 0
    endloop
  endfacet
  facet normal 0.242997 0.970027 -0
    outer loop
      vertex -4.45362 80.191 0
      vertex -4.57737 80.222 9.55
      vertex -4.45362 80.191 9.55
    endloop
  endfacet
  facet normal 0.242997 0.970027 0
    outer loop
      vertex -4.57737 80.222 9.55
      vertex -4.45362 80.191 0
      vertex -4.57737 80.222 0
    endloop
  endfacet
  facet normal 0.595715 0.803196 -0
    outer loop
      vertex -4.92224 80.3851 0
      vertex -5.02471 80.4611 9.55
      vertex -4.92224 80.3851 9.55
    endloop
  endfacet
  facet normal 0.595715 0.803196 0
    outer loop
      vertex -5.02471 80.4611 9.55
      vertex -4.92224 80.3851 0
      vertex -5.02471 80.4611 0
    endloop
  endfacet
  facet normal 0.941525 0.336942 0
    outer loop
      vertex -5.40104 80.9685 9.55
      vertex -5.44402 81.0886 0
      vertex -5.44402 81.0886 9.55
    endloop
  endfacet
  facet normal 0.941525 0.336942 0
    outer loop
      vertex -5.44402 81.0886 0
      vertex -5.40104 80.9685 9.55
      vertex -5.40104 80.9685 0
    endloop
  endfacet
  facet normal 0.857666 0.514208 0
    outer loop
      vertex -5.28091 80.7438 9.55
      vertex -5.3465 80.8532 0
      vertex -5.3465 80.8532 9.55
    endloop
  endfacet
  facet normal 0.857666 0.514208 0
    outer loop
      vertex -5.3465 80.8532 0
      vertex -5.28091 80.7438 9.55
      vertex -5.28091 80.7438 0
    endloop
  endfacet
  facet normal 0.740872 0.671646 0
    outer loop
      vertex -5.11924 80.5468 9.55
      vertex -5.20491 80.6413 0
      vertex -5.20491 80.6413 9.55
    endloop
  endfacet
  facet normal 0.740872 0.671646 0
    outer loop
      vertex -5.20491 80.6413 0
      vertex -5.11924 80.5468 9.55
      vertex -5.11924 80.5468 0
    endloop
  endfacet
  facet normal -0.671775 -0.740755 0
    outer loop
      vertex 90.2917 82.4709 0
      vertex 90.3862 82.3852 9.55
      vertex 90.2917 82.4709 9.55
    endloop
  endfacet
  facet normal -0.671775 -0.740755 -0
    outer loop
      vertex 90.3862 82.3852 9.55
      vertex 90.2917 82.4709 0
      vertex 90.3862 82.3852 0
    endloop
  endfacet
  facet normal 0.337081 -0.941476 0
    outer loop
      vertex 88.9695 82.667 0
      vertex 89.0896 82.71 9.55
      vertex 88.9695 82.667 9.55
    endloop
  endfacet
  facet normal 0.337081 -0.941476 0
    outer loop
      vertex 89.0896 82.71 9.55
      vertex 88.9695 82.667 0
      vertex 89.0896 82.71 0
    endloop
  endfacet
  facet normal 0.904089 -0.427345 0
    outer loop
      vertex 88.266 81.9635 9.55
      vertex 88.3205 82.0788 0
      vertex 88.3205 82.0788 9.55
    endloop
  endfacet
  facet normal 0.904089 -0.427345 0
    outer loop
      vertex 88.3205 82.0788 0
      vertex 88.266 81.9635 9.55
      vertex 88.266 81.9635 0
    endloop
  endfacet
  facet normal -0.941476 0.337081 0
    outer loop
      vertex 90.668 80.9685 0
      vertex 90.711 81.0886 9.55
      vertex 90.711 81.0886 0
    endloop
  endfacet
  facet normal -0.941476 0.337081 0
    outer loop
      vertex 90.711 81.0886 9.55
      vertex 90.668 80.9685 0
      vertex 90.668 80.9685 9.55
    endloop
  endfacet
  facet normal 0.427345 0.904089 -0
    outer loop
      vertex 88.9695 80.265 0
      vertex 88.8542 80.3195 9.55
      vertex 88.9695 80.265 9.55
    endloop
  endfacet
  facet normal 0.427345 0.904089 0
    outer loop
      vertex 88.8542 80.3195 9.55
      vertex 88.9695 80.265 0
      vertex 88.8542 80.3195 0
    endloop
  endfacet
  facet normal -0.941476 -0.337081 0
    outer loop
      vertex 90.711 81.8434 0
      vertex 90.668 81.9635 9.55
      vertex 90.668 81.9635 0
    endloop
  endfacet
  facet normal -0.941476 -0.337081 0
    outer loop
      vertex 90.668 81.9635 9.55
      vertex 90.711 81.8434 0
      vertex 90.711 81.8434 9.55
    endloop
  endfacet
  facet normal -0.904089 -0.427345 0
    outer loop
      vertex 90.668 81.9635 0
      vertex 90.6135 82.0788 9.55
      vertex 90.6135 82.0788 0
    endloop
  endfacet
  facet normal -0.904089 -0.427345 0
    outer loop
      vertex 90.6135 82.0788 9.55
      vertex 90.668 81.9635 0
      vertex 90.668 81.9635 9.55
    endloop
  endfacet
  facet normal -0.427345 -0.904089 0
    outer loop
      vertex 89.9645 82.667 0
      vertex 90.0798 82.6125 9.55
      vertex 89.9645 82.667 9.55
    endloop
  endfacet
  facet normal -0.427345 -0.904089 -0
    outer loop
      vertex 90.0798 82.6125 9.55
      vertex 89.9645 82.667 0
      vertex 90.0798 82.6125 0
    endloop
  endfacet
  facet normal -0.146577 -0.989199 0
    outer loop
      vertex 89.5944 82.7597 0
      vertex 89.7206 82.741 9.55
      vertex 89.5944 82.7597 9.55
    endloop
  endfacet
  facet normal -0.146577 -0.989199 -0
    outer loop
      vertex 89.7206 82.741 9.55
      vertex 89.5944 82.7597 0
      vertex 89.7206 82.741 0
    endloop
  endfacet
  facet normal 0.989199 -0.146577 0
    outer loop
      vertex 88.1733 81.5934 9.55
      vertex 88.192 81.7196 0
      vertex 88.192 81.7196 9.55
    endloop
  endfacet
  facet normal 0.989199 -0.146577 0
    outer loop
      vertex 88.192 81.7196 0
      vertex 88.1733 81.5934 9.55
      vertex 88.1733 81.5934 0
    endloop
  endfacet
  facet normal 0.740755 -0.671775 0
    outer loop
      vertex 88.4621 82.2907 9.55
      vertex 88.5478 82.3852 0
      vertex 88.5478 82.3852 9.55
    endloop
  endfacet
  facet normal 0.740755 -0.671775 0
    outer loop
      vertex 88.5478 82.3852 0
      vertex 88.4621 82.2907 9.55
      vertex 88.4621 82.2907 0
    endloop
  endfacet
  facet normal 0.146577 -0.989199 0
    outer loop
      vertex 89.2134 82.741 0
      vertex 89.3396 82.7597 9.55
      vertex 89.2134 82.741 9.55
    endloop
  endfacet
  facet normal 0.146577 -0.989199 0
    outer loop
      vertex 89.3396 82.7597 9.55
      vertex 89.2134 82.741 0
      vertex 89.3396 82.7597 0
    endloop
  endfacet
  facet normal -0.99878 0.0493902 0
    outer loop
      vertex 90.7607 81.3386 0
      vertex 90.767 81.466 9.55
      vertex 90.767 81.466 0
    endloop
  endfacet
  facet normal -0.99878 0.0493902 0
    outer loop
      vertex 90.767 81.466 9.55
      vertex 90.7607 81.3386 0
      vertex 90.7607 81.3386 9.55
    endloop
  endfacet
  facet normal -0.803279 0.595602 0
    outer loop
      vertex 90.4719 80.6413 0
      vertex 90.5479 80.7438 9.55
      vertex 90.5479 80.7438 0
    endloop
  endfacet
  facet normal -0.803279 0.595602 0
    outer loop
      vertex 90.5479 80.7438 9.55
      vertex 90.4719 80.6413 0
      vertex 90.4719 80.6413 9.55
    endloop
  endfacet
  facet normal 0.146577 0.989199 -0
    outer loop
      vertex 89.3396 80.1723 0
      vertex 89.2134 80.191 9.55
      vertex 89.3396 80.1723 9.55
    endloop
  endfacet
  facet normal 0.146577 0.989199 0
    outer loop
      vertex 89.2134 80.191 9.55
      vertex 89.3396 80.1723 0
      vertex 89.2134 80.191 0
    endloop
  endfacet
  facet normal 0.671775 0.740755 -0
    outer loop
      vertex 88.6423 80.4611 0
      vertex 88.5478 80.5468 9.55
      vertex 88.6423 80.4611 9.55
    endloop
  endfacet
  facet normal 0.671775 0.740755 0
    outer loop
      vertex 88.5478 80.5468 9.55
      vertex 88.6423 80.4611 0
      vertex 88.5478 80.5468 0
    endloop
  endfacet
  facet normal 0.99878 0.0493902 0
    outer loop
      vertex 88.1733 81.3386 9.55
      vertex 88.167 81.466 0
      vertex 88.167 81.466 9.55
    endloop
  endfacet
  facet normal 0.99878 0.0493902 0
    outer loop
      vertex 88.167 81.466 0
      vertex 88.1733 81.3386 9.55
      vertex 88.1733 81.3386 0
    endloop
  endfacet
  facet normal -0.989199 -0.146577 0
    outer loop
      vertex 90.7607 81.5934 0
      vertex 90.742 81.7196 9.55
      vertex 90.742 81.7196 0
    endloop
  endfacet
  facet normal -0.989199 -0.146577 0
    outer loop
      vertex 90.742 81.7196 9.55
      vertex 90.7607 81.5934 0
      vertex 90.7607 81.5934 9.55
    endloop
  endfacet
  facet normal -0.97005 -0.242904 0
    outer loop
      vertex 90.742 81.7196 0
      vertex 90.711 81.8434 9.55
      vertex 90.711 81.8434 0
    endloop
  endfacet
  facet normal -0.97005 -0.242904 0
    outer loop
      vertex 90.711 81.8434 9.55
      vertex 90.742 81.7196 0
      vertex 90.742 81.7196 9.55
    endloop
  endfacet
  facet normal -0.803279 -0.595602 0
    outer loop
      vertex 90.5479 82.1882 0
      vertex 90.4719 82.2907 9.55
      vertex 90.4719 82.2907 0
    endloop
  endfacet
  facet normal -0.803279 -0.595602 0
    outer loop
      vertex 90.4719 82.2907 9.55
      vertex 90.5479 82.1882 0
      vertex 90.5479 82.1882 9.55
    endloop
  endfacet
  facet normal -0.857631 -0.514265 0
    outer loop
      vertex 90.6135 82.0788 0
      vertex 90.5479 82.1882 9.55
      vertex 90.5479 82.1882 0
    endloop
  endfacet
  facet normal -0.857631 -0.514265 0
    outer loop
      vertex 90.5479 82.1882 9.55
      vertex 90.6135 82.0788 0
      vertex 90.6135 82.0788 9.55
    endloop
  endfacet
  facet normal -0.740755 -0.671775 0
    outer loop
      vertex 90.4719 82.2907 0
      vertex 90.3862 82.3852 9.55
      vertex 90.3862 82.3852 0
    endloop
  endfacet
  facet normal -0.740755 -0.671775 0
    outer loop
      vertex 90.3862 82.3852 9.55
      vertex 90.4719 82.2907 0
      vertex 90.4719 82.2907 9.55
    endloop
  endfacet
  facet normal -0.595602 -0.803279 0
    outer loop
      vertex 90.1892 82.5469 0
      vertex 90.2917 82.4709 9.55
      vertex 90.1892 82.5469 9.55
    endloop
  endfacet
  facet normal -0.595602 -0.803279 -0
    outer loop
      vertex 90.2917 82.4709 9.55
      vertex 90.1892 82.5469 0
      vertex 90.2917 82.4709 0
    endloop
  endfacet
  facet normal -0.0493902 -0.99878 0
    outer loop
      vertex 89.467 82.766 0
      vertex 89.5944 82.7597 9.55
      vertex 89.467 82.766 9.55
    endloop
  endfacet
  facet normal -0.0493902 -0.99878 -0
    outer loop
      vertex 89.5944 82.7597 9.55
      vertex 89.467 82.766 0
      vertex 89.5944 82.7597 0
    endloop
  endfacet
  facet normal -0.514265 -0.857631 0
    outer loop
      vertex 90.0798 82.6125 0
      vertex 90.1892 82.5469 9.55
      vertex 90.0798 82.6125 9.55
    endloop
  endfacet
  facet normal -0.514265 -0.857631 -0
    outer loop
      vertex 90.1892 82.5469 9.55
      vertex 90.0798 82.6125 0
      vertex 90.1892 82.5469 0
    endloop
  endfacet
  facet normal -0.337081 -0.941476 0
    outer loop
      vertex 89.8444 82.71 0
      vertex 89.9645 82.667 9.55
      vertex 89.8444 82.71 9.55
    endloop
  endfacet
  facet normal -0.337081 -0.941476 -0
    outer loop
      vertex 89.9645 82.667 9.55
      vertex 89.8444 82.71 0
      vertex 89.9645 82.667 0
    endloop
  endfacet
  facet normal -0.242904 -0.97005 0
    outer loop
      vertex 89.7206 82.741 0
      vertex 89.8444 82.71 9.55
      vertex 89.7206 82.741 9.55
    endloop
  endfacet
  facet normal -0.242904 -0.97005 -0
    outer loop
      vertex 89.8444 82.71 9.55
      vertex 89.7206 82.741 0
      vertex 89.8444 82.71 0
    endloop
  endfacet
  facet normal 0.99878 -0.0493902 0
    outer loop
      vertex 88.167 81.466 9.55
      vertex 88.1733 81.5934 0
      vertex 88.1733 81.5934 9.55
    endloop
  endfacet
  facet normal 0.99878 -0.0493902 0
    outer loop
      vertex 88.1733 81.5934 0
      vertex 88.167 81.466 9.55
      vertex 88.167 81.466 0
    endloop
  endfacet
  facet normal 0.941476 -0.337081 0
    outer loop
      vertex 88.223 81.8434 9.55
      vertex 88.266 81.9635 0
      vertex 88.266 81.9635 9.55
    endloop
  endfacet
  facet normal 0.941476 -0.337081 0
    outer loop
      vertex 88.266 81.9635 0
      vertex 88.223 81.8434 9.55
      vertex 88.223 81.8434 0
    endloop
  endfacet
  facet normal 0.97005 -0.242904 0
    outer loop
      vertex 88.192 81.7196 9.55
      vertex 88.223 81.8434 0
      vertex 88.223 81.8434 9.55
    endloop
  endfacet
  facet normal 0.97005 -0.242904 0
    outer loop
      vertex 88.223 81.8434 0
      vertex 88.192 81.7196 9.55
      vertex 88.192 81.7196 0
    endloop
  endfacet
  facet normal 0.857631 -0.514265 0
    outer loop
      vertex 88.3205 82.0788 9.55
      vertex 88.3861 82.1882 0
      vertex 88.3861 82.1882 9.55
    endloop
  endfacet
  facet normal 0.857631 -0.514265 0
    outer loop
      vertex 88.3861 82.1882 0
      vertex 88.3205 82.0788 9.55
      vertex 88.3205 82.0788 0
    endloop
  endfacet
  facet normal 0.803279 -0.595602 0
    outer loop
      vertex 88.3861 82.1882 9.55
      vertex 88.4621 82.2907 0
      vertex 88.4621 82.2907 9.55
    endloop
  endfacet
  facet normal 0.803279 -0.595602 0
    outer loop
      vertex 88.4621 82.2907 0
      vertex 88.3861 82.1882 9.55
      vertex 88.3861 82.1882 0
    endloop
  endfacet
  facet normal 0.242904 -0.97005 0
    outer loop
      vertex 89.0896 82.71 0
      vertex 89.2134 82.741 9.55
      vertex 89.0896 82.71 9.55
    endloop
  endfacet
  facet normal 0.242904 -0.97005 0
    outer loop
      vertex 89.2134 82.741 9.55
      vertex 89.0896 82.71 0
      vertex 89.2134 82.741 0
    endloop
  endfacet
  facet normal 0.0493902 -0.99878 0
    outer loop
      vertex 89.3396 82.7597 0
      vertex 89.467 82.766 9.55
      vertex 89.3396 82.7597 9.55
    endloop
  endfacet
  facet normal 0.0493902 -0.99878 0
    outer loop
      vertex 89.467 82.766 9.55
      vertex 89.3396 82.7597 0
      vertex 89.467 82.766 0
    endloop
  endfacet
  facet normal 0.514265 -0.857631 0
    outer loop
      vertex 88.7448 82.5469 0
      vertex 88.8542 82.6125 9.55
      vertex 88.7448 82.5469 9.55
    endloop
  endfacet
  facet normal 0.514265 -0.857631 0
    outer loop
      vertex 88.8542 82.6125 9.55
      vertex 88.7448 82.5469 0
      vertex 88.8542 82.6125 0
    endloop
  endfacet
  facet normal 0.595602 -0.803279 0
    outer loop
      vertex 88.6423 82.4709 0
      vertex 88.7448 82.5469 9.55
      vertex 88.6423 82.4709 9.55
    endloop
  endfacet
  facet normal 0.595602 -0.803279 0
    outer loop
      vertex 88.7448 82.5469 9.55
      vertex 88.6423 82.4709 0
      vertex 88.7448 82.5469 0
    endloop
  endfacet
  facet normal 0.427345 -0.904089 0
    outer loop
      vertex 88.8542 82.6125 0
      vertex 88.9695 82.667 9.55
      vertex 88.8542 82.6125 9.55
    endloop
  endfacet
  facet normal 0.427345 -0.904089 0
    outer loop
      vertex 88.9695 82.667 9.55
      vertex 88.8542 82.6125 0
      vertex 88.9695 82.667 0
    endloop
  endfacet
  facet normal 0.671775 -0.740755 0
    outer loop
      vertex 88.5478 82.3852 0
      vertex 88.6423 82.4709 9.55
      vertex 88.5478 82.3852 9.55
    endloop
  endfacet
  facet normal 0.671775 -0.740755 0
    outer loop
      vertex 88.6423 82.4709 9.55
      vertex 88.5478 82.3852 0
      vertex 88.6423 82.4709 0
    endloop
  endfacet
  facet normal -0.99878 -0.0493902 0
    outer loop
      vertex 90.767 81.466 0
      vertex 90.7607 81.5934 9.55
      vertex 90.7607 81.5934 0
    endloop
  endfacet
  facet normal -0.99878 -0.0493902 0
    outer loop
      vertex 90.7607 81.5934 9.55
      vertex 90.767 81.466 0
      vertex 90.767 81.466 9.55
    endloop
  endfacet
  facet normal -0.0493902 0.99878 0
    outer loop
      vertex 89.5944 80.1723 0
      vertex 89.467 80.166 9.55
      vertex 89.5944 80.1723 9.55
    endloop
  endfacet
  facet normal -0.0493902 0.99878 0
    outer loop
      vertex 89.467 80.166 9.55
      vertex 89.5944 80.1723 0
      vertex 89.467 80.166 0
    endloop
  endfacet
  facet normal -0.97005 0.242904 0
    outer loop
      vertex 90.711 81.0886 0
      vertex 90.742 81.2124 9.55
      vertex 90.742 81.2124 0
    endloop
  endfacet
  facet normal -0.97005 0.242904 0
    outer loop
      vertex 90.742 81.2124 9.55
      vertex 90.711 81.0886 0
      vertex 90.711 81.0886 9.55
    endloop
  endfacet
  facet normal -0.337081 0.941476 0
    outer loop
      vertex 89.9645 80.265 0
      vertex 89.8444 80.222 9.55
      vertex 89.9645 80.265 9.55
    endloop
  endfacet
  facet normal -0.337081 0.941476 0
    outer loop
      vertex 89.8444 80.222 9.55
      vertex 89.9645 80.265 0
      vertex 89.8444 80.222 0
    endloop
  endfacet
  facet normal -0.671775 0.740755 0
    outer loop
      vertex 90.3862 80.5468 0
      vertex 90.2917 80.4611 9.55
      vertex 90.3862 80.5468 9.55
    endloop
  endfacet
  facet normal -0.671775 0.740755 0
    outer loop
      vertex 90.2917 80.4611 9.55
      vertex 90.3862 80.5468 0
      vertex 90.2917 80.4611 0
    endloop
  endfacet
  facet normal -0.514265 0.857631 0
    outer loop
      vertex 90.1892 80.3851 0
      vertex 90.0798 80.3195 9.55
      vertex 90.1892 80.3851 9.55
    endloop
  endfacet
  facet normal -0.514265 0.857631 0
    outer loop
      vertex 90.0798 80.3195 9.55
      vertex 90.1892 80.3851 0
      vertex 90.0798 80.3195 0
    endloop
  endfacet
  facet normal -0.904089 0.427345 0
    outer loop
      vertex 90.6135 80.8532 0
      vertex 90.668 80.9685 9.55
      vertex 90.668 80.9685 0
    endloop
  endfacet
  facet normal -0.904089 0.427345 0
    outer loop
      vertex 90.668 80.9685 9.55
      vertex 90.6135 80.8532 0
      vertex 90.6135 80.8532 9.55
    endloop
  endfacet
  facet normal 0.0493902 0.99878 -0
    outer loop
      vertex 89.467 80.166 0
      vertex 89.3396 80.1723 9.55
      vertex 89.467 80.166 9.55
    endloop
  endfacet
  facet normal 0.0493902 0.99878 0
    outer loop
      vertex 89.3396 80.1723 9.55
      vertex 89.467 80.166 0
      vertex 89.3396 80.1723 0
    endloop
  endfacet
  facet normal 0.337081 0.941476 -0
    outer loop
      vertex 89.0896 80.222 0
      vertex 88.9695 80.265 9.55
      vertex 89.0896 80.222 9.55
    endloop
  endfacet
  facet normal 0.337081 0.941476 0
    outer loop
      vertex 88.9695 80.265 9.55
      vertex 89.0896 80.222 0
      vertex 88.9695 80.265 0
    endloop
  endfacet
  facet normal 0.514265 0.857631 -0
    outer loop
      vertex 88.8542 80.3195 0
      vertex 88.7448 80.3851 9.55
      vertex 88.8542 80.3195 9.55
    endloop
  endfacet
  facet normal 0.514265 0.857631 0
    outer loop
      vertex 88.7448 80.3851 9.55
      vertex 88.8542 80.3195 0
      vertex 88.7448 80.3851 0
    endloop
  endfacet
  facet normal 0.97005 0.242904 0
    outer loop
      vertex 88.223 81.0886 9.55
      vertex 88.192 81.2124 0
      vertex 88.192 81.2124 9.55
    endloop
  endfacet
  facet normal 0.97005 0.242904 0
    outer loop
      vertex 88.192 81.2124 0
      vertex 88.223 81.0886 9.55
      vertex 88.223 81.0886 0
    endloop
  endfacet
  facet normal 0.803279 0.595602 0
    outer loop
      vertex 88.4621 80.6413 9.55
      vertex 88.3861 80.7438 0
      vertex 88.3861 80.7438 9.55
    endloop
  endfacet
  facet normal 0.803279 0.595602 0
    outer loop
      vertex 88.3861 80.7438 0
      vertex 88.4621 80.6413 9.55
      vertex 88.4621 80.6413 0
    endloop
  endfacet
  facet normal 0.904089 0.427345 0
    outer loop
      vertex 88.3205 80.8532 9.55
      vertex 88.266 80.9685 0
      vertex 88.266 80.9685 9.55
    endloop
  endfacet
  facet normal 0.904089 0.427345 0
    outer loop
      vertex 88.266 80.9685 0
      vertex 88.3205 80.8532 9.55
      vertex 88.3205 80.8532 0
    endloop
  endfacet
  facet normal 0.740755 0.671775 0
    outer loop
      vertex 88.5478 80.5468 9.55
      vertex 88.4621 80.6413 0
      vertex 88.4621 80.6413 9.55
    endloop
  endfacet
  facet normal 0.740755 0.671775 0
    outer loop
      vertex 88.4621 80.6413 0
      vertex 88.5478 80.5468 9.55
      vertex 88.5478 80.5468 0
    endloop
  endfacet
  facet normal -0.989199 0.146577 0
    outer loop
      vertex 90.742 81.2124 0
      vertex 90.7607 81.3386 9.55
      vertex 90.7607 81.3386 0
    endloop
  endfacet
  facet normal -0.989199 0.146577 0
    outer loop
      vertex 90.7607 81.3386 9.55
      vertex 90.742 81.2124 0
      vertex 90.742 81.2124 9.55
    endloop
  endfacet
  facet normal -0.146577 0.989199 0
    outer loop
      vertex 89.7206 80.191 0
      vertex 89.5944 80.1723 9.55
      vertex 89.7206 80.191 9.55
    endloop
  endfacet
  facet normal -0.146577 0.989199 0
    outer loop
      vertex 89.5944 80.1723 9.55
      vertex 89.7206 80.191 0
      vertex 89.5944 80.1723 0
    endloop
  endfacet
  facet normal -0.427345 0.904089 0
    outer loop
      vertex 90.0798 80.3195 0
      vertex 89.9645 80.265 9.55
      vertex 90.0798 80.3195 9.55
    endloop
  endfacet
  facet normal -0.427345 0.904089 0
    outer loop
      vertex 89.9645 80.265 9.55
      vertex 90.0798 80.3195 0
      vertex 89.9645 80.265 0
    endloop
  endfacet
  facet normal -0.740755 0.671775 0
    outer loop
      vertex 90.3862 80.5468 0
      vertex 90.4719 80.6413 9.55
      vertex 90.4719 80.6413 0
    endloop
  endfacet
  facet normal -0.740755 0.671775 0
    outer loop
      vertex 90.4719 80.6413 9.55
      vertex 90.3862 80.5468 0
      vertex 90.3862 80.5468 9.55
    endloop
  endfacet
  facet normal -0.595602 0.803279 0
    outer loop
      vertex 90.2917 80.4611 0
      vertex 90.1892 80.3851 9.55
      vertex 90.2917 80.4611 9.55
    endloop
  endfacet
  facet normal -0.595602 0.803279 0
    outer loop
      vertex 90.1892 80.3851 9.55
      vertex 90.2917 80.4611 0
      vertex 90.1892 80.3851 0
    endloop
  endfacet
  facet normal -0.857631 0.514265 0
    outer loop
      vertex 90.5479 80.7438 0
      vertex 90.6135 80.8532 9.55
      vertex 90.6135 80.8532 0
    endloop
  endfacet
  facet normal -0.857631 0.514265 0
    outer loop
      vertex 90.6135 80.8532 9.55
      vertex 90.5479 80.7438 0
      vertex 90.5479 80.7438 9.55
    endloop
  endfacet
  facet normal 0.242904 0.97005 -0
    outer loop
      vertex 89.2134 80.191 0
      vertex 89.0896 80.222 9.55
      vertex 89.2134 80.191 9.55
    endloop
  endfacet
  facet normal 0.242904 0.97005 0
    outer loop
      vertex 89.0896 80.222 9.55
      vertex 89.2134 80.191 0
      vertex 89.0896 80.222 0
    endloop
  endfacet
  facet normal 0.595602 0.803279 -0
    outer loop
      vertex 88.7448 80.3851 0
      vertex 88.6423 80.4611 9.55
      vertex 88.7448 80.3851 9.55
    endloop
  endfacet
  facet normal 0.595602 0.803279 0
    outer loop
      vertex 88.6423 80.4611 9.55
      vertex 88.7448 80.3851 0
      vertex 88.6423 80.4611 0
    endloop
  endfacet
  facet normal 0.941476 0.337081 0
    outer loop
      vertex 88.266 80.9685 9.55
      vertex 88.223 81.0886 0
      vertex 88.223 81.0886 9.55
    endloop
  endfacet
  facet normal 0.941476 0.337081 0
    outer loop
      vertex 88.223 81.0886 0
      vertex 88.266 80.9685 9.55
      vertex 88.266 80.9685 0
    endloop
  endfacet
  facet normal 0.989199 0.146577 0
    outer loop
      vertex 88.192 81.2124 9.55
      vertex 88.1733 81.3386 0
      vertex 88.1733 81.3386 9.55
    endloop
  endfacet
  facet normal 0.989199 0.146577 0
    outer loop
      vertex 88.1733 81.3386 0
      vertex 88.192 81.2124 9.55
      vertex 88.192 81.2124 0
    endloop
  endfacet
  facet normal 0.857631 0.514265 0
    outer loop
      vertex 88.3861 80.7438 9.55
      vertex 88.3205 80.8532 0
      vertex 88.3205 80.8532 9.55
    endloop
  endfacet
  facet normal 0.857631 0.514265 0
    outer loop
      vertex 88.3205 80.8532 0
      vertex 88.3861 80.7438 9.55
      vertex 88.3861 80.7438 0
    endloop
  endfacet
  facet normal -0.242904 0.97005 0
    outer loop
      vertex 89.8444 80.222 0
      vertex 89.7206 80.191 9.55
      vertex 89.8444 80.222 9.55
    endloop
  endfacet
  facet normal -0.242904 0.97005 0
    outer loop
      vertex 89.7206 80.191 9.55
      vertex 89.8444 80.222 0
      vertex 89.7206 80.191 0
    endloop
  endfacet
  facet normal 0.98918 0.14671 0
    outer loop
      vertex 2.50144 6.64991 9.55
      vertex 2.42542 7.16247 2.4
      vertex 2.42542 7.16247 9.55
    endloop
  endfacet
  facet normal 0.98918 0.14671 0
    outer loop
      vertex 2.42542 7.16247 2.4
      vertex 2.50144 6.64991 9.55
      vertex 2.50144 6.64991 2.4
    endloop
  endfacet
  facet normal 0.970032 0.242976 0
    outer loop
      vertex 2.62734 6.14728 9.55
      vertex 2.50144 6.64991 2.4
      vertex 2.50144 6.64991 9.55
    endloop
  endfacet
  facet normal 0.970032 0.242976 0
    outer loop
      vertex 2.50144 6.64991 2.4
      vertex 2.62734 6.14728 9.55
      vertex 2.62734 6.14728 2.4
    endloop
  endfacet
  facet normal 0.998796 0.0490588 0
    outer loop
      vertex 2.42542 7.16247 9.55
      vertex 2.4 7.68 2.4
      vertex 2.4 7.68 9.55
    endloop
  endfacet
  facet normal 0.998796 0.0490588 0
    outer loop
      vertex 2.4 7.68 2.4
      vertex 2.42542 7.16247 9.55
      vertex 2.42542 7.16247 2.4
    endloop
  endfacet
  facet normal -0.0490616 0.998796 0
    outer loop
      vertex 78.1045 2.42542 2.4
      vertex 77.587 2.4 9.55
      vertex 78.1045 2.42542 9.55
    endloop
  endfacet
  facet normal -0.0490616 0.998796 0
    outer loop
      vertex 77.587 2.4 9.55
      vertex 78.1045 2.42542 2.4
      vertex 77.587 2.4 2.4
    endloop
  endfacet
  facet normal -1 0 0
    outer loop
      vertex 82.867 7.68 2.4
      vertex 82.867 69.586 9.55
      vertex 82.867 69.586 2.4
    endloop
  endfacet
  facet normal -1 -0 0
    outer loop
      vertex 82.867 69.586 9.55
      vertex 82.867 7.68 2.4
      vertex 82.867 7.68 9.55
    endloop
  endfacet
  facet normal 1 -0 0
    outer loop
      vertex 2.4 7.68 9.55
      vertex 2.4 69.586 2.4
      vertex 2.4 69.586 9.55
    endloop
  endfacet
  facet normal 1 0 0
    outer loop
      vertex 2.4 69.586 2.4
      vertex 2.4 7.68 9.55
      vertex 2.4 7.68 2.4
    endloop
  endfacet
  facet normal -0.0490231 -0.998798 0
    outer loop
      vertex 77.587 74.866 2.4
      vertex 78.1045 74.8406 9.55
      vertex 77.587 74.866 9.55
    endloop
  endfacet
  facet normal -0.0490231 -0.998798 -0
    outer loop
      vertex 78.1045 74.8406 9.55
      vertex 77.587 74.866 2.4
      vertex 78.1045 74.8406 2.4
    endloop
  endfacet
  facet normal 0 -1 0
    outer loop
      vertex 7.68 74.866 2.4
      vertex 18.4 74.866 9.55
      vertex 7.68 74.866 9.55
    endloop
  endfacet
  facet normal 0 -1 -0
    outer loop
      vertex 18.4 74.866 9.55
      vertex 7.68 74.866 2.4
      vertex 18.4 74.866 2.4
    endloop
  endfacet
  facet normal 0 -1 0
    outer loop
      vertex 67.9 74.866 2.4
      vertex 77.587 74.866 9.55
      vertex 67.9 74.866 9.55
    endloop
  endfacet
  facet normal 0 -1 -0
    outer loop
      vertex 77.587 74.866 9.55
      vertex 67.9 74.866 2.4
      vertex 77.587 74.866 2.4
    endloop
  endfacet
  facet normal 0 -1 0
    outer loop
      vertex 32.4 74.866 2.4
      vertex 55.9 74.866 9.55
      vertex 32.4 74.866 9.55
    endloop
  endfacet
  facet normal 0 -1 -0
    outer loop
      vertex 55.9 74.866 9.55
      vertex 32.4 74.866 2.4
      vertex 55.9 74.866 2.4
    endloop
  endfacet
  facet normal -0.989159 -0.146849 0
    outer loop
      vertex 82.8416 70.1035 2.4
      vertex 82.7655 70.6161 9.55
      vertex 82.7655 70.6161 2.4
    endloop
  endfacet
  facet normal -0.989159 -0.146849 0
    outer loop
      vertex 82.7655 70.6161 9.55
      vertex 82.8416 70.1035 2.4
      vertex 82.8416 70.1035 9.55
    endloop
  endfacet
  facet normal -0.998798 -0.0490231 0
    outer loop
      vertex 82.867 69.586 2.4
      vertex 82.8416 70.1035 9.55
      vertex 82.8416 70.1035 2.4
    endloop
  endfacet
  facet normal -0.998798 -0.0490231 0
    outer loop
      vertex 82.8416 70.1035 9.55
      vertex 82.867 69.586 2.4
      vertex 82.867 69.586 9.55
    endloop
  endfacet
  facet normal -0.595693 0.803212 0
    outer loop
      vertex 80.9366 3.5985 2.4
      vertex 80.5204 3.28983 9.55
      vertex 80.9366 3.5985 9.55
    endloop
  endfacet
  facet normal -0.595693 0.803212 0
    outer loop
      vertex 80.5204 3.28983 9.55
      vertex 80.9366 3.5985 2.4
      vertex 80.5204 3.28983 2.4
    endloop
  endfacet
  facet normal 0.671544 0.740964 -0
    outer loop
      vertex 4.33039 3.5985 2.4
      vertex 3.94646 3.94646 9.55
      vertex 4.33039 3.5985 9.55
    endloop
  endfacet
  facet normal 0.671544 0.740964 0
    outer loop
      vertex 3.94646 3.94646 9.55
      vertex 4.33039 3.5985 2.4
      vertex 3.94646 3.94646 2.4
    endloop
  endfacet
  facet normal 0.903987 -0.42756 0
    outer loop
      vertex 2.8019 71.6066 9.55
      vertex 3.02344 72.075 2.4
      vertex 3.02344 72.075 9.55
    endloop
  endfacet
  facet normal 0.903987 -0.42756 0
    outer loop
      vertex 3.02344 72.075 2.4
      vertex 2.8019 71.6066 9.55
      vertex 2.8019 71.6066 2.4
    endloop
  endfacet
  facet normal 0.998796 -0.0490616 0
    outer loop
      vertex 2.4 69.586 9.55
      vertex 2.42542 70.1035 2.4
      vertex 2.42542 70.1035 9.55
    endloop
  endfacet
  facet normal 0.998796 -0.0490616 0
    outer loop
      vertex 2.42542 70.1035 2.4
      vertex 2.4 69.586 9.55
      vertex 2.4 69.586 2.4
    endloop
  endfacet
  facet normal -0.671615 -0.7409 0
    outer loop
      vertex 80.9366 73.6675 2.4
      vertex 81.3205 73.3195 9.55
      vertex 80.9366 73.6675 9.55
    endloop
  endfacet
  facet normal -0.671615 -0.7409 -0
    outer loop
      vertex 81.3205 73.3195 9.55
      vertex 80.9366 73.6675 2.4
      vertex 81.3205 73.3195 2.4
    endloop
  endfacet
  facet normal -0.941578 0.336795 0
    outer loop
      vertex 82.4651 5.65943 2.4
      vertex 82.6396 6.14728 9.55
      vertex 82.6396 6.14728 2.4
    endloop
  endfacet
  facet normal -0.941578 0.336795 0
    outer loop
      vertex 82.6396 6.14728 9.55
      vertex 82.4651 5.65943 2.4
      vertex 82.4651 5.65943 9.55
    endloop
  endfacet
  facet normal 0 1 0
    outer loop
      vertex 77.587 2.4 9.55
      vertex 55 2.4 9.4
      vertex 28.8 2.4 9.55
    endloop
  endfacet
  facet normal 0 1 -0
    outer loop
      vertex 77.587 2.4 2.4
      vertex 55 2.4 9.4
      vertex 77.587 2.4 9.55
    endloop
  endfacet
  facet normal 0 1 0
    outer loop
      vertex 55 2.4 9.4
      vertex 77.587 2.4 2.4
      vertex 55 2.4 2.4
    endloop
  endfacet
  facet normal 0 1 -0
    outer loop
      vertex 39 2.4 9.4
      vertex 28.8 2.4 9.55
      vertex 55 2.4 9.4
    endloop
  endfacet
  facet normal 0 1 0
    outer loop
      vertex 28.8 2.4 2.4
      vertex 39 2.4 9.4
      vertex 39 2.4 2.4
    endloop
  endfacet
  facet normal 0 1 0
    outer loop
      vertex 39 2.4 9.4
      vertex 28.8 2.4 2.4
      vertex 28.8 2.4 9.55
    endloop
  endfacet
  facet normal 0.242976 0.970032 -0
    outer loop
      vertex 6.64991 2.50144 2.4
      vertex 6.14728 2.62734 9.55
      vertex 6.64991 2.50144 9.55
    endloop
  endfacet
  facet normal 0.242976 0.970032 0
    outer loop
      vertex 6.14728 2.62734 9.55
      vertex 6.64991 2.50144 2.4
      vertex 6.14728 2.62734 2.4
    endloop
  endfacet
  facet normal 0.740964 0.671544 0
    outer loop
      vertex 3.94646 3.94646 9.55
      vertex 3.5985 4.33039 2.4
      vertex 3.5985 4.33039 9.55
    endloop
  endfacet
  facet normal 0.740964 0.671544 0
    outer loop
      vertex 3.5985 4.33039 2.4
      vertex 3.94646 3.94646 9.55
      vertex 3.94646 3.94646 2.4
    endloop
  endfacet
  facet normal 0.941541 0.336898 0
    outer loop
      vertex 2.8019 5.65943 9.55
      vertex 2.62734 6.14728 2.4
      vertex 2.62734 6.14728 9.55
    endloop
  endfacet
  facet normal 0.941541 0.336898 0
    outer loop
      vertex 2.62734 6.14728 2.4
      vertex 2.8019 5.65943 9.55
      vertex 2.8019 5.65943 2.4
    endloop
  endfacet
  facet normal 0.857706 -0.514141 0
    outer loop
      vertex 3.02344 72.075 9.55
      vertex 3.28983 72.5194 2.4
      vertex 3.28983 72.5194 9.55
    endloop
  endfacet
  facet normal 0.857706 -0.514141 0
    outer loop
      vertex 3.28983 72.5194 2.4
      vertex 3.02344 72.075 9.55
      vertex 3.02344 72.075 2.4
    endloop
  endfacet
  facet normal 0.803212 -0.595693 0
    outer loop
      vertex 3.28983 72.5194 9.55
      vertex 3.5985 72.9356 2.4
      vertex 3.5985 72.9356 9.55
    endloop
  endfacet
  facet normal 0.803212 -0.595693 0
    outer loop
      vertex 3.5985 72.9356 2.4
      vertex 3.28983 72.5194 9.55
      vertex 3.28983 72.5194 2.4
    endloop
  endfacet
  facet normal 0.671587 -0.740926 0
    outer loop
      vertex 3.94646 73.3195 2.4
      vertex 4.33039 73.6675 9.55
      vertex 3.94646 73.3195 9.55
    endloop
  endfacet
  facet normal 0.671587 -0.740926 0
    outer loop
      vertex 4.33039 73.6675 9.55
      vertex 3.94646 73.3195 2.4
      vertex 4.33039 73.6675 2.4
    endloop
  endfacet
  facet normal 0.970029 -0.24299 0
    outer loop
      vertex 2.50144 70.6161 9.55
      vertex 2.62734 71.1187 2.4
      vertex 2.62734 71.1187 9.55
    endloop
  endfacet
  facet normal 0.970029 -0.24299 0
    outer loop
      vertex 2.62734 71.1187 2.4
      vertex 2.50144 70.6161 9.55
      vertex 2.50144 70.6161 2.4
    endloop
  endfacet
  facet normal 0.941552 -0.336867 0
    outer loop
      vertex 2.62734 71.1187 9.55
      vertex 2.8019 71.6066 2.4
      vertex 2.8019 71.6066 9.55
    endloop
  endfacet
  facet normal 0.941552 -0.336867 0
    outer loop
      vertex 2.8019 71.6066 2.4
      vertex 2.62734 71.1187 9.55
      vertex 2.62734 71.1187 2.4
    endloop
  endfacet
  facet normal 0.989181 -0.146698 0
    outer loop
      vertex 2.42542 70.1035 9.55
      vertex 2.50144 70.6161 2.4
      vertex 2.50144 70.6161 9.55
    endloop
  endfacet
  facet normal 0.989181 -0.146698 0
    outer loop
      vertex 2.50144 70.6161 2.4
      vertex 2.42542 70.1035 9.55
      vertex 2.42542 70.1035 2.4
    endloop
  endfacet
  facet normal -0.903942 -0.427655 0
    outer loop
      vertex 82.4651 71.6066 2.4
      vertex 82.2435 72.075 9.55
      vertex 82.2435 72.075 2.4
    endloop
  endfacet
  facet normal -0.903942 -0.427655 0
    outer loop
      vertex 82.2435 72.075 9.55
      vertex 82.4651 71.6066 2.4
      vertex 82.4651 71.6066 9.55
    endloop
  endfacet
  facet normal -0.59573 -0.803184 0
    outer loop
      vertex 80.5204 73.9762 2.4
      vertex 80.9366 73.6675 9.55
      vertex 80.5204 73.9762 9.55
    endloop
  endfacet
  facet normal -0.59573 -0.803184 -0
    outer loop
      vertex 80.9366 73.6675 9.55
      vertex 80.5204 73.9762 2.4
      vertex 80.9366 73.6675 2.4
    endloop
  endfacet
  facet normal -0.427655 -0.903942 0
    outer loop
      vertex 79.6076 74.4641 2.4
      vertex 80.076 74.2425 9.55
      vertex 79.6076 74.4641 9.55
    endloop
  endfacet
  facet normal -0.427655 -0.903942 -0
    outer loop
      vertex 80.076 74.2425 9.55
      vertex 79.6076 74.4641 2.4
      vertex 80.076 74.2425 2.4
    endloop
  endfacet
  facet normal 0.242976 -0.970032 0
    outer loop
      vertex 6.14728 74.6386 2.4
      vertex 6.64991 74.7645 9.55
      vertex 6.14728 74.6386 9.55
    endloop
  endfacet
  facet normal 0.242976 -0.970032 0
    outer loop
      vertex 6.64991 74.7645 9.55
      vertex 6.14728 74.6386 2.4
      vertex 6.64991 74.7645 2.4
    endloop
  endfacet
  facet normal 0.0490203 -0.998798 0
    outer loop
      vertex 7.16247 74.8406 2.4
      vertex 7.68 74.866 9.55
      vertex 7.16247 74.8406 9.55
    endloop
  endfacet
  facet normal 0.0490203 -0.998798 0
    outer loop
      vertex 7.68 74.866 9.55
      vertex 7.16247 74.8406 2.4
      vertex 7.68 74.866 2.4
    endloop
  endfacet
  facet normal 0.59573 -0.803184 0
    outer loop
      vertex 4.33039 73.6675 2.4
      vertex 4.74659 73.9762 9.55
      vertex 4.33039 73.6675 9.55
    endloop
  endfacet
  facet normal 0.59573 -0.803184 0
    outer loop
      vertex 4.74659 73.9762 9.55
      vertex 4.33039 73.6675 2.4
      vertex 4.74659 73.9762 2.4
    endloop
  endfacet
  facet normal -0.903946 0.427647 0
    outer loop
      vertex 82.2435 5.19102 2.4
      vertex 82.4651 5.65943 9.55
      vertex 82.4651 5.65943 2.4
    endloop
  endfacet
  facet normal -0.903946 0.427647 0
    outer loop
      vertex 82.4651 5.65943 9.55
      vertex 82.2435 5.19102 2.4
      vertex 82.2435 5.19102 9.55
    endloop
  endfacet
  facet normal -0.857713 0.51413 0
    outer loop
      vertex 81.9771 4.74659 2.4
      vertex 82.2435 5.19102 9.55
      vertex 82.2435 5.19102 2.4
    endloop
  endfacet
  facet normal -0.857713 0.51413 0
    outer loop
      vertex 82.2435 5.19102 9.55
      vertex 81.9771 4.74659 2.4
      vertex 81.9771 4.74659 9.55
    endloop
  endfacet
  facet normal -0.740926 0.671587 0
    outer loop
      vertex 81.3205 3.94646 2.4
      vertex 81.6685 4.33039 9.55
      vertex 81.6685 4.33039 2.4
    endloop
  endfacet
  facet normal -0.740926 0.671587 0
    outer loop
      vertex 81.6685 4.33039 9.55
      vertex 81.3205 3.94646 2.4
      vertex 81.3205 3.94646 9.55
    endloop
  endfacet
  facet normal -0.24299 0.970029 0
    outer loop
      vertex 79.1197 2.62734 2.4
      vertex 78.6171 2.50144 9.55
      vertex 79.1197 2.62734 9.55
    endloop
  endfacet
  facet normal -0.24299 0.970029 0
    outer loop
      vertex 78.6171 2.50144 9.55
      vertex 79.1197 2.62734 2.4
      vertex 78.6171 2.50144 2.4
    endloop
  endfacet
  facet normal 0.146696 0.989182 -0
    outer loop
      vertex 6.65962 2.5 2.4
      vertex 6.64991 2.50144 9.55
      vertex 6.65962 2.5 9.55
    endloop
  endfacet
  facet normal 0.146696 0.989182 0
    outer loop
      vertex 6.64991 2.50144 9.55
      vertex 6.65962 2.5 2.4
      vertex 6.64991 2.50144 2.4
    endloop
  endfacet
  facet normal 0.427553 0.90399 -0
    outer loop
      vertex 5.65943 2.8019 2.4
      vertex 5.19102 3.02344 9.55
      vertex 5.65943 2.8019 9.55
    endloop
  endfacet
  facet normal 0.427553 0.90399 0
    outer loop
      vertex 5.19102 3.02344 9.55
      vertex 5.65943 2.8019 2.4
      vertex 5.19102 3.02344 2.4
    endloop
  endfacet
  facet normal 0.803212 0.595693 0
    outer loop
      vertex 3.5985 4.33039 9.55
      vertex 3.28983 4.74659 2.4
      vertex 3.28983 4.74659 9.55
    endloop
  endfacet
  facet normal 0.803212 0.595693 0
    outer loop
      vertex 3.28983 4.74659 2.4
      vertex 3.5985 4.33039 9.55
      vertex 3.5985 4.33039 2.4
    endloop
  endfacet
  facet normal 0.740938 -0.671573 0
    outer loop
      vertex 3.5985 72.9356 9.55
      vertex 3.94646 73.3195 2.4
      vertex 3.94646 73.3195 9.55
    endloop
  endfacet
  facet normal 0.740938 -0.671573 0
    outer loop
      vertex 3.94646 73.3195 2.4
      vertex 3.5985 72.9356 9.55
      vertex 3.5985 72.9356 2.4
    endloop
  endfacet
  facet normal -0.146849 -0.989159 0
    outer loop
      vertex 78.1045 74.8406 2.4
      vertex 78.6171 74.7645 9.55
      vertex 78.1045 74.8406 9.55
    endloop
  endfacet
  facet normal -0.146849 -0.989159 -0
    outer loop
      vertex 78.6171 74.7645 9.55
      vertex 78.1045 74.8406 2.4
      vertex 78.6171 74.7645 2.4
    endloop
  endfacet
  facet normal -0.24299 -0.970029 0
    outer loop
      vertex 78.6171 74.7645 2.4
      vertex 79.1197 74.6386 9.55
      vertex 78.6171 74.7645 9.55
    endloop
  endfacet
  facet normal -0.24299 -0.970029 -0
    outer loop
      vertex 79.1197 74.6386 9.55
      vertex 78.6171 74.7645 2.4
      vertex 79.1197 74.6386 2.4
    endloop
  endfacet
  facet normal -0.336764 -0.941589 0
    outer loop
      vertex 79.1197 74.6386 2.4
      vertex 79.6076 74.4641 9.55
      vertex 79.1197 74.6386 9.55
    endloop
  endfacet
  facet normal -0.336764 -0.941589 -0
    outer loop
      vertex 79.6076 74.4641 9.55
      vertex 79.1197 74.6386 2.4
      vertex 79.6076 74.4641 2.4
    endloop
  endfacet
  facet normal -0.514013 -0.857782 0
    outer loop
      vertex 80.076 74.2425 2.4
      vertex 80.5204 73.9762 9.55
      vertex 80.076 74.2425 9.55
    endloop
  endfacet
  facet normal -0.514013 -0.857782 -0
    outer loop
      vertex 80.5204 73.9762 9.55
      vertex 80.076 74.2425 2.4
      vertex 80.5204 73.9762 2.4
    endloop
  endfacet
  facet normal -0.7409 -0.671615 0
    outer loop
      vertex 81.6685 72.9356 2.4
      vertex 81.3205 73.3195 9.55
      vertex 81.3205 73.3195 2.4
    endloop
  endfacet
  facet normal -0.7409 -0.671615 0
    outer loop
      vertex 81.3205 73.3195 9.55
      vertex 81.6685 72.9356 2.4
      vertex 81.6685 72.9356 9.55
    endloop
  endfacet
  facet normal -0.803277 -0.595606 0
    outer loop
      vertex 81.9771 72.5194 2.4
      vertex 81.6685 72.9356 9.55
      vertex 81.6685 72.9356 2.4
    endloop
  endfacet
  facet normal -0.803277 -0.595606 0
    outer loop
      vertex 81.6685 72.9356 9.55
      vertex 81.9771 72.5194 2.4
      vertex 81.9771 72.5194 9.55
    endloop
  endfacet
  facet normal -0.857697 -0.514155 0
    outer loop
      vertex 82.2435 72.075 2.4
      vertex 81.9771 72.5194 9.55
      vertex 81.9771 72.5194 2.4
    endloop
  endfacet
  facet normal -0.857697 -0.514155 0
    outer loop
      vertex 81.9771 72.5194 9.55
      vertex 82.2435 72.075 2.4
      vertex 82.2435 72.075 9.55
    endloop
  endfacet
  facet normal -0.941589 -0.336764 0
    outer loop
      vertex 82.6396 71.1187 2.4
      vertex 82.4651 71.6066 9.55
      vertex 82.4651 71.6066 2.4
    endloop
  endfacet
  facet normal -0.941589 -0.336764 0
    outer loop
      vertex 82.4651 71.6066 9.55
      vertex 82.6396 71.1187 2.4
      vertex 82.6396 71.1187 9.55
    endloop
  endfacet
  facet normal -0.970029 -0.24299 0
    outer loop
      vertex 82.7655 70.6161 2.4
      vertex 82.6396 71.1187 9.55
      vertex 82.6396 71.1187 2.4
    endloop
  endfacet
  facet normal -0.970029 -0.24299 0
    outer loop
      vertex 82.6396 71.1187 9.55
      vertex 82.7655 70.6161 2.4
      vertex 82.7655 70.6161 9.55
    endloop
  endfacet
  facet normal 0.146861 -0.989157 0
    outer loop
      vertex 6.64991 74.7645 2.4
      vertex 7.16247 74.8406 9.55
      vertex 6.64991 74.7645 9.55
    endloop
  endfacet
  facet normal 0.146861 -0.989157 0
    outer loop
      vertex 7.16247 74.8406 9.55
      vertex 6.64991 74.7645 2.4
      vertex 7.16247 74.8406 2.4
    endloop
  endfacet
  facet normal 0.427647 -0.903946 0
    outer loop
      vertex 5.19102 74.2425 2.4
      vertex 5.65943 74.4641 9.55
      vertex 5.19102 74.2425 9.55
    endloop
  endfacet
  facet normal 0.427647 -0.903946 0
    outer loop
      vertex 5.65943 74.4641 9.55
      vertex 5.19102 74.2425 2.4
      vertex 5.65943 74.4641 2.4
    endloop
  endfacet
  facet normal 0.336795 -0.941578 0
    outer loop
      vertex 5.65943 74.4641 2.4
      vertex 6.14728 74.6386 9.55
      vertex 5.65943 74.4641 9.55
    endloop
  endfacet
  facet normal 0.336795 -0.941578 0
    outer loop
      vertex 6.14728 74.6386 9.55
      vertex 5.65943 74.4641 2.4
      vertex 6.14728 74.6386 2.4
    endloop
  endfacet
  facet normal 0.513988 -0.857798 0
    outer loop
      vertex 4.74659 73.9762 2.4
      vertex 5.19102 74.2425 9.55
      vertex 4.74659 73.9762 9.55
    endloop
  endfacet
  facet normal 0.513988 -0.857798 0
    outer loop
      vertex 5.19102 74.2425 9.55
      vertex 4.74659 73.9762 2.4
      vertex 5.19102 74.2425 2.4
    endloop
  endfacet
  facet normal -0.989157 0.146861 0
    outer loop
      vertex 82.7655 6.64991 2.4
      vertex 82.8416 7.16247 9.55
      vertex 82.8416 7.16247 2.4
    endloop
  endfacet
  facet normal -0.989157 0.146861 0
    outer loop
      vertex 82.8416 7.16247 9.55
      vertex 82.7655 6.64991 2.4
      vertex 82.7655 6.64991 9.55
    endloop
  endfacet
  facet normal -0.803277 0.595606 0
    outer loop
      vertex 81.6685 4.33039 2.4
      vertex 81.9771 4.74659 9.55
      vertex 81.9771 4.74659 2.4
    endloop
  endfacet
  facet normal -0.803277 0.595606 0
    outer loop
      vertex 81.9771 4.74659 9.55
      vertex 81.6685 4.33039 2.4
      vertex 81.6685 4.33039 9.55
    endloop
  endfacet
  facet normal -0.42756 0.903987 0
    outer loop
      vertex 80.076 3.02344 2.4
      vertex 79.6076 2.8019 9.55
      vertex 80.076 3.02344 9.55
    endloop
  endfacet
  facet normal -0.42756 0.903987 0
    outer loop
      vertex 79.6076 2.8019 9.55
      vertex 80.076 3.02344 2.4
      vertex 79.6076 2.8019 2.4
    endloop
  endfacet
  facet normal -0.671573 0.740938 0
    outer loop
      vertex 81.3205 3.94646 2.4
      vertex 80.9366 3.5985 9.55
      vertex 81.3205 3.94646 9.55
    endloop
  endfacet
  facet normal -0.671573 0.740938 0
    outer loop
      vertex 80.9366 3.5985 9.55
      vertex 81.3205 3.94646 2.4
      vertex 80.9366 3.5985 2.4
    endloop
  endfacet
  facet normal -0.146698 0.989181 0
    outer loop
      vertex 78.6171 2.50144 2.4
      vertex 78.1045 2.42542 9.55
      vertex 78.6171 2.50144 9.55
    endloop
  endfacet
  facet normal -0.146698 0.989181 0
    outer loop
      vertex 78.1045 2.42542 9.55
      vertex 78.6171 2.50144 2.4
      vertex 78.1045 2.42542 2.4
    endloop
  endfacet
  facet normal -0.336867 0.941552 0
    outer loop
      vertex 79.6076 2.8019 2.4
      vertex 79.1197 2.62734 9.55
      vertex 79.6076 2.8019 9.55
    endloop
  endfacet
  facet normal -0.336867 0.941552 0
    outer loop
      vertex 79.1197 2.62734 9.55
      vertex 79.6076 2.8019 2.4
      vertex 79.1197 2.62734 2.4
    endloop
  endfacet
  facet normal 0.336898 0.941541 -0
    outer loop
      vertex 6.14728 2.62734 2.4
      vertex 5.65943 2.8019 9.55
      vertex 6.14728 2.62734 9.55
    endloop
  endfacet
  facet normal 0.336898 0.941541 0
    outer loop
      vertex 5.65943 2.8019 9.55
      vertex 6.14728 2.62734 2.4
      vertex 5.65943 2.8019 2.4
    endloop
  endfacet
  facet normal 0.595693 0.803212 -0
    outer loop
      vertex 4.74659 3.28983 2.4
      vertex 4.33039 3.5985 9.55
      vertex 4.74659 3.28983 9.55
    endloop
  endfacet
  facet normal 0.595693 0.803212 0
    outer loop
      vertex 4.33039 3.5985 9.55
      vertex 4.74659 3.28983 2.4
      vertex 4.33039 3.5985 2.4
    endloop
  endfacet
  facet normal -0.998798 0.0490203 0
    outer loop
      vertex 82.8416 7.16247 2.4
      vertex 82.867 7.68 9.55
      vertex 82.867 7.68 2.4
    endloop
  endfacet
  facet normal -0.998798 0.0490203 0
    outer loop
      vertex 82.867 7.68 9.55
      vertex 82.8416 7.16247 2.4
      vertex 82.8416 7.16247 9.55
    endloop
  endfacet
  facet normal -0.970032 0.242976 0
    outer loop
      vertex 82.6396 6.14728 2.4
      vertex 82.7655 6.64991 9.55
      vertex 82.7655 6.64991 2.4
    endloop
  endfacet
  facet normal -0.970032 0.242976 0
    outer loop
      vertex 82.7655 6.64991 9.55
      vertex 82.6396 6.14728 2.4
      vertex 82.6396 6.14728 9.55
    endloop
  endfacet
  facet normal -0.514141 0.857706 0
    outer loop
      vertex 80.5204 3.28983 2.4
      vertex 80.076 3.02344 9.55
      vertex 80.5204 3.28983 9.55
    endloop
  endfacet
  facet normal -0.514141 0.857706 0
    outer loop
      vertex 80.076 3.02344 9.55
      vertex 80.5204 3.28983 2.4
      vertex 80.076 3.02344 2.4
    endloop
  endfacet
  facet normal 0.514115 0.857721 -0
    outer loop
      vertex 5.19102 3.02344 2.4
      vertex 4.74659 3.28983 9.55
      vertex 5.19102 3.02344 9.55
    endloop
  endfacet
  facet normal 0.514115 0.857721 0
    outer loop
      vertex 4.74659 3.28983 9.55
      vertex 5.19102 3.02344 2.4
      vertex 4.74659 3.28983 2.4
    endloop
  endfacet
  facet normal 0.857721 0.514115 0
    outer loop
      vertex 3.28983 4.74659 9.55
      vertex 3.02344 5.19102 2.4
      vertex 3.02344 5.19102 9.55
    endloop
  endfacet
  facet normal 0.857721 0.514115 0
    outer loop
      vertex 3.02344 5.19102 2.4
      vertex 3.28983 4.74659 9.55
      vertex 3.28983 4.74659 2.4
    endloop
  endfacet
  facet normal 0.90399 0.427553 0
    outer loop
      vertex 3.02344 5.19102 9.55
      vertex 2.8019 5.65943 2.4
      vertex 2.8019 5.65943 9.55
    endloop
  endfacet
  facet normal 0.90399 0.427553 0
    outer loop
      vertex 2.8019 5.65943 2.4
      vertex 3.02344 5.19102 9.55
      vertex 3.02344 5.19102 2.4
    endloop
  endfacet
endsolid OpenSCAD_Model
